artists,album_name,track_name,duration_ms,explicit,danceability,energy,key,loudness,mode,speechiness,acousticness,instrumentalness,liveness,valence,tempo,time_signature,track_genre,
Adele,19,Make You Feel My Love,212040,FALSE,0.317,0.172,0,-10.636,1,0.0326,0.907,0.000383,0.105,0.0963,65.18,3,soul,
Fountains Of Wayne,Welcome Interstate Managers,Stacy's Mom,197986,FALSE,0.774,0.75,0,-4.927,0,0.0412,0.00207,1.78E-05,0.0808,0.927,118.015,4,power-pop,
Daddy Yankee;Bad Bunny,Vuelve,Vuelve,279613,FALSE,0.734,0.531,0,-5.662,1,0.0321,0.196,0,0.119,0.199,130.024,4,latino,
Billy Joel,The Stranger (Legacy Edition),Vienna,214240,FALSE,0.532,0.495,0,-6.662,1,0.0343,0.659,0,0.0754,0.308,124.936,4,singer-songwriter,
Dr. Dre;Eminem,2001,Forgot About Dre,222293,TRUE,0.924,0.74,0,-1.299,1,0.0774,0.0827,0,0.163,0.621,133.974,4,funk,
Bad Bunny;Daddy Yankee,YHLQMDLG,La Santa,206420,TRUE,0.744,0.868,0,-4.524,1,0.047,0.0326,0,0.0822,0.586,93.037,4,reggae,
Bad Bunny,Un Verano Sin Ti,Efecto,213061,FALSE,0.801,0.475,0,-8.797,0,0.0516,0.141,1.73E-05,0.0639,0.234,98.047,4,reggae,
Coolio;L.V.,Gangsta's Paradise,Gangsta's Paradise,240693,FALSE,0.647,0.514,0,-10.05,1,0.0593,0.0655,0,0.398,0.386,79.975,4,funk,
AC/DC,Highway to Hell,Highway to Hell,208400,FALSE,0.574,0.913,0,-4.793,0,0.133,0.061,0.00158,0.156,0.423,115.728,4,hard-rock,
The Offspring,Smash,Self Esteem,257826,FALSE,0.488,0.862,0,-7.595,1,0.0476,0.0204,0,0.359,0.706,104.56,4,ska,
Galantis;David Guetta;Little Mix,Heartbreak Anthem (with David Guetta & Little Mix),Heartbreak Anthem (with David Guetta & Little Mix),183725,FALSE,0.595,0.784,0,-4.878,1,0.102,0.216,0,0.0608,0.479,124.111,4,house,
Bad Bunny;Jhay Cortez,EL ÚLTIMO TOUR DEL MUNDO,DÁKITI,205090,TRUE,0.731,0.573,0,-10.059,0,0.0544,0.401,5.22E-05,0.113,0.145,109.928,4,reggae,
Scorpions,Comeblack,Still Loving You,403453,FALSE,0.282,0.605,0,-4.916,0,0.0294,0.0047,0.00144,0.103,0.0783,103.929,4,german,
Ellie Goulding,Delirium (Deluxe),"Love Me Like You Do - From ""Fifty Shades Of Grey""",252534,FALSE,0.262,0.606,0,-6.646,1,0.0484,0.247,0,0.125,0.275,189.857,4,electro,
Fujii Kaze,HELP EVER HURT NEVER,Shinunoga E-Wa,185573,FALSE,0.6,0.76,0,-6.124,0,0.0452,0.166,4.09E-05,0.189,0.519,158.078,4,j-pop,
bôa,Twilight,Duvet,203600,FALSE,0.583,0.888,0,-9.414,0,0.0349,0.191,4.58E-05,0.0936,0.706,93.206,4,indie-pop,
Chris Jedi;Anuel AA;Chencho Corleone;Ñengo Flow,La Llevo Al Cielo (Ft. Ñengo Flow),La Llevo Al Cielo (Ft. Ñengo Flow),254920,TRUE,0.795,0.845,0,-3.809,0,0.135,0.105,1.14E-05,0.172,0.769,170.023,4,reggaeton,
Rick James,Street Songs (Deluxe Edition),Super Freak,205466,FALSE,0.838,0.794,0,-8.245,0,0.0531,0.22,0,0.0575,0.962,132.446,4,soul,
Nio Garcia;Casper Magico;Bad Bunny;Darell;Ozuna;Nicky Jam,Te Boté (Remix),Te Boté - Remix,417920,TRUE,0.903,0.675,0,-3.445,0,0.214,0.542,1.28E-05,0.0595,0.442,96.507,4,reggaeton,
Jonas Blue;Why Don't We,Don’t Wake Me Up,Don’t Wake Me Up,188894,FALSE,0.621,0.747,0,-5.084,1,0.0337,0.222,0.000194,0.147,0.426,124.015,4,dance,
Sidhu Moose Wala;Sunny Malton,No Name,Never Fold (feat. Sunny Malton),183225,FALSE,0.814,0.786,0,-5.178,0,0.232,0.069,0,0.0976,0.797,93.025,4,hip-hop,
Anne-Marie,Speak Your Mind (Deluxe),2002,186986,FALSE,0.697,0.683,0,-2.881,0,0.117,0.0372,0,0.137,0.603,96.133,4,dance,
Bad Bunny,Un Verano Sin Ti,Neverita,173119,FALSE,0.876,0.498,0,-7.511,1,0.0478,0.0706,0,0.143,0.428,122.016,4,latin,
mazie,the rainbow cassette,dumb dumb,125256,FALSE,0.783,0.472,0,-8.392,1,0.0427,0.22,0.000458,0.0798,0.589,122.052,4,indie,
Drowning Pool,Sinner,Bodies,201960,FALSE,0.656,0.932,0,-3.405,0,0.0708,0.00347,0.00147,0.144,0.544,130.936,4,metal,
Måneskin,THE LONELIEST,THE LONELIEST,247067,FALSE,0.519,0.595,0,-5.001,1,0.0283,0.00151,0,0.0762,0.237,129.786,4,rock,
Aerosmith,Get A Grip,Crazy,316693,FALSE,0.37,0.866,0,-3.879,0,0.0384,0.0868,0,0.137,0.427,162.086,3,hard-rock,
Myke Towers;Jhay Cortez,Ande Con Quien Ande,Ande Con Quien Ande,208734,TRUE,0.825,0.736,0,-5.55,1,0.0913,0.0822,0,0.158,0.508,92.028,4,reggaeton,
NMIXX,ENTWURF,DICE,165746,FALSE,0.556,0.798,0,-3.331,1,0.254,0.0848,0,0.33,0.628,131.096,4,k-pop,
Capital Cities,In A Tidal Wave Of Mystery (Deluxe Edition),Safe And Sound,192789,FALSE,0.655,0.819,0,-4.852,1,0.0316,0.000176,0.00374,0.104,0.766,117.956,5,rock,
80purppp,Hex,Hex,122221,FALSE,0.845,0.398,0,-15.781,1,0.268,0.872,0.00713,0.159,0.482,109.996,4,chill,
Denise Julia,NVMD,NVMD,181224,TRUE,0.758,0.674,0,-4.533,1,0.108,0.0903,0,0.0902,0.424,97.977,4,chill,
A$AP Rocky;Skepta,TESTING,Praise The Lord (Da Shine) (feat. Skepta),205040,TRUE,0.854,0.569,0,-8.151,0,0.106,0.0609,0.0816,0.1,0.294,80.015,4,hip-hop,
SEVENTEEN,SEVENTEEN 9th Mini Album 'Attacca',Rock with you,180360,FALSE,0.621,0.816,0,-5.242,1,0.104,0.0966,0,0.134,0.694,163.966,4,k-pop,
salem ilese;TOMORROW X TOGETHER;Alan Walker,PS5 (with TOMORROW X TOGETHER & Alan Walker),PS5 (with TOMORROW X TOGETHER & Alan Walker),152214,FALSE,0.602,0.642,0,-5.404,0,0.211,0.0131,5.33E-06,0.0668,0.54,175.978,4,indie-pop,
El Alfa;Noriel;Trueno,LOS APARATOS,LOS APARATOS,232843,FALSE,0.868,0.878,0,-3.294,1,0.038,0.0509,0.00052,0.0857,0.899,112.987,4,latino,
Cigarettes After Sex,Cigarettes After Sex,K.,320030,FALSE,0.454,0.4,0,-10.261,1,0.0265,0.139,0.846,0.137,0.327,93.719,4,indie-pop,
Calvin Harris;Dua Lipa,One Kiss (with Dua Lipa),One Kiss (with Dua Lipa),214846,FALSE,0.791,0.862,0,-3.24,0,0.11,0.037,2.19E-05,0.0814,0.592,123.994,4,pop,
AP Dhillon;Gminxr;Gurinder Gill;Shinda Kahlon,Brown Munde,Brown Munde,254400,FALSE,0.854,0.611,0,-6.26,0,0.0864,0.223,0,0.119,0.417,100.024,4,hip-hop,
Kygo;Whitney Houston,Higher Love,Higher Love,228267,FALSE,0.693,0.678,0,-7.159,1,0.0324,0.0151,5.71E-06,0.101,0.404,103.952,4,edm,
Two Feet,Love Is a Bitch,Love Is a Bitch,181466,TRUE,0.532,0.178,0,-9.754,0,0.0541,0.614,0.14,0.0985,0.103,149.879,3,indie-pop,
XXXTENTACION,17,Everybody Dies In Their Nightmares,95466,TRUE,0.734,0.57,0,-7.066,0,0.133,0.847,2.14E-05,0.112,0.689,129.953,4,hip-hop,
Neon Trees,Picture Show,Everybody Talks,177280,FALSE,0.471,0.924,0,-3.906,1,0.0586,0.00301,0,0.313,0.725,154.961,4,alternative,
The Neighbourhood,Hard To Imagine The Neighbourhood Ever Changing,You Get Me So High,153000,FALSE,0.551,0.881,0,-6.099,0,0.0542,0.186,0.0791,0.152,0.387,88.036,4,rock,
Lauv,I met you when I was 18. (the playlist),I Like Me Better,197436,FALSE,0.752,0.505,0,-7.621,1,0.253,0.535,2.55E-06,0.104,0.419,91.97,4,pop,
Drake;Travis Scott,Certified Lover Boy,Fair Trade (with Travis Scott),291175,TRUE,0.666,0.465,0,-8.545,1,0.26,0.0503,0,0.215,0.292,167.937,4,hip-hop,
Phoebe Bridgers,Stranger in the Alps,Motion Sickness,229760,FALSE,0.651,0.546,0,-9.021,1,0.0357,0.774,0.0437,0.0842,0.623,107.021,4,indie,
Dhanush;Anirudh Ravichander,"Mayakkama Kalakkama (From ""Thiruchitrambalam"")","Mayakkama Kalakkama (From ""Thiruchitrambalam"")",142258,FALSE,0.789,0.536,0,-5.422,0,0.0424,0.604,2.09E-06,0.088,0.877,124.029,4,pop-film,
Becky Hill;David Guetta,Remember,Remember,160766,FALSE,0.612,0.862,0,-2.903,1,0.037,0.041,0,0.0907,0.354,123.849,4,house,
Radiohead,Pablo Honey,Creep,238640,TRUE,0.515,0.43,0,-9.935,1,0.0372,0.0097,0.000133,0.129,0.104,91.844,4,rock,
Yasser Desai;Neha Kakkar;Rajat Nagpal,"Dil Ko Karaar Aaya (From ""Sukoon"")","Dil Ko Karaar Aaya (From ""Sukoon"")",231486,FALSE,0.55,0.448,0,-9.117,1,0.0366,0.777,0.000459,0.111,0.388,147.986,4,pop,
Suki Waterhouse,Good Looking,Good Looking,214800,FALSE,0.377,0.558,0,-9.076,1,0.0299,0.0789,0.000342,0.125,0.267,149.971,3,indie-pop,
MEDUZA;Hozier,Tell It To My Heart,Tell It To My Heart,165524,FALSE,0.539,0.715,0,-6.639,0,0.0595,0.0265,0,0.609,0.489,123.854,4,electro,
Bad Bunny;Jhayco,DÁKITI,DÁKITI,205090,TRUE,0.731,0.573,0,-10.059,0,0.0544,0.401,5.22E-05,0.113,0.145,109.928,4,reggae,
Justin Quiles;Robin Schulz,AEIOU,AEIOU,161880,FALSE,0.689,0.856,0,-3.394,0,0.0813,0.0493,0,0.232,0.706,126.108,4,reggaeton,
Marshmello;Demi Lovato,OK Not To Be OK,OK Not To Be OK,159862,FALSE,0.743,0.837,0,-5.025,0,0.0649,0.0172,0,0.0743,0.263,103.072,4,dance,
Chuck Berry,Berry Is On Top,Johnny B. Goode,161560,FALSE,0.534,0.803,0,-9.129,1,0.0743,0.741,6.07E-05,0.307,0.969,167.983,4,rock-n-roll,
Taylor Swift,Lover,Lover,221306,FALSE,0.359,0.543,0,-7.582,1,0.0919,0.492,1.58E-05,0.118,0.453,68.534,4,pop,
Tiësto;Charli XCX,Hot In It,Hot In It,129817,FALSE,0.748,0.841,0,-5.08,1,0.177,0.00445,1.33E-06,0.0413,0.717,123.045,4,house,
Paloma Faith,A Perfect Contradiction (Outsiders' Expanded Edition),Only Love Can Hurt Like This,232893,FALSE,0.566,0.885,0,-4.528,1,0.0818,0.0958,9.97E-05,0.334,0.304,90.99,4,soul,
Armani White,BILLIE EILISH.,BILLIE EILISH.,99282,TRUE,0.9,0.509,0,-6.647,1,0.257,0.115,1.67E-06,0.0937,0.765,100.007,4,hip-hop,
My Chemical Romance,The Black Parade,Welcome to the Black Parade,311106,FALSE,0.217,0.905,0,-4.103,1,0.0752,0.000289,0.00011,0.222,0.236,96.95,4,punk,
Alice In Chains,Facelift,Man in the Box,285200,TRUE,0.355,0.791,0,-7.565,1,0.0453,0.00045,0,0.0969,0.758,106.392,4,grunge,
Felix Jaehn;Zoe Wees,Do It Better (feat. Zoe Wees),Do It Better (feat. Zoe Wees),170045,FALSE,0.677,0.804,0,-5.337,0,0.0677,0.0818,1.92E-05,0.158,0.41,122.111,4,german,
Dynoro;Gigi D'Agostino,In My Mind,In My Mind,184560,FALSE,0.694,0.77,0,-5.335,1,0.149,0.176,1.10E-05,0.118,0.163,125.905,4,house,
dhruv,rapunzel,double take,171743,FALSE,0.656,0.436,0,-11.141,1,0.0744,0.845,0,0.221,0.196,109.239,4,chill,
ASTN,Happier Than Ever,Happier Than Ever,109325,TRUE,0.667,0.457,0,-6.885,0,0.439,0.341,0,0.114,0.266,97.604,4,chill,
KAROL G,PROVENZA,PROVENZA,210200,FALSE,0.87,0.516,0,-8.006,1,0.0541,0.656,0.00823,0.11,0.53,111.005,4,reggae,
Ben E. King,Don't Play That Song (Mono),Stand by Me,180055,FALSE,0.65,0.306,0,-9.443,1,0.0393,0.57,7.07E-06,0.0707,0.605,118.068,4,rock-n-roll,
Tove Lo,Queen Of The Clouds,Habits (Stay High),209160,FALSE,0.733,0.65,0,-3.539,1,0.0315,0.0703,6.59E-05,0.0829,0.348,110.003,4,swedish,
Linkin Park,Hybrid Theory (Bonus Edition),Papercut,184866,FALSE,0.524,0.939,0,-3.994,1,0.113,0.00022,0,0.623,0.661,150.184,4,alternative,
The Chainsmokers;Daya,Don't Let Me Down,Don't Let Me Down,208373,FALSE,0.532,0.869,0,-5.094,1,0.172,0.157,0.00508,0.136,0.422,159.803,4,electro,
Becky G,Shower,Shower,206166,FALSE,0.699,0.529,0,-7.548,1,0.0487,0.0317,3.59E-05,0.285,0.121,119.987,4,latin,
Paloma Faith,A Perfect Contradiction (Outsiders' Expanded Edition),Only Love Can Hurt Like This,232893,FALSE,0.566,0.885,0,-4.528,1,0.0818,0.0958,9.97E-05,0.334,0.304,90.99,4,british,
Stray Kids,NOEASY,Thunderous,183266,FALSE,0.601,0.786,0,-3.706,1,0.234,0.213,0,0.209,0.79,172.156,4,k-pop,
Manuel Turizo,La Bachata,La Bachata,162637,FALSE,0.835,0.679,0,-5.329,0,0.0364,0.583,1.98E-06,0.218,0.85,124.98,4,reggaeton,
XXXTENTACION,?,SAD!,166605,TRUE,0.74,0.613,0,-4.88,1,0.145,0.258,0.00372,0.123,0.473,75.023,4,hip-hop,
Linkin Park,Meteora,Numb,185586,FALSE,0.496,0.863,0,-4.153,1,0.0381,0.0046,0,0.639,0.243,110.018,4,alternative,
Wisin & Yandel;Chris Brown;T-Pain,Líderes,Algo Me Gusta De Ti,274946,FALSE,0.627,0.768,0,-5.296,0,0.0325,0.00291,0,0.0598,0.237,127.953,4,latino,
George Ezra,Staying at Tamara's,Shotgun,201287,FALSE,0.673,0.735,0,-4.733,1,0.0457,0.286,0,0.242,0.754,115.744,4,singer-songwriter,
Imagine Dragons,Evolve,Thunder,187146,FALSE,0.605,0.822,0,-4.833,1,0.0438,0.00671,0.134,0.147,0.288,167.997,4,rock,
Billie Eilish,dont smile at me,idontwannabeyouanymore,203569,FALSE,0.483,0.412,0,-8.461,1,0.0402,0.737,0,0.116,0.247,170.163,3,electro,
Lauv;BTS,~how i'm feeling~,Who (feat. BTS),180413,FALSE,0.632,0.339,0,-7.983,0,0.0337,0.546,0,0.104,0.0969,141.642,3,electro,
Lil Tjay,True 2 Myself,F.N,224000,TRUE,0.567,0.515,0,-10.265,0,0.247,0.354,0,0.078,0.321,120.1,1,r-n-b,
Yot Club,Bipolar,YKWIM?,212750,FALSE,0.372,0.537,0,-7.623,1,0.0305,0.937,0.873,0.287,0.228,123.735,3,indie,
Jax,Victoria’s Secret,Victoria’s Secret,176124,TRUE,0.586,0.556,0,-7.639,1,0.0592,0.00655,0,0.0836,0.517,167.018,4,songwriter,
Jax Jones;MNEK,Where Did You Go (feat. MNEK),Where Did You Go? (feat. MNEK),177689,FALSE,0.763,0.782,0,-4.541,0,0.0346,0.182,7.08E-06,0.293,0.502,127.034,4,electro,
Lord Huron,Strange Trails,The Night We Met,208211,FALSE,0.544,0.369,0,-9.514,1,0.038,0.969,0.279,0.639,0.102,87.01,3,indie,
Queen,Jazz (2011 Remaster),Don't Stop Me Now - Remastered 2011,209413,FALSE,0.559,0.868,0,-5.276,1,0.17,0.0475,0.000176,0.776,0.609,156.295,4,rock,
Bryan Adams,Reckless (30th Anniversary / Deluxe Edition),Heaven,243360,FALSE,0.382,0.589,0,-7.315,0,0.0267,0.0465,0,0.122,0.335,140.059,4,singer-songwriter,
BLACKPINK,BORN PINK,Typa Girl,179172,TRUE,0.918,0.585,0,-7.781,1,0.0889,0.0627,0,0.624,0.519,131.966,4,k-pop,
beabadoobee,Beatopia,the perfect pair,177533,FALSE,0.634,0.663,0,-6.818,1,0.0331,0.433,0.124,0.102,0.6,146.053,4,indie-pop,
M.I.A.,Matangi,Bad Girls,227520,FALSE,0.639,0.912,0,-2.621,1,0.0615,0.00107,0,0.097,0.343,143.448,4,indie-pop,
Paramore,Paramore,Ain't It Fun,296520,FALSE,0.61,0.893,0,-3.681,1,0.0921,0.154,4.41E-05,0.021,0.673,104.031,4,emo,
Travis Scott;HVME,Goosebumps (Remix),Goosebumps - Remix,162802,TRUE,0.841,0.593,0,-7.846,1,0.0379,0.418,0,0.124,0.808,124.917,4,house,
Anuel AA;Daddy Yankee;KAROL G;J Balvin;Ozuna,China,China,301714,FALSE,0.786,0.808,0,-3.702,1,0.0882,0.0846,0.000289,0.0822,0.609,105.027,4,reggaeton,
Blur,Blur (Special Edition),Song 2 - 2012 Remaster,121160,FALSE,0.674,0.789,0,-6.903,1,0.0676,0.00178,0.00708,0.0753,0.918,129.802,4,alt-rock,
Rauw Alejandro,Todo De Ti,Todo De Ti,199604,TRUE,0.78,0.718,0,-3.605,0,0.0506,0.31,0.000163,0.0932,0.342,127.949,4,latino,
Vansire,Angel Youth,From the Subway Train,57370,FALSE,0.392,0.429,0,-10.279,0,0.0462,0.527,0.015,0.217,0.105,72.104,4,indie,
Yasser Desai;Neha Kakkar;Rajat Nagpal,"Dil Ko Karaar Aaya (From ""Sukoon"")","Dil Ko Karaar Aaya (From ""Sukoon"")",231486,FALSE,0.55,0.448,0,-9.117,1,0.0366,0.777,0.000459,0.111,0.388,147.986,4,pop-film,
OneRepublic,Sunshine,Sunshine,163854,FALSE,0.697,0.875,0,-4.621,1,0.034,0.137,0,0.28,0.774,140.069,4,rock,
Em Beihold,Numb Little Bug,Numb Little Bug,169237,FALSE,0.742,0.527,0,-6.892,0,0.0769,0.327,0,0.25,0.638,84.974,4,songwriter,
Nicki Minaj,Super Freaky Girl,Super Freaky Girl,170977,TRUE,0.95,0.891,0,-2.653,1,0.241,0.0645,1.77E-05,0.309,0.912,133.01,4,dance,
Chani Nattan;Inderpal Moga,Daku,Daku,131077,FALSE,0.847,0.558,0,-5.855,0,0.0663,0.325,0,0.135,0.495,98.062,4,hip-hop,
Piso 21;Manuel Turizo,Los Cachos,Los Cachos,212304,FALSE,0.774,0.73,0,-3.865,1,0.134,0.108,0,0.194,0.421,91.966,4,reggae,
Frank Ocean,Blonde,White Ferrari,248807,FALSE,0.501,0.0958,0,-15.605,1,0.0433,0.77,0,0.298,0.204,108.741,4,soul,
Jack Harlow,First Class,First Class,173947,TRUE,0.905,0.563,0,-6.135,1,0.102,0.0254,9.71E-06,0.113,0.324,106.998,4,hip-hop,
Selena Gomez & The Scene,When The Sun Goes Down,Who Says,195613,FALSE,0.682,0.927,0,-2.915,1,0.0479,0.0843,0,0.149,0.744,101.019,4,dance,
Clairo,Immunity,Bags,260519,FALSE,0.742,0.546,0,-7.694,1,0.0315,0.172,0.38,0.115,0.868,104.996,4,indie,
Pamungkas,Flying Solo,To the Bone,344571,FALSE,0.668,0.727,0,-6.55,0,0.027,0.514,1.90E-05,0.1,0.939,139.991,4,singer-songwriter,
Clean Bandit;Zara Larsson,What Is Love? (Deluxe Edition),Symphony (feat. Zara Larsson),212733,FALSE,0.715,0.605,0,-5.128,0,0.0428,0.239,1.41E-05,0.189,0.454,122.956,4,house,
JIN,Jirisan (Original Television Soundtrack) Pt. 4,Yours,264840,FALSE,0.488,0.427,0,-7.383,1,0.0382,0.354,0,0.0797,0.157,72.035,4,k-pop,
Twisted Sister,Stay Hungry,We're Not Gonna Take It,219666,FALSE,0.502,0.924,0,-6.299,1,0.0503,0.0127,0,0.162,0.922,149.186,4,metal,
Regard;Years & Years,Hallucination,Hallucination,174794,TRUE,0.687,0.788,0,-5.142,0,0.0352,0.0121,0,0.358,0.669,123.02,4,edm,
Paramore,This Is Why,This Is Why,207652,FALSE,0.723,0.737,0,-7.566,0,0.0386,0.00435,0.00261,0.116,0.689,123.039,4,punk,
Jimmy Eat World,Bleed American,The Middle,165853,FALSE,0.643,0.849,0,-5.428,1,0.0526,0.0371,0,0.058,0.903,162.152,4,punk,
Green Day,Nimrod,Good Riddance (Time of Your Life),153466,TRUE,0.475,0.432,0,-7.844,1,0.0302,0.183,0,0.161,0.648,94.605,4,punk,
ZAYN,Mind Of Mine (Deluxe Edition),PILLOWTALK,202746,TRUE,0.584,0.7,0,-4.275,1,0.0456,0.117,0,0.0939,0.438,124.944,4,dance,
The Animals,The Singles Plus,House of the Rising Sun,269906,FALSE,0.316,0.484,0,-9.11,0,0.0308,0.000334,0.00445,0.0912,0.299,117.363,3,psych-rock,
Luis Enrique,Ciclos,Yo No Sé Mañana,259853,FALSE,0.653,0.827,0,-3.206,0,0.042,0.649,0,0.18,0.733,95.223,4,salsa,
AP Dhillon;Gminxr;Gurinder Gill;Shinda Kahlon,Brown Munde,Brown Munde,254400,FALSE,0.854,0.611,0,-6.26,0,0.0864,0.223,0,0.119,0.417,100.024,4,pop,
Manuel Turizo,La Bachata,La Bachata,162637,FALSE,0.835,0.679,0,-5.329,0,0.0364,0.583,1.98E-06,0.218,0.85,124.98,4,latino,
Ice Cube,The Predator,It Was A Good Day,260000,TRUE,0.798,0.744,0,-5.328,0,0.136,0.33,0.000106,0.292,0.794,82.356,4,funk,
Red Velvet,‘The ReVe Festival 2022 - Feel My Rhythm’,Feel My Rhythm,210253,FALSE,0.412,0.94,0,-2.171,1,0.215,0.0648,0,0.358,0.423,157.964,4,k-pop,
All Time Low,"So Wrong, It's Right","Dear Maria, Count Me In",182826,FALSE,0.459,0.895,0,-3.126,1,0.0805,0.00725,0,0.206,0.572,181.04,4,punk-rock,
Arctic Monkeys,"Whatever People Say I Am, That's What I'm Not",I Bet You Look Good On The Dancefloor,173680,FALSE,0.535,0.948,0,-4.19,0,0.0356,0.00225,0,0.376,0.778,103.183,4,garage,
Manuel Turizo,La Bachata,La Bachata,162637,FALSE,0.835,0.679,0,-5.329,0,0.0364,0.583,1.98E-06,0.218,0.85,124.98,4,reggae,
Ben E. King,Don't Play That Song (Mono),Stand by Me,180055,FALSE,0.65,0.306,0,-9.443,1,0.0393,0.57,7.07E-06,0.0707,0.605,118.068,4,rock,
Guns N' Roses,Appetite For Destruction,Paradise City,405640,TRUE,0.273,0.952,0,-8.762,1,0.0843,0.0169,0.0111,0.142,0.472,100.271,4,rock,
Guns N' Roses,Appetite For Destruction,Welcome To The Jungle,273480,TRUE,0.453,0.987,0,-4.485,1,0.0889,0.0195,0.283,0.268,0.316,123.544,4,hard-rock,
Jason Derulo,Take You Dancing,Take You Dancing,190306,FALSE,0.789,0.711,0,-4.248,1,0.041,0.0332,0,0.0876,0.753,112.985,4,dance,
Felix Jaehn;The Stickmen Project;Calum Scott,Rain In Ibiza,Rain In Ibiza,141931,FALSE,0.654,0.898,0,-5.964,1,0.0413,0.0844,0.0347,0.316,0.722,123.996,4,german,
Nirvana,Nevermind (Remastered),Smells Like Teen Spirit,301920,FALSE,0.502,0.912,0,-4.556,1,0.0564,2.55E-05,0.000173,0.106,0.72,116.761,4,alternative,
Billy Joel,Piano Man (Legacy Edition),Piano Man,339000,FALSE,0.331,0.55,0,-6.483,1,0.0272,0.605,3.96E-06,0.192,0.429,177.734,3,folk,
The Offspring,Americana,The Kids Aren't Alright,180160,FALSE,0.523,0.943,0,-4.203,1,0.0337,0.00704,3.81E-05,0.0579,0.766,99.607,4,alt-rock,
Lauv;Troye Sivan,~how i'm feeling~,i'm so tired...,162586,FALSE,0.576,0.736,0,-7.572,1,0.224,0.178,0,0.238,0.484,101.928,4,dance,
OneRepublic,West Coast,West Coast,192947,FALSE,0.685,0.699,0,-7.803,0,0.0349,0.317,0,0.0895,0.884,134.057,4,piano,
Chord Overstreet,Hold On,Hold On,198853,FALSE,0.618,0.443,0,-9.681,1,0.0526,0.469,0,0.0829,0.167,119.949,4,acoustic,
Marshmello;Bastille,Happier,Happier,214289,FALSE,0.687,0.792,0,-2.749,1,0.0452,0.191,0,0.167,0.671,100.015,4,progressive-house,
Maluma,Sobrio,Sobrio,201180,FALSE,0.762,0.77,0,-2.758,1,0.223,0.138,0,0.15,0.631,177.998,4,latino,
Third Eye Blind,Third Eye Blind,Semi-Charmed Life,268360,FALSE,0.64,0.864,0,-6.576,1,0.0314,0.00832,0,0.123,0.701,102.026,4,grunge,
Slipknot,Vol. 3: The Subliminal Verses,Before I Forget,278600,FALSE,0.291,0.974,0,-2.997,0,0.171,0.0177,5.44E-06,0.886,0.348,134.724,4,alternative,
GANGGA,Blue Jeans,Blue Jeans,211483,FALSE,0.639,0.297,0,-11.18,1,0.0334,0.938,0.0839,0.18,0.292,113.989,3,singer-songwriter,
Mitski,Be the Cowboy,Nobody,193429,FALSE,0.398,0.717,0,-5.253,1,0.0398,0.07,0,0.085,0.487,117.296,4,indie-pop,
Daft Punk;Pharrell Williams;Nile Rodgers,Random Access Memories,Get Lucky (feat. Pharrell Williams & Nile Rodgers),369626,FALSE,0.81,0.793,0,-9.404,0,0.0403,0.0378,1.77E-06,0.072,0.863,116.05,4,electro,
Sigala;Talia Mar,Stay the Night,Stay the Night,171954,FALSE,0.636,0.936,0,-2.65,0,0.0729,0.177,0,0.0879,0.415,124.034,4,edm,
The Strokes,Room On Fire,Reptilia,219826,FALSE,0.489,0.649,0,-5.11,1,0.0336,0.000603,0.713,0.101,0.77,158.009,4,alt-rock,
Shania Twain,Come On Over,You're Still The One,212200,FALSE,0.585,0.494,0,-8.751,1,0.0353,0.363,0,0.0886,0.634,133.822,4,country,
Eminem;Dido,The Marshall Mathers LP,Stan,404106,TRUE,0.78,0.768,0,-4.325,0,0.238,0.0371,2.34E-06,0.518,0.507,80.063,4,hip-hop,
Måneskin,Teatro d'ira - Vol. I,I WANNA BE YOUR SLAVE,173346,TRUE,0.75,0.608,0,-4.008,1,0.0387,0.00165,0,0.178,0.958,132.507,4,indie-pop,
Mitski,Be the Cowboy,Nobody,193429,FALSE,0.398,0.717,0,-5.253,1,0.0398,0.07,0,0.085,0.487,117.296,4,indie,
Mild High Club,Skiptracing,Homage,177493,FALSE,0.546,0.465,0,-8.167,1,0.0287,0.153,0.00259,0.321,0.415,73.369,4,indie,
John Mayer,Continuum,Slow Dancing in a Burning Room,242000,FALSE,0.667,0.361,0,-8.69,0,0.0273,0.575,0.00506,0.0805,0.29,134.018,5,singer-songwriter,
Natti Natasha;Ozuna,Criminal,Criminal,232549,FALSE,0.814,0.813,0,-3.023,0,0.0561,0.03,9.33E-05,0.255,0.839,79.997,4,reggaeton,
The Neighbourhood,I Love You.,Sweater Weather,240400,FALSE,0.612,0.807,0,-2.81,1,0.0336,0.0495,0.0177,0.101,0.398,124.053,4,alternative,
Ariana Grande,Positions,positions,172324,TRUE,0.737,0.802,0,-4.771,1,0.0878,0.468,0,0.0931,0.682,144.015,4,pop,
The Neighbourhood,Wiped Out!,The Beach,255133,FALSE,0.245,0.64,0,-7.426,0,0.0608,0.131,8.11E-06,0.0766,0.105,135.739,4,rock,
Swedish House Mafia;The Weeknd,Paradise Again,Moth To A Flame (with The Weeknd),234000,FALSE,0.553,0.659,0,-7.295,1,0.0391,0.0027,0,0.105,0.105,120.146,4,progressive-house,
Bad Bunny;Chencho Corleone,Un Verano Sin Ti,Me Porto Bonito,178567,TRUE,0.911,0.712,0,-5.105,0,0.0817,0.0901,2.68E-05,0.0933,0.425,92.005,4,reggaeton,
benny blanco;Halsey;Khalid,Eastside (with Halsey & Khalid),Eastside (with Halsey & Khalid),173799,FALSE,0.56,0.68,0,-7.648,0,0.321,0.555,0,0.116,0.319,89.391,4,dance,
Grouplove,Never Trust a Happy Song,Tongue Tied,218013,FALSE,0.56,0.936,0,-5.835,1,0.0439,0.00847,0,0.161,0.371,112.96,4,indie,
Linkin Park,Hybrid Theory (Bonus Edition),Crawling,208960,FALSE,0.58,0.702,0,-5.565,1,0.0337,0.0466,3.20E-06,0.536,0.299,105.076,4,alternative,
Marshmello;CHVRCHES,Here With Me,Here With Me,156346,FALSE,0.791,0.565,0,-3.933,0,0.0439,0.0623,0,0.156,0.181,99.961,4,dance,
Nirvana,MTV Unplugged In New York,The Man Who Sold The World,261093,FALSE,0.483,0.753,0,-8.937,0,0.0832,0.425,0.000142,0.257,0.42,115.102,4,alternative,
Pearl Jam,Ten,Alive,340907,FALSE,0.284,0.875,0,-6.069,0,0.0422,0.00752,0.000461,0.402,0.595,75.009,4,alt-rock,
Galantis,Pharmacy,Runaway (U & I),227073,FALSE,0.506,0.805,0,-4.119,1,0.0469,0.00711,0.00193,0.0856,0.383,126.008,4,edm,
Calvin Harris;Disciples,How Deep is Your Love (feat. Disciples),How Deep is Your Love (feat. Disciples),212640,FALSE,0.738,0.868,0,-4.373,0,0.0731,0.0392,0.00169,0.388,0.336,122.003,4,house,
Ellie Goulding;Juice WRLD,Hate Me (with Juice WRLD),Hate Me (with Juice WRLD),186223,FALSE,0.657,0.768,0,-4.628,1,0.0507,0.108,0,0.144,0.759,75.025,4,edm,
Nio Garcia;J Balvin;Bad Bunny,AM Remix,AM Remix,261334,TRUE,0.743,0.655,0,-5.015,0,0.159,0.114,0,0.0764,0.785,172.031,4,reggaeton,
Korn,See You On the Other Side,Coming Undone,199773,FALSE,0.687,0.677,0,-4.172,1,0.0508,0.000643,0.000137,0.0564,0.545,75.052,4,metal,
Santhosh Narayanan;Anirudh Ravichander,"Thenmozhi (From ""Thiruchitrambalam"")","Thenmozhi (From ""Thiruchitrambalam"")",173225,FALSE,0.764,0.532,0,-5.979,0,0.0491,0.598,0,0.26,0.859,123.95,4,pop-film,
Ben E. King,Don't Play That Song (Mono),Stand by Me,180055,FALSE,0.65,0.306,0,-9.443,1,0.0393,0.57,7.07E-06,0.0707,0.605,118.068,4,soul,
The Neighbourhood,I Love You.,Afraid,251186,TRUE,0.464,0.701,0,-5.693,0,0.0411,0.00892,0.309,0.335,0.356,83.996,4,rock,
Frank Ocean,channel ORANGE,Lost,234093,TRUE,0.913,0.603,0,-4.892,1,0.226,0.0272,0.000503,0.167,0.497,123.061,4,soul,
Sinéad O'Connor,I Do Not Want What I Haven't Got,Nothing Compares 2 U,280040,FALSE,0.512,0.574,0,-7.016,1,0.0273,0.0425,2.31E-05,0.105,0.161,119.917,4,singer-songwriter,
Nelly Furtado,Loose,Say It Right,223080,FALSE,0.872,0.872,0,-6.328,1,0.139,0.0476,0.00112,0.0543,0.809,116.948,4,latin,
blink-182,blink-182,I Miss You,227250,FALSE,0.423,0.714,0,-8.295,1,0.045,0.00113,6.28E-06,0.0855,0.593,110.017,4,punk,
Bruno Mars;Anderson .Paak;Silk Sonic,An Evening With Silk Sonic,Leave The Door Open,242096,FALSE,0.586,0.616,0,-7.964,1,0.0324,0.182,0,0.0927,0.719,148.088,4,dance,
5 Seconds of Summer,13 Reasons Why (Season 3),Teeth,204887,FALSE,0.756,0.448,0,-2.993,0,0.0404,0.0508,3.87E-06,0.11,0.431,139.031,4,dance,
Sia;Diplo;Labrinth;LSD,"LABRINTH, SIA & DIPLO PRESENT... LSD","Genius (feat. Sia, Diplo, and Labrinth)",213706,FALSE,0.603,0.615,0,-4.931,0,0.165,0.0799,6.72E-05,0.117,0.561,158.657,4,dance,
Sech;Daddy Yankee;J Balvin;ROSALÍA;Farruko,Relación (Remix),Relación - Remix,247308,FALSE,0.793,0.771,0,-3.417,1,0.0959,0.0337,1.51E-06,0.284,0.835,171.943,4,reggaeton,
Yohani;Jubin Nautiyal;Tanishk Bagchi;Rashmi Virag;Surya Ragunaathan,"Manike (From ""Thank God"")","Manike (From ""Thank God"")",197473,FALSE,0.551,0.578,0,-7.005,0,0.0732,0.522,0,0.073,0.509,106.772,4,indie,
Travis Scott,ASTROWORLD,BUTTERFLY EFFECT,190557,FALSE,0.763,0.628,0,-5.85,1,0.05,0.0531,0,0.114,0.193,140.958,4,house,
Aerosmith,Toys In The Attic,Walk This Way,220400,FALSE,0.653,0.73,0,-10.613,1,0.043,0.0114,1.03E-05,0.0754,0.894,108.705,4,hard-rock,
La Quinta Estacion,Flores De Alquiler,El Sol No Regresa,228560,FALSE,0.615,0.878,0,-4.056,1,0.035,0.052,1.16E-06,0.326,0.72,127.906,4,spanish,
Van Morrison,Blowin' Your Mind!,Brown Eyed Girl,183306,FALSE,0.491,0.583,0,-10.964,1,0.0376,0.185,0,0.406,0.908,150.566,4,folk,
The 1975,I'm In Love With You,I'm In Love With You,262623,TRUE,0.668,0.902,0,-3.924,1,0.0386,0.169,8.74E-05,0.198,0.913,119.008,4,rock,
Two Feet,First Steps,Go Fuck Yourself,129599,TRUE,0.765,0.327,0,-8.029,1,0.277,0.571,0.0479,0.0787,0.292,74.931,4,indie-pop,
Elton John;Britney Spears,Hold Me Closer,Hold Me Closer,202245,FALSE,0.667,0.75,0,-4.602,1,0.0906,0.0746,0.000198,0.197,0.486,126.041,4,rock,
Cigarettes After Sex,Cigarettes After Sex,K.,320030,FALSE,0.454,0.4,0,-10.261,1,0.0265,0.139,0.846,0.137,0.327,93.719,4,indie,
The Strokes,Room On Fire,Reptilia,219826,FALSE,0.489,0.649,0,-5.11,1,0.0336,0.000603,0.713,0.101,0.77,158.009,4,garage,
Radiohead,The Bends,High and Dry,257480,FALSE,0.419,0.383,0,-11.782,1,0.0256,0.0724,0.0176,0.0896,0.35,87.568,4,alternative,
Chani Nattan;Inderpal Moga,Daku,Daku,131077,FALSE,0.847,0.558,0,-5.855,0,0.0663,0.325,0,0.135,0.495,98.062,4,pop,
ATB;Topic;A7S,Your Love (9PM),Your Love (9PM),150052,FALSE,0.669,0.784,0,-5.603,1,0.112,0.194,6.28E-06,0.115,0.517,125.993,4,trance,
Adele,Easy On Me,Easy On Me,224694,FALSE,0.604,0.366,0,-7.519,1,0.0282,0.578,0,0.133,0.13,141.981,4,british,
XXXTENTACION,?,NUMB,186267,FALSE,0.414,0.416,0,-8.024,0,0.0251,0.1,0.179,0.131,0.196,159.91,4,emo,
The Killers,Hot Fuss,Mr. Brightside,222973,FALSE,0.352,0.911,0,-5.23,1,0.0747,0.00121,0,0.0995,0.236,148.033,4,alternative,
Ed Sheeran,#ERROR!,Bad Habits,230746,FALSE,0.807,0.893,0,-3.745,0,0.0347,0.0451,2.79E-05,0.366,0.537,126.011,4,pop,
White Noise Baby Sleep;White Noise for Babies,Best White Noise for Baby Sleep - Loopable with No Fade,Clean White Noise - Loopable with no fade,90228,FALSE,0,0.00342,0,-28.46,1,0,0.791,1,0.111,0,0,0,sleep,
LE SSERAFIM,FEARLESS,FEARLESS,168437,FALSE,0.863,0.62,0,-7.167,1,0.135,0.0508,0.00324,0.129,0.432,103.971,4,k-pop,
Bill Withers,Menagerie,Lovely Day,254560,FALSE,0.692,0.651,0,-8.267,1,0.0324,0.292,0.00241,0.105,0.706,97.923,4,funk,
The Chainsmokers;Coldplay,Memories...Do Not Open,Something Just Like This,247160,FALSE,0.617,0.635,0,-6.769,0,0.0317,0.0498,1.44E-05,0.164,0.446,103.019,4,house,
salvia palth,melanchole,i was all over her,161462,FALSE,0.529,0.353,0,-12.835,1,0.0292,0.788,0.853,0.116,0.0601,104.557,4,emo,
Master KG;Nomcebo Zikode,Jerusalema,Jerusalema (feat. Nomcebo Zikode),342612,FALSE,0.88,0.483,0,-7.012,1,0.0505,0.0185,8.68E-06,0.0607,0.827,124.009,4,house,
Alessia Cara,Know-It-All,Scars To Your Beautiful,230240,FALSE,0.573,0.739,0,-5.74,1,0.129,0.0285,0,0.111,0.451,97.085,4,electro,
Christina Perri,A Thousand Years,A Thousand Years,285120,FALSE,0.421,0.407,0,-7.445,1,0.0267,0.309,0.000961,0.11,0.161,139.028,3,rock,
Sublime,Sublime,Santeria,182746,FALSE,0.682,0.765,0,-5.021,0,0.0395,0.0268,3.42E-05,0.188,0.567,90.807,4,ska,
Avenged Sevenfold,Hail to the King,Hail to the King,305906,FALSE,0.58,0.916,0,-4.358,0,0.0387,0.000297,0.0259,0.126,0.683,118.004,4,metal,
Becky G;KAROL G,MAMIII,MAMIII,226088,FALSE,0.843,0.7,0,-3.563,0,0.0803,0.0934,0,0.14,0.899,93.991,4,reggae,
Nicki Minaj,Queen Radio: Volume 1,Super Freaky Girl,170977,TRUE,0.951,0.878,0,-2.565,1,0.211,0.0509,1.61E-05,0.321,0.923,133.014,4,dance,
Christina Perri,A Thousand Years,A Thousand Years,285120,FALSE,0.421,0.407,0,-7.445,1,0.0267,0.309,0.000961,0.11,0.161,139.028,3,pop,
The White Stripes,Elephant,Seven Nation Army,232106,FALSE,0.743,0.446,0,-7.807,0,0.0683,0.0039,0.118,0.337,0.278,123.596,4,alternative,
3 Doors Down,Away From The Sun,Here Without You,238733,FALSE,0.557,0.533,0,-6.817,0,0.0252,0.0492,0,0.205,0.233,143.994,4,alternative,
My Chemical Romance,Three Cheers for Sweet Revenge,I'm Not Okay (I Promise),186480,TRUE,0.21,0.94,0,-3.427,1,0.123,0.00602,0,0.269,0.255,179.722,4,emo,
Tracy Chapman,Tracy Chapman,Baby Can I Hold You,193120,FALSE,0.692,0.422,0,-10.533,1,0.0333,0.0811,0,0.0848,0.468,74.375,4,singer-songwriter,
Roxette,It Must Have Been Love,"It Must Have Been Love - From the Film ""Pretty Woman""",258786,FALSE,0.52,0.652,0,-6.655,1,0.0274,0.34,5.49E-05,0.256,0.722,80.609,4,swedish,
Red Hot Chili Peppers,By the Way (Deluxe Edition),Can't Stop,269000,FALSE,0.618,0.938,0,-3.442,1,0.0456,0.0179,0,0.167,0.875,91.455,4,funk,
Don Henley,Building The Perfect Beast,The Boys Of Summer,288733,FALSE,0.516,0.549,0,-13.741,1,0.0373,0.501,0.00572,0.184,0.907,176.941,4,singer-songwriter,
Van Halen,1984 (Remastered),Panama - 2015 Remaster,210226,FALSE,0.526,0.978,0,-5.436,1,0.108,0.00122,4.75E-05,0.0744,0.451,141.167,4,metal,
Bill Withers,Just As I Am,Ain't No Sunshine,125093,FALSE,0.527,0.415,0,-11.451,0,0.122,0.457,1.72E-05,0.117,0.515,78.169,4,soul,
Sia,This Is Acting,Cheap Thrills,211666,FALSE,0.628,0.698,0,-5.608,0,0.105,0.0472,0.00143,0.0907,0.732,89.976,4,dance,
Labrinth,Euphoria (Original Score from the HBO Series),Still Don't Know My Name,153294,FALSE,0.316,0.63,0,-5.963,1,0.117,0.471,0.262,0.205,0.313,89.643,1,indie-pop,
Deftones,White Pony,Change (In the House of Flies),299533,FALSE,0.269,0.853,0,-4.647,0,0.0854,0.000249,0.000246,0.118,0.179,141.581,4,alt-rock,
Red Hot Chili Peppers,Stadium Arcadium,Snow (Hey Oh),334666,FALSE,0.427,0.9,0,-3.674,1,0.0499,0.116,1.75E-05,0.119,0.599,104.655,4,metal,
Bob Marley & The Wailers,Kaya,Is This Love,232200,FALSE,0.776,0.559,0,-8.375,0,0.103,0.11,0,0.0671,0.758,122.242,4,reggae,
"Earth, Wind & Fire;The Emotions",I Am,Boogie Wonderland,288293,FALSE,0.802,0.756,0,-10.791,0,0.0349,0.0843,0.00765,0.0521,0.963,131.715,4,jazz,
Marshmello;Bastille,Happier,Happier,214289,FALSE,0.687,0.792,0,-2.749,1,0.0452,0.191,0,0.167,0.671,100.015,4,edm,
Rauw Alejandro;Lyanno;Brray,LOKERA,LOKERA,195294,FALSE,0.834,0.828,0,-2.657,0,0.0452,0.21,5.91E-06,0.103,0.58,102.019,4,latino,
Clairo,Immunity,Sofia,188386,FALSE,0.744,0.619,0,-9.805,1,0.039,0.598,0.00372,0.231,0.641,112.997,4,indie-pop,
The Offspring,Americana,Pretty Fly (For A White Guy),188666,FALSE,0.723,0.895,0,-3.707,0,0.102,0.088,0,0.0717,0.963,143.373,4,punk,
Radiohead,OK Computer,No Surprises,229120,FALSE,0.255,0.393,0,-10.654,1,0.0278,0.0577,0.00361,0.113,0.118,76.426,4,rock,
Ty Dolla $ign;The Weeknd;Wiz Khalifa;Mustard,"Or Nah (feat. The Weeknd, Wiz Khalifa & DJ Mustard) [Remix]","Or Nah (feat. The Weeknd, Wiz Khalifa & DJ Mustard) - Remix",242983,TRUE,0.805,0.33,0,-8.712,0,0.1,0.22,0,0.105,0.211,121.97,4,soul,
Sasha Alex Sloan,Dancing With Your Ghost,Dancing With Your Ghost,197732,FALSE,0.629,0.328,0,-8.284,1,0.029,0.768,2.50E-05,0.103,0.389,74.953,4,electro,
Neil Diamond,Sweet Caroline,Sweet Caroline,203573,FALSE,0.529,0.127,0,-16.066,1,0.0274,0.611,0.000109,0.237,0.578,63.05,4,songwriter,
Pearl Jam,Ten,Even Flow,292580,FALSE,0.394,0.944,0,-6.506,0,0.0761,0.00178,4.54E-06,0.298,0.265,105.338,4,grunge,
Riton;Nightcrawlers;Mufasa & Hypeman;Dopamine,Friday (feat. Mufasa & Hypeman) [Dopamine Re-Edit],Friday (feat. Mufasa & Hypeman) - Dopamine Re-Edit,169153,FALSE,0.824,0.862,0,-3.424,1,0.126,0.0076,0.000132,0.303,0.801,122.98,4,edm,
K.Flay,Every Where Is Some Where,High Enough,231600,FALSE,0.606,0.62,0,-5.005,1,0.0298,0.0301,0.0916,0.167,0.543,88.984,4,electro,
Don McLean,American Pie,American Pie,516893,FALSE,0.531,0.481,0,-11.709,0,0.06,0.699,0,0.0842,0.491,138.45,4,songwriter,
grandson,Blood // Water,Blood // Water,216720,FALSE,0.51,0.882,0,-5.659,0,0.159,0.00158,0.00206,0.0764,0.653,154.029,4,alt-rock,
TWICE,Eyes Wide Open,I CAN'T STOP ME,205493,FALSE,0.657,0.88,0,-3.672,0,0.102,0.121,0,0.463,0.769,150.084,4,k-pop,
Wham!,LAST CHRISTMAS,Last Christmas,262960,FALSE,0.735,0.478,0,-12.472,1,0.0293,0.189,2.48E-06,0.355,0.947,107.682,4,disco,
Talking Heads,Talking Heads '77 (Deluxe Version),Psycho Killer - 2005 Remaster,261413,FALSE,0.721,0.521,0,-8.123,1,0.0613,0.0708,0.00545,0.127,0.942,123.118,4,punk,
Weezer,Weezer (Green Album),Island In The Sun,200306,FALSE,0.654,0.81,0,-6.26,0,0.0288,0.00719,0.00251,0.165,0.661,114.623,4,power-pop,
Blind Melon,Blind Melon,No Rain,217106,FALSE,0.389,0.476,0,-9.342,1,0.0316,0.619,5.09E-05,0.255,0.566,148.117,4,blues,
Tom Rosenthal,Z-Sides,Lights Are On,193749,FALSE,0.44,0.04,0,-16.887,1,0.0322,0.981,0.465,0.111,0.249,135.965,4,songwriter,
mazie,the rainbow cassette,dumb dumb,125256,FALSE,0.783,0.472,0,-8.392,1,0.0427,0.22,0.000458,0.0798,0.589,122.052,4,indie-pop,
Jhayco;Anuel AA,Timelezz,Ley Seca,263253,FALSE,0.759,0.842,0,-3.758,1,0.096,0.101,0,0.134,0.584,105.059,4,latino,
Eminem;Nate Dogg,The Eminem Show,Till I Collapse,297786,TRUE,0.548,0.847,0,-3.237,1,0.186,0.0622,0,0.0816,0.1,171.447,4,hip-hop,
Future;Drake;Tems,I NEVER LIKED YOU,WAIT FOR U (feat. Drake & Tems),189893,TRUE,0.463,0.642,0,-4.474,1,0.34,0.314,0,0.0686,0.339,83.389,4,hip-hop,
MC Mazzie;Mc Rd;DJ NpcSize;DJ Wizard,Ele Te Bota Soca Soca,Ele Te Bota Soca Soca,180927,TRUE,0.896,0.746,0,-5.174,1,0.072,0.108,1.19E-06,0.139,0.752,130.138,4,funk,
Marshmello;Demi Lovato,OK Not To Be OK,OK Not To Be OK,159862,FALSE,0.743,0.837,0,-5.025,0,0.0649,0.0172,0,0.0743,0.263,103.072,4,progressive-house,
Sara Kays,Remember That Night?,Remember That Night?,227186,FALSE,0.679,0.61,0,-10.936,0,0.0305,0.585,9.51E-05,0.156,0.554,123.978,4,indie-pop,
Jhayco;Anuel AA,Timelezz,Ley Seca,263253,FALSE,0.759,0.842,0,-3.758,1,0.096,0.101,0,0.134,0.584,105.059,4,reggaeton,
John Mayer,Continuum,Slow Dancing in a Burning Room,242000,FALSE,0.667,0.361,0,-8.69,0,0.0273,0.575,0.00506,0.0805,0.29,134.018,5,songwriter,
Kanishk Seth;Kavita Seth,"Rangisari (From ""Jugjugg Jeeyo"")","Rangisari (From ""Jugjugg Jeeyo"")",223271,FALSE,0.524,0.758,0,-9.28,1,0.0538,0.27,0.13,0.106,0.319,140.012,4,indian,
Bruce Springsteen,Born In The U.S.A.,Dancing In the Dark,241306,FALSE,0.527,0.942,0,-5.64,0,0.0366,0.0115,0,0.188,0.495,148.723,4,singer-songwriter,
BTS,MAP OF THE SOUL : 7,Filter,180220,FALSE,0.779,0.762,0,-5.188,0,0.0631,0.0224,0,0.121,0.859,110.043,4,k-pop,
Guns N' Roses,Appetite For Destruction,Sweet Child O' Mine,356066,TRUE,0.446,0.952,0,-5.321,1,0.0523,0.0901,0.0857,0.112,0.624,125.303,4,metal,
Tiësto;Ava Max,The Motto,The Motto,164818,FALSE,0.754,0.763,0,-4.627,0,0.0435,0.0301,2.23E-05,0.0901,0.464,117.953,4,dance,
Gorillaz;Kali Uchis,Humanz (Deluxe),She's My Collar (feat. Kali Uchis),209560,FALSE,0.726,0.815,0,-5.886,1,0.0313,0.00799,0.081,0.112,0.462,140.158,4,alternative,
ASTN,Happier Than Ever,Happier Than Ever,109325,TRUE,0.667,0.457,0,-6.885,0,0.439,0.341,0,0.114,0.266,97.604,4,soul,
Etta James,At Last!,At Last,179693,FALSE,0.274,0.348,0,-8.631,1,0.0293,0.547,0.0133,0.334,0.328,87.43,3,blues,
AJR,OK ORCHESTRA,World's Smallest Violin,180746,TRUE,0.68,0.697,0,-7.01,1,0.0484,0.121,0,0.661,0.684,116.033,4,rock,
Natti Natasha;Daddy Yankee;Wisin & Yandel,Mayor Que Usted,Mayor Que Usted,233519,FALSE,0.625,0.839,0,-4.824,0,0.0927,0.00762,2.35E-05,0.464,0.771,184.08,4,latino,
The Chainsmokers;Coldplay,Something Just Like This,Something Just Like This,247626,FALSE,0.607,0.649,0,-6.695,0,0.0362,0.0306,2.46E-05,0.174,0.505,102.996,4,house,
Bad Bunny;Buscabulla,Un Verano Sin Ti,Andrea,339611,TRUE,0.797,0.616,0,-10.229,0,0.375,0.762,0.000293,0.0979,0.451,103.071,4,reggaeton,
The Offspring,"Rise And Fall, Rage And Grace","You're Gonna Go Far, Kid",177826,TRUE,0.55,0.917,0,-3.159,1,0.0638,0.00428,0,0.197,0.601,126.115,4,metal,
Wisin & Yandel;Chris Brown;T-Pain,Líderes,Algo Me Gusta De Ti,274946,FALSE,0.627,0.768,0,-5.296,0,0.0325,0.00291,0,0.0598,0.237,127.953,4,reggaeton,
Maluma,Hawái,Hawái,200197,FALSE,0.787,0.728,0,-3.455,0,0.389,0.189,2.29E-05,0.0629,0.545,180.066,4,latino,
Bishop Briggs,Church Of Scars,River,216133,FALSE,0.733,0.477,0,-6.737,0,0.0687,0.302,2.97E-06,0.0579,0.545,62.507,4,electro,
Red Hot Chili Peppers,Stadium Arcadium,Dani California,282160,FALSE,0.556,0.913,0,-2.36,1,0.0437,0.0193,8.59E-06,0.346,0.73,96.184,4,alternative,
Clean Bandit;Zara Larsson,What Is Love? (Deluxe Edition),Symphony (feat. Zara Larsson),212733,FALSE,0.715,0.605,0,-5.128,0,0.0428,0.239,1.41E-05,0.189,0.454,122.956,4,funk,
Jonas Blue;JP Cooper,Blue,Perfect Strangers,196613,FALSE,0.73,0.861,0,-4.1,1,0.0451,0.39,0,0.213,0.704,117.965,4,dance,
Audioslave,Audioslave,Like a Stone,293960,FALSE,0.614,0.568,0,-5.477,0,0.0276,0.00797,0,0.0997,0.516,107.849,4,alt-rock,
Rob Zombie,Hellbilly Deluxe,Dragula,222826,FALSE,0.591,0.963,0,-6.489,0,0.0531,8.74E-05,0.000107,0.0781,0.609,125.03,4,hard-rock,
Lauv,I met you when I was 18. (the playlist),I Like Me Better,197436,FALSE,0.752,0.505,0,-7.621,1,0.253,0.535,2.55E-06,0.104,0.419,91.97,4,dance,
Cavetown,Animal Kingdom,Boys Will Be Bugs,329049,TRUE,0.486,0.528,0,-11.722,1,0.0463,0.00387,1.40E-05,0.106,0.452,178.519,4,indie-pop,
Aimer,残響散歌,残響散歌,184893,FALSE,0.367,0.896,0,-4.002,1,0.091,0.000627,0,0.207,0.38,170.863,4,j-pop,
Queen;David Bowie,Hot Space (2011 Remaster),Under Pressure - Remastered 2011,248440,FALSE,0.671,0.712,0,-7.815,1,0.0476,0.429,0,0.103,0.462,113.805,4,rock,
BANNERS,Where The Shadow Ends,Someone To You,219801,FALSE,0.52,0.903,0,-5.497,1,0.042,0.00517,0,0.254,0.652,74.988,4,indie,
Zedd;Maren Morris;BEAUZ,Make You Say,Make You Say,206000,FALSE,0.687,0.61,0,-4.713,0,0.0499,0.351,0,0.175,0.649,128.15,4,german,
Lil Tjay,True 2 Myself,Sex Sounds,162453,TRUE,0.857,0.427,0,-8.638,1,0.112,0.281,0,0.108,0.366,130.033,4,r-n-b,
BTS,Proof,Born Singer,238628,FALSE,0.602,0.841,0,-3.334,0,0.109,0.0354,0,0.235,0.684,157.937,4,k-pop,
MEDUZA;Alok;Goodboys,Piece Of Your Heart (Alok Remix),Piece Of Your Heart - Alok Remix,166451,FALSE,0.797,0.86,0,-4.38,0,0.0413,0.0312,0.0137,0.334,0.192,124.033,4,electro,
Wisin & Yandel;Chris Brown;T-Pain,Líderes,Algo Me Gusta De Ti,274946,FALSE,0.627,0.768,0,-5.296,0,0.0325,0.00291,0,0.0598,0.237,127.953,4,reggae,
Ariana Grande;Justin Bieber,Stuck with U,Stuck with U (with Justin Bieber),228482,FALSE,0.597,0.45,0,-6.658,1,0.0418,0.223,0,0.382,0.537,178.765,3,pop,
Tanishk Bagchi;Jubin Nautiyal;Asees Kaur,"Raataan Lambiyan (From ""Shershaah"")","Raataan Lambiyan (From ""Shershaah"")",230292,FALSE,0.72,0.63,0,-5.549,1,0.0413,0.615,0,0.108,0.512,81.009,4,pop,
Jack Stauber,Pop Food,Oh Klahoma,185223,FALSE,0.697,0.401,0,-10.216,1,0.0543,0.43,0.0109,0.316,0.478,108.996,4,indie,
Sia,Everyday Is Christmas (Deluxe Edition),Snowman,165906,FALSE,0.716,0.512,0,-6.257,1,0.0331,0.483,0,0.0928,0.326,104.957,3,dance,
Nio Garcia;Casper Magico;Bad Bunny;Darell;Ozuna;Nicky Jam,Te Boté (Remix),Te Boté - Remix,417920,TRUE,0.903,0.675,0,-3.445,0,0.214,0.542,1.28E-05,0.0595,0.442,96.507,4,latino,
J Balvin;Skrillex,In Da Getto,In Da Getto,131065,FALSE,0.915,0.72,0,-3.126,1,0.0459,0.025,1.42E-05,0.0942,0.631,126.986,4,reggae,
Wu-Tang Clan;Method Man;Raekwon;Inspectah Deck;Buddha Monk,Enter The Wu-Tang (36 Chambers) [Expanded Edition],"C.R.E.A.M. (Cash Rules Everything Around Me) (feat. Method Man, Raekwon, Inspectah Deck & Buddha Monk)",252186,TRUE,0.479,0.549,0,-10.551,0,0.373,0.57,0.0235,0.127,0.576,180.985,4,hardcore,
The Neighbourhood,Hard To Imagine The Neighbourhood Ever Changing,Reflections,244013,FALSE,0.648,0.594,0,-7.027,0,0.0293,0.114,0.0462,0.116,0.544,113.983,4,rock,
Bazzi,Soul Searching,Paradise,169038,TRUE,0.844,0.644,0,-6.273,0,0.0479,0.0828,0,0.113,0.591,122.061,4,electro,
"Earth, Wind & Fire",Raise!,Let's Groove,339320,FALSE,0.869,0.648,0,-8.698,0,0.0633,0.121,2.17E-05,0.126,0.9,125.035,4,funk,
Phantogram,Voices,Black Out Days,227160,FALSE,0.542,0.795,1,-3.63,0,0.0368,0.00506,0.019,0.0851,0.431,92.234,4,rock,
Jimmy Eat World,Bleed American,The Middle,165853,FALSE,0.643,0.849,1,-5.428,1,0.0526,0.0371,0,0.058,0.903,162.152,4,punk-rock,
Feid,FELIZ CUMPLEAÑOS FERXXO TE PIRATEAMOS EL ÁLBUM,Prohibidox,166253,FALSE,0.647,0.801,1,-2.946,0,0.249,0.0451,0,0.0628,0.517,180.108,4,reggae,
Bad Bunny,Un Verano Sin Ti,Tití Me Preguntó,243716,FALSE,0.65,0.715,1,-5.198,0,0.253,0.0993,0.000291,0.126,0.187,106.672,4,latin,
J Balvin;Skrillex,In Da Getto,In Da Getto,131065,FALSE,0.915,0.72,1,-3.126,1,0.0459,0.025,1.42E-05,0.0942,0.631,126.986,4,reggaeton,
Modjo,Modjo (Remastered),Lady - Hear Me Tonight,307153,FALSE,0.72,0.808,1,-5.627,1,0.0379,0.00793,0.0293,0.0634,0.869,126.041,4,disco,
Declan McKenna,What Do You Think About the Car?,Brazil,252306,FALSE,0.687,0.617,1,-5.213,1,0.0287,0.0941,1.27E-05,0.0898,0.665,121.079,4,indie-pop,
Wallows;Clairo,Nothing Happens,Are You Bored Yet? (feat. Clairo),178000,FALSE,0.682,0.683,1,-6.444,0,0.0287,0.156,2.32E-05,0.273,0.64,120.023,4,indie-pop,
Loud Luxury;Brando,Body,Body,163216,FALSE,0.752,0.764,1,-4.399,1,0.038,0.0476,9.44E-05,0.0543,0.582,121.958,4,house,
MEDUZA;James Carter;Elley Duhé;FAST BOY,Bad Memories (feat. Elley Duhé & FAST BOY),Bad Memories (feat. Elley Duhé & FAST BOY),148629,FALSE,0.607,0.767,1,-6.069,0,0.0474,0.118,0,0.122,0.662,123.998,3,edm,
Becky G,Shower,Shower,206166,FALSE,0.699,0.529,1,-7.548,1,0.0487,0.0317,3.59E-05,0.285,0.121,119.987,4,dance,
Lil Peep;XXXTENTACION,"Come Over When You're Sober, Pt. 2",Falling Down - Bonus Track,196400,TRUE,0.669,0.574,1,-6.442,0,0.0286,0.0175,0.00294,0.146,0.273,120.013,4,emo,
The Neighbourhood;Syd,Daddy Issues (Remix) feat. Syd,Daddy Issues (Remix) feat. Syd,181186,FALSE,0.623,0.533,1,-8.164,1,0.0653,0.245,0.00717,0.112,0.247,84.982,4,alternative,
Calvin Harris;Disciples,How Deep is Your Love (feat. Disciples),How Deep is Your Love (feat. Disciples),212640,FALSE,0.738,0.868,1,-4.373,0,0.0731,0.0392,0.00169,0.388,0.336,122.003,4,progressive-house,
Ricky Montgomery,Montgomery Ricky,Mr Loverman,216880,FALSE,0.639,0.526,1,-6.697,1,0.0256,0.245,2.43E-05,0.25,0.488,130.033,3,indie,
Rascal Flatts,Me And My Gang,Life is a Highway,276320,FALSE,0.582,0.952,1,-3.848,1,0.0731,0.00324,0,0.223,0.655,103.027,4,country,
Troye Sivan,Strawberries & Cigarettes,Strawberries & Cigarettes,201538,FALSE,0.578,0.537,1,-8.676,1,0.0832,0.162,0,0.076,0.25,83.909,4,pop,
Lil Nas X;Jack Harlow,INDUSTRY BABY (feat. Jack Harlow),INDUSTRY BABY (feat. Jack Harlow),212000,TRUE,0.736,0.704,1,-7.409,0,0.0615,0.0203,0,0.0501,0.894,149.995,4,pop,
Olivia Rodrigo,SOUR,deja vu,215506,TRUE,0.442,0.612,1,-7.222,1,0.112,0.584,5.70E-06,0.37,0.178,180.917,4,pop,
Badshah;Nikhita Gandhi,Jugnu,Jugnu,230400,FALSE,0.716,0.803,1,-5.14,0,0.0445,0.03,0,0.0817,0.325,124.961,4,hip-hop,
Elvis Presley,Elvis (Fool),Burning Love,170293,FALSE,0.66,0.748,1,-11.206,1,0.0284,0.0993,0.00585,0.283,0.972,143.549,4,rockabilly,
Aaron Smith;Luvli;Krono,Ibiza 2019,Dancin - Krono Remix,256000,FALSE,0.751,0.727,1,-9.789,0,0.0304,0.0442,0.0338,0.1,0.28,119.982,4,house,
Blackstreet;Dr. Dre;Queen Pen,Another Level,No Diggity,304600,FALSE,0.867,0.646,1,-4.674,0,0.288,0.303,0,0.279,0.67,88.634,4,soul,
Owl City;Carly Rae Jepsen,The Midsummer Station,Good Time,205933,FALSE,0.56,0.872,1,-4.269,1,0.14,0.0239,6.98E-06,0.371,0.682,126.05,4,indie-pop,
The Rare Occasions,Notion,Notion,195120,FALSE,0.309,0.883,1,-3.825,1,0.0808,0.0673,0.00111,0.0849,0.312,159.488,4,indie,
Justine Skye;Tyga,Collide (feat. Tyga),Collide (feat. Tyga),260169,TRUE,0.418,0.31,1,-9.869,0,0.0625,0.095,0,0.216,0.131,139.614,4,chill,
Guns N' Roses,Use Your Illusion I,November Rain,536066,FALSE,0.294,0.641,1,-9.316,1,0.0291,0.0163,0.22,0.112,0.226,79.759,4,metal,
Crystal Castles,(III),Transgender,184760,FALSE,0.522,0.914,1,-8.285,1,0.0379,0.000164,0.847,0.24,0.0364,137.939,3,indie,
Calvin Harris,18 Months,Feel So Close - Radio Edit,206413,FALSE,0.707,0.924,1,-2.842,1,0.031,0.000972,0.00703,0.204,0.919,127.937,4,house,
Shakira;Rihanna,Shakira. (Expanded Edition),Can't Remember to Forget You (feat. Rihanna),206866,FALSE,0.694,0.81,1,-3.556,0,0.0661,0.122,0,0.141,0.824,137.968,4,latin,
Nirvana,Nevermind (Remastered),Something In The Way,232146,FALSE,0.427,0.201,1,-13.044,1,0.0317,0.745,0.263,0.109,0.0668,105.218,4,alternative,
Marshmello;Bastille,Happier,Happier,214289,FALSE,0.687,0.792,1,-2.749,1,0.0452,0.191,0,0.167,0.671,100.015,4,pop,
Dua Lipa;DaBaby,Future Nostalgia,Levitating (feat. DaBaby),203064,FALSE,0.702,0.825,1,-3.787,0,0.0601,0.00883,0,0.0674,0.915,102.977,4,dance,
Pink Sweat$,PINK PLANET,At My Worst,170344,FALSE,0.813,0.415,1,-5.926,1,0.0349,0.777,0,0.131,0.667,91.921,4,soul,
Bryan Adams,Reckless (30th Anniversary / Deluxe Edition),Summer Of '69,216053,FALSE,0.508,0.834,1,-6.205,1,0.0386,0.0183,0,0.0732,0.774,139.131,4,rock,
Alok;Sigala;Ellie Goulding,All By Myself,All By Myself,171747,FALSE,0.662,0.848,1,-4.338,0,0.0346,0.0932,7.62E-06,0.241,0.773,123.041,4,house,
Tiësto;Ava Max,The Motto,The Motto,164818,FALSE,0.754,0.763,1,-4.627,0,0.0435,0.0301,2.23E-05,0.0901,0.464,117.953,4,edm,
3 Doors Down,Away From The Sun,Here Without You,238733,FALSE,0.557,0.533,1,-6.817,0,0.0252,0.0492,0,0.205,0.233,143.994,4,grunge,
Surfaces,Where the Light Is,Sunday Best,158571,FALSE,0.878,0.525,1,-6.832,1,0.0578,0.183,0,0.0714,0.694,112.022,4,soul,
Stevie Wonder,At The Close Of A Century,I Just Called To Say I Love You,262240,FALSE,0.748,0.551,1,-9.054,1,0.0239,0.243,1.57E-06,0.0943,0.65,113.535,4,funk,
Gesaffelstein;The Weeknd,Hyperion,Lost in the Fire (feat. The Weeknd),202093,TRUE,0.658,0.671,1,-12.21,1,0.0363,0.0933,0.000927,0.115,0.166,100.966,4,techno,
Clairo,Flaming Hot Cheetos,Flaming Hot Cheetos,123884,FALSE,0.817,0.551,1,-9.33,0,0.133,0.865,0.000151,0.101,0.142,109.966,4,indie-pop,
ATB;Topic;A7S,Your Love (9PM),Your Love (9PM),150052,FALSE,0.669,0.784,1,-5.603,1,0.112,0.194,6.28E-06,0.115,0.517,125.993,4,techno,
Little Mix,Glory Days (Expanded Edition),Power,247840,FALSE,0.566,0.855,1,-4.016,1,0.211,0.0372,0.000157,0.181,0.517,172.966,4,dance,
Robin Schulz;Francesco Yates,Sugar,Sugar (feat. Francesco Yates),219043,FALSE,0.636,0.815,1,-5.098,0,0.0581,0.0185,0,0.163,0.636,123.063,4,deep-house,
Clairo,Bubble Gum,Bubble Gum,175960,FALSE,0.509,0.0167,1,-24.639,1,0.115,0.979,2.72E-05,0.387,0.229,207.97,3,indie-pop,
The Neighbourhood;Syd,Daddy Issues (Remix) feat. Syd,Daddy Issues (Remix) feat. Syd,181186,FALSE,0.623,0.533,1,-8.164,1,0.0653,0.245,0.00717,0.112,0.247,84.982,4,rock,
Bad Bunny;Jowell & Randy;Ñengo Flow,YHLQMDLG,Safaera,295176,TRUE,0.607,0.829,1,-4.074,1,0.379,0.0103,0,0.107,0.685,96.172,4,latino,
Zion & Lennox;Maria Becerra,Berlin,Berlin,246061,FALSE,0.796,0.766,1,-4.237,1,0.0422,0.18,1.53E-06,0.164,0.846,121.008,4,latino,
The Clash,Combat Rock (Remastered),Should I Stay or Should I Go - Remastered,188986,FALSE,0.743,0.836,1,-6.465,1,0.116,0.0804,0,0.384,0.82,113.375,4,punk-rock,
Shakira;Maluma,El Dorado,Chantaje (feat. Maluma),195840,FALSE,0.852,0.773,1,-2.921,0,0.0776,0.187,3.05E-05,0.159,0.907,102.034,4,latin,
Owl City,Ocean Eyes,Fireflies,228346,FALSE,0.512,0.662,1,-6.797,1,0.0439,0.0275,0,0.118,0.472,180.114,4,indie,
Guns N' Roses,Appetite For Destruction,Sweet Child O' Mine,354520,TRUE,0.454,0.91,1,-7.766,1,0.0448,0.0866,0.0996,0.116,0.629,125.116,4,hard-rock,
Ritt Momney,Put Your Records On,Put Your Records On,210463,FALSE,0.399,0.491,1,-10.778,0,0.0538,0.0563,0.00089,0.11,0.151,91.066,4,indie-pop,
BTS,Proof,Butter,164952,FALSE,0.759,0.459,1,-5.187,1,0.0948,0.00323,0,0.0788,0.695,109.997,4,pop,
The Temptations,The Temptations Sing Smokey,My Girl,165000,FALSE,0.572,0.418,1,-10.738,1,0.0349,0.635,0,0.0961,0.694,104.566,4,soul,
SEVENTEEN,SEVENTEEN 4th Album Repackage 'SECTOR 17',CHEERS,181466,FALSE,0.74,0.848,1,-4.697,1,0.097,0.306,0,0.193,0.881,159.991,4,k-pop,
DJ Snake;Selena Gomez;Ozuna;Cardi B,"Taki Taki (with Selena Gomez, Ozuna & Cardi B)","Taki Taki (with Selena Gomez, Ozuna & Cardi B)",212500,TRUE,0.842,0.801,1,-4.167,0,0.228,0.157,4.82E-06,0.0642,0.617,95.881,4,pop,
Nickelback,Silver Side Up,How You Remind Me,223840,FALSE,0.446,0.764,1,-5.042,1,0.033,0.00135,0,0.099,0.543,172.094,4,grunge,
Yoke Lore,Goodpain,Beige,204208,FALSE,0.434,0.677,1,-7.535,1,0.119,0.384,0.0684,0.119,0.218,167.923,4,indie-pop,
Bad Bunny;Rauw Alejandro,Un Verano Sin Ti,Party,227628,FALSE,0.829,0.799,1,-5.389,1,0.0897,0.0151,0.000543,0.242,0.471,97.013,4,reggaeton,
Lost Frequencies;Calum Scott,Where Are You Now,Where Are You Now,148197,FALSE,0.671,0.636,1,-8.117,0,0.103,0.515,0.000411,0.172,0.262,120.966,4,house,
Molchat Doma,Этажи,Судно (Борис Рижий),141394,FALSE,0.484,0.75,1,-4.176,1,0.0685,0.697,0.862,0.105,0.467,159.992,4,indie,
Camila Cabello;Young Thug,Camila,Havana (feat. Young Thug),217306,FALSE,0.765,0.523,1,-4.333,1,0.03,0.184,3.56E-05,0.132,0.394,104.988,4,dance,
Cypress Hill,Black Sunday,Insane in the Brain,208266,TRUE,0.897,0.611,1,-10.489,1,0.211,0.0291,0.186,0.0894,0.769,102.304,4,hardcore,
Bad Bunny,Un Verano Sin Ti,Dos Mil 16,208615,FALSE,0.817,0.67,1,-6.534,1,0.0506,0.123,1.92E-06,0.128,0.495,130.058,3,latino,
Empire of the Sun,Walking On A Dream (10th Anniversary Edition),Walking On A Dream,198440,FALSE,0.871,0.701,1,-5.594,0,0.0458,0.257,7.52E-06,0.0589,0.716,126.975,4,alt-rock,
Camila Cabello;Ed Sheeran,Familia,Bam Bam (feat. Ed Sheeran),206070,FALSE,0.756,0.697,1,-6.377,1,0.0401,0.182,0,0.333,0.956,94.996,4,dance,
Eric Clapton,Slowhand 35th Anniversary (Super Deluxe),Wonderful Tonight,225026,FALSE,0.572,0.214,1,-15.625,1,0.0293,0.649,0.129,0.125,0.485,95.542,4,blues,
Arctic Monkeys,AM,I Wanna Be Yours,183956,FALSE,0.464,0.417,1,-9.345,0,0.0256,0.136,0.022,0.0974,0.479,67.528,4,indie,
Creedence Clearwater Revival,Pendulum (Expanded Edition),Have You Ever Seen The Rain,160133,FALSE,0.741,0.697,1,-7.028,1,0.0277,0.0664,2.28E-05,0.133,0.774,116.109,4,country,
Molchat Doma,Этажи,Судно (Борис Рижий),141394,FALSE,0.484,0.75,1,-4.176,1,0.0685,0.697,0.862,0.105,0.467,159.992,4,punk,
Deftones,Around the Fur,Be Quiet and Drive (Far Away),299866,FALSE,0.206,0.965,1,-5.116,1,0.079,9.91E-06,0.827,0.367,0.168,92.615,4,metal,
MEDUZA;Dermot Kennedy,Paradise,Paradise (feat. Dermot Kennedy),167903,FALSE,0.632,0.595,1,-7.644,0,0.0401,0.0689,0,0.209,0.435,124.114,4,edm,
Tracy Chapman,Tracy Chapman,Fast Car,296800,FALSE,0.711,0.292,1,-15.523,0,0.037,0.313,0,0.131,0.194,103.951,4,singer-songwriter,
Billie Eilish,Happier Than Ever,Happier Than Ever,298899,TRUE,0.332,0.225,1,-8.697,1,0.0348,0.767,0.00349,0.128,0.297,81.055,3,pop,
Lil Tjay;Polo G;Fivio Foreign,Destined 2 Win,Headshot (feat. Polo G & Fivio Foreign),144349,TRUE,0.808,0.639,1,-7.266,0,0.279,0.0802,0,0.15,0.395,118,4,r-n-b,
Zedd;Maren Morris;Grey,The Middle,The Middle,184732,FALSE,0.753,0.657,1,-3.061,1,0.0449,0.171,0,0.112,0.437,107.01,4,house,
Axwell /\ Ingrosso,More Than You Know,More Than You Know,203000,FALSE,0.646,0.741,1,-4.973,0,0.034,0.0275,0,0.312,0.571,123.077,4,edm,
Lykke Li,so sad so sexy,sex money feelings die,139840,TRUE,0.789,0.534,1,-6.347,0,0.0709,0.323,3.42E-06,0.0645,0.631,134.055,4,swedish,
Penelope Scott,Public Void,Rät,194165,TRUE,0.609,0.449,1,-13.291,0,0.249,0.326,0.000115,0.147,0.309,143.854,4,indie-pop,
Natti Natasha;Daddy Yankee;Wisin & Yandel,Mayor Que Usted,Mayor Que Usted,233519,FALSE,0.625,0.839,1,-4.824,0,0.0927,0.00762,2.35E-05,0.464,0.771,184.08,4,reggae,
Arctic Monkeys,AM,R U Mine?,201726,FALSE,0.288,0.758,1,-5.692,0,0.0371,0.00616,0,0.303,0.619,97.094,4,garage,
Bad Bunny,YHLQMDLG,A Tu Merced,175918,FALSE,0.86,0.791,1,-4.784,1,0.0568,0.169,0.000106,0.106,0.887,92.023,4,latino,
Lynyrd Skynyrd,Pronounced' Leh-'Nerd 'Skin-'Nerd,Free Bird,547106,FALSE,0.249,0.834,1,-8.21,1,0.0577,0.0738,9.48E-05,0.0924,0.338,118.223,4,country,
Marshmello;Khalid,Silence,Silence,180822,FALSE,0.52,0.761,1,-3.093,1,0.0853,0.256,4.96E-06,0.17,0.286,141.971,4,edm,
Pixies,Death to the Pixies,Where Is My Mind?,229226,FALSE,0.513,0.442,1,-13.529,1,0.0343,0.00731,0.000838,0.0878,0.243,81.201,4,alternative,
Red Hot Chili Peppers,Stadium Arcadium,Snow (Hey Oh),334666,FALSE,0.427,0.9,1,-3.674,1,0.0499,0.116,1.75E-05,0.119,0.599,104.655,4,alt-rock,
Slipknot,We Are Not Your Kind,Unsainted,260773,TRUE,0.427,0.946,1,-2.188,1,0.0469,0.000118,0.0253,0.0604,0.237,101.305,4,metal,
Camila Cabello;DaBaby,Romance,My Oh My (feat. DaBaby),170746,FALSE,0.724,0.491,1,-6.024,1,0.0296,0.018,1.29E-05,0.0887,0.383,105.046,4,dance,
Sam Smith,In The Lonely Hour,I'm Not The Only One,239316,FALSE,0.677,0.485,1,-5.795,1,0.0361,0.529,2.04E-05,0.0766,0.493,82.001,4,dance,
Jack Ü;Skrillex;Diplo;Justin Bieber,Skrillex and Diplo present Jack Ü,Where Are Ü Now (with Justin Bieber),250285,FALSE,0.432,0.781,1,-4.038,0,0.0567,0.041,4.21E-06,0.0789,0.197,139.432,4,edm,
The Offspring,"Rise And Fall, Rage And Grace","You're Gonna Go Far, Kid",177826,TRUE,0.55,0.917,1,-3.159,1,0.0638,0.00428,0,0.197,0.601,126.115,4,punk,
Feid;Yandel,FELIZ CUMPLEAÑOS FERXXO TE PIRATEAMOS EL ÁLBUM,XQ Te Pones Así,218693,FALSE,0.812,0.697,1,-3.441,1,0.0694,0.134,0,0.147,0.477,92.03,4,latino,
Deftones,Saturday Night Wrist,Cherry Waves,317706,FALSE,0.47,0.859,1,-3.663,1,0.0537,0.000362,0.00691,0.142,0.17,124.01,4,metal,
Britney Spears,Blackout,Gimme More,251240,FALSE,0.788,0.844,1,-3.131,1,0.0334,0.25,0.000678,0.0723,0.382,113.324,4,dance,
Elley Duhé,MIDDLE OF THE NIGHT,MIDDLE OF THE NIGHT,184447,FALSE,0.41,0.611,1,-8.271,0,0.0467,0.0228,0,0.116,0.0899,185.727,3,pop,
James Hype;Miggy Dela Rosa;Lazza,Ferrari (Remix),Ferrari - Remix,172000,FALSE,0.818,0.728,1,-5.705,0,0.0724,0.0985,0,0.0917,0.597,124.974,4,deep-house,
Joel Corry;RAYE;David Guetta,BED,BED,178087,FALSE,0.671,0.782,1,-4.593,1,0.0341,0.0142,0.00221,0.333,0.618,123.989,4,edm,
Maren Morris,GIRL,The Bones,197293,FALSE,0.612,0.57,1,-6.642,0,0.0347,0.278,0,0.0963,0.334,77.004,4,country,
MEDUZA;Becky Hill;Goodboys,Lose Control,Lose Control,168387,FALSE,0.598,0.526,1,-8.659,0,0.0415,0.129,0,0.14,0.529,123.935,4,edm,
The Notorious B.I.G.;Mase;Diddy,Life After Death (2014 Remastered Edition),Mo Money Mo Problems (feat. Puff Daddy & Mase) - 2014 Remaster,257399,TRUE,0.845,0.884,1,-4.506,0,0.0759,0.0128,2.10E-06,0.203,0.904,104.536,4,hardcore,
Guns N' Roses,Appetite For Destruction,Paradise City,405640,TRUE,0.273,0.952,1,-8.762,1,0.0843,0.0169,0.0111,0.142,0.472,100.271,4,hard-rock,
Alok;Sigala;Ellie Goulding,All By Myself,All By Myself,171747,FALSE,0.662,0.848,1,-4.338,0,0.0346,0.0932,7.62E-06,0.241,0.773,123.041,4,electro,
Walker Hayes,Country Stuff The Album,Fancy Like,161853,FALSE,0.647,0.765,1,-6.459,1,0.06,0.111,0,0.315,0.855,79.994,4,country,
Lauv;Troye Sivan,~how i'm feeling~,i'm so tired...,162586,FALSE,0.576,0.736,1,-7.572,1,0.224,0.178,0,0.238,0.484,101.928,4,electro,
Red Hot Chili Peppers,The Getaway,Dark Necessities,302000,FALSE,0.7,0.742,1,-6.777,0,0.0716,0.0722,0.0199,0.11,0.197,91.959,4,funk,
The Cure,Three Imaginary Boys,Boys Don't Cry,155973,FALSE,0.462,0.836,1,-5.766,0,0.0621,0.00517,0,0.18,0.671,168.766,4,punk,
Ellie Goulding;Speed Radio,Lights (Sped Up Version),Lights - Sped Up Version,190053,FALSE,0.653,0.836,1,-5.626,0,0.0457,0.0452,0.299,0.1,0.804,133.182,4,indie-pop,
JBee;Mixtape Madness,Next Up - S4-E2,"Next Up - S4-E2, Pt. 1",120839,TRUE,0.54,0.585,1,-7.563,0,0.309,0.198,0,0.147,0.516,100.289,3,chill,
Zedd;Maren Morris;BEAUZ,Make You Say,Make You Say,206000,FALSE,0.687,0.61,1,-4.713,0,0.0499,0.351,0,0.175,0.649,128.15,4,edm,
Eagles,Hotel California (2013 Remaster),Hotel California - 2013 Remaster,391376,FALSE,0.579,0.508,1,-9.484,1,0.027,0.00574,0.000494,0.0575,0.609,147.125,4,songwriter,
Farruko,Pepas,Pepas,287120,TRUE,0.762,0.766,1,-3.955,1,0.0343,0.00776,6.98E-05,0.128,0.442,130.001,4,latino,
Franz Ferdinand,Franz Ferdinand,Take Me Out,237026,FALSE,0.277,0.663,1,-8.821,0,0.0377,0.000409,0.00051,0.136,0.527,104.561,4,alt-rock,
Dhanush;Anirudh Ravichander,"Thaai Kelavi (From ""Thiruchitrambalam"")","Thaai Kelavi (From ""Thiruchitrambalam"")",258909,FALSE,0.661,0.92,1,-3.469,0,0.188,0.0352,1.40E-05,0.314,0.494,82.508,4,pop,
One Direction,FOUR (Deluxe),Steal My Girl,228133,FALSE,0.536,0.768,1,-5.948,0,0.0347,0.00433,0,0.114,0.545,77.217,4,pop,
Calvin Harris;Ellie Goulding,Motion,Outside (feat. Ellie Goulding),227266,FALSE,0.646,0.823,1,-4.123,0,0.0394,0.213,0,0.322,0.418,128.035,4,electro,
The Righteous Brothers,Just Once In My Life,Unchained Melody,218013,FALSE,0.339,0.208,1,-16.725,1,0.0308,0.396,0.000519,0.18,0.288,98.54,3,rock-n-roll,
blink-182,Take Off Your Pants And Jacket,First Date,171533,FALSE,0.579,0.928,1,-4.344,1,0.0411,0.000715,0,0.18,0.882,95.594,4,punk,
Sean Paul;Dua Lipa,Mad Love The Prequel,No Lie,221176,FALSE,0.742,0.882,1,-2.862,1,0.117,0.0466,0,0.206,0.463,102.04,4,dancehall,
Lil Nas X,MONTERO (Call Me By Your Name),MONTERO (Call Me By Your Name),137875,TRUE,0.61,0.508,1,-6.682,0,0.152,0.297,0,0.384,0.758,178.818,4,hip-hop,
George Harrison,All Things Must Pass (Remastered 2014),My Sweet Lord - Remastered 2014,281226,FALSE,0.537,0.701,1,-8.913,0,0.0335,0.0972,0,0.0832,0.583,120.919,4,folk,
Kerchak;Ziak,Peur (feat. Ziak),Peur (feat. Ziak),190213,TRUE,0.715,0.836,1,-4.972,1,0.366,0.203,0,0.0288,0.777,160.015,4,french,
Adele,21,Set Fire to the Rain,242973,FALSE,0.603,0.67,1,-3.882,0,0.0249,0.00408,1.68E-06,0.112,0.446,107.993,4,soul,
Phantogram;Future Islands,Black Out Days (Future Islands Remix),Black Out Days - Future Islands Remix,248346,FALSE,0.477,0.483,1,-9.413,0,0.0364,0.0027,0.783,0.156,0.123,170.026,4,rock,
Pantera,Vulgar Display of Power,Walk,315120,TRUE,0.43,0.704,1,-8.008,0,0.0804,0.000155,0.00221,0.0933,0.703,118.242,4,groove,
Bad Bunny,Un Verano Sin Ti,Un Ratito,176936,FALSE,0.787,0.546,1,-7.094,0,0.0532,0.305,4.55E-05,0.122,0.222,93.05,4,reggae,
The Beatles,Abbey Road (Remastered),Here Comes The Sun - Remastered 2009,185733,FALSE,0.557,0.54,1,-10.484,1,0.0347,0.0339,0.00248,0.179,0.394,129.171,4,rock,
Bella Poarch,Build a Bitch,Build a Bitch,122772,TRUE,0.855,0.463,1,-7.454,1,0.0367,0.217,1.77E-05,0.347,0.866,102.931,4,alternative,
Bad Bunny,Un Verano Sin Ti,Tití Me Preguntó,243716,FALSE,0.65,0.715,1,-5.198,0,0.253,0.0993,0.000291,0.126,0.187,106.672,4,latino,
Joel Corry;RAYE;David Guetta,BED,BED,178087,FALSE,0.671,0.782,1,-4.593,1,0.0341,0.0142,0.00221,0.333,0.618,123.989,4,house,
Daddy Yankee;Pitbull,LEGENDADDY,HOT,154493,TRUE,0.898,0.677,1,-6.422,0,0.243,0.0223,0,0.35,0.578,130.027,4,reggaeton,0.989
Shawn Mendes;Tainy,Summer Of Love,Summer of Love (Shawn Mendes & Tainy),184104,FALSE,0.776,0.808,1,-4.501,1,0.117,0.0297,0.000127,0.103,0.494,123.988,4,pop,
Chicago,Chicago X,If You Leave Me Now,235373,FALSE,0.434,0.563,1,-6.784,1,0.0268,0.0197,0.000824,0.128,0.275,104.183,4,singer-songwriter,
Paulo Londra;Ed Sheeran,Noche de Novela (feat. Ed Sheeran),Noche de Novela (feat. Ed Sheeran),191896,FALSE,0.522,0.585,1,-7.205,1,0.129,0.00208,0,0.0909,0.411,97.99,4,latino,
Anitta,Envolver,Envolver,193805,FALSE,0.812,0.736,1,-5.421,0,0.0833,0.152,0.00254,0.0914,0.396,91.993,4,funk,
Alejo;Feid;ROBI,Pantysito,Pantysito,240413,TRUE,0.83,0.739,1,-5.395,0,0.0627,0.136,2.11E-06,0.162,0.631,97.993,4,reggaeton,
vaultboy,everything sucks,everything sucks,115401,TRUE,0.76,0.371,1,-8.964,1,0.0531,0.00772,0,0.0785,0.653,138.023,4,pop,
Glass Animals,Dreamland,Heat Waves,238805,FALSE,0.761,0.525,1,-6.9,1,0.0944,0.44,6.70E-06,0.0921,0.531,80.87,4,pop,
Adele,21,Rolling in the Deep,228093,TRUE,0.73,0.769,1,-5.114,1,0.0298,0.138,0,0.0473,0.507,104.948,4,soul,
XXXTENTACION,17,Revenge,120026,TRUE,0.746,0.251,1,-16.169,0,0.259,0.782,0.00203,0.106,0.18,139.999,4,emo,
Bring Me The Horizon,sTraNgeRs,sTraNgeRs,195747,TRUE,0.346,0.939,1,-3.061,1,0.182,0.000231,0,0.433,0.526,183.147,3,metalcore,
Zedd;Alessia Cara,Stay,Stay,210090,FALSE,0.69,0.622,1,-5.025,0,0.0622,0.253,0,0.116,0.544,102.04,4,techno,
Elvis Presley,Blue Hawaii,Can't Help Falling in Love,182360,FALSE,0.396,0.293,1,-14.062,1,0.0275,0.941,0.000196,0.105,0.343,100.307,3,rock-n-roll,
Rammstein,Zeit,Armee der Tristen,205589,FALSE,0.447,0.901,1,-5.397,1,0.0491,0.000415,0.000103,0.225,0.334,86.01,4,industrial,
R.E.M.,Out Of Time (25th Anniversary Edition),Losing My Religion,268426,FALSE,0.666,0.855,1,-5.051,0,0.0295,0.179,1.20E-06,0.0987,0.803,125.639,4,alternative,
Tracy Chapman,Tracy Chapman,Fast Car,296800,FALSE,0.711,0.292,1,-15.523,0,0.037,0.313,0,0.131,0.194,103.951,4,songwriter,
Rammstein,Rammstein,Deutschland,322339,FALSE,0.521,0.895,1,-5.242,1,0.0442,5.54E-05,0.349,0.0985,0.237,120.117,4,german,
Arctic Monkeys,Favourite Worst Nightmare,Fluorescent Adolescent,183893,FALSE,0.654,0.828,1,-5.377,0,0.0281,0.00146,0.000144,0.122,0.79,112.056,4,indie,
Sufjan Stevens,Carrie & Lowell,Fourth of July,279316,FALSE,0.435,0.104,1,-22.39,0,0.0445,0.973,0.33,0.119,0.162,120.484,4,singer-songwriter,
Dua Lipa,Future Nostalgia,Levitating,203807,FALSE,0.695,0.884,1,-2.278,0,0.0753,0.0561,0,0.213,0.914,103.014,4,pop,
The Animals,The Singles Plus,House of the Rising Sun,269906,FALSE,0.316,0.484,1,-9.11,0,0.0308,0.000334,0.00445,0.0912,0.299,117.363,3,folk,
BLACKPINK,BORN PINK,Yeah Yeah Yeah,178923,FALSE,0.732,0.555,1,-7.902,0,0.034,0.00522,4.65E-06,0.0586,0.65,124.011,4,k-pop,
Arctic Monkeys,AM,Why'd You Only Call Me When You're High?,161123,FALSE,0.691,0.631,1,-6.478,1,0.0368,0.0483,1.13E-05,0.104,0.8,92.004,4,rock,
A1 x J1;Tion Wayne,Night Away (Dance) (feat. Tion Wayne),Night Away (Dance) (feat. Tion Wayne),175774,TRUE,0.706,0.552,1,-9.479,0,0.0833,0.235,0,0.144,0.835,142.037,4,chill,
Rauw Alejandro;Chencho Corleone,Desesperados,Desesperados,224996,TRUE,0.869,0.694,1,-3.35,0,0.0783,0.356,0.00125,0.0878,0.511,90.02,4,latino,
Felix Jaehn;Ray Dalton,Call It Love,Call It Love,154560,FALSE,0.616,0.841,1,-4.779,0,0.076,0.0559,0.00217,0.417,0.714,110.029,4,edm,
Lynyrd Skynyrd,Pronounced' Leh-'Nerd 'Skin-'Nerd,Simple Man,356626,FALSE,0.422,0.752,1,-8.682,1,0.0449,0.0366,0.000119,0.129,0.403,120.471,4,blues,
Dua Lipa;DaBaby,Levitating (feat. DaBaby),Levitating (feat. DaBaby),203064,FALSE,0.702,0.825,1,-3.787,0,0.0601,0.00883,0,0.0674,0.915,102.977,4,dance,
Europe,The Final Countdown (Expanded Edition),The Final Countdown,310333,FALSE,0.529,0.843,1,-6.908,0,0.0616,0.0628,0.000827,0.0608,0.188,117.662,4,hard-rock,
Etta James,At Last!,At Last,179693,FALSE,0.274,0.348,1,-8.631,1,0.0293,0.547,0.0133,0.334,0.328,87.43,3,jazz,
Etta James,At Last!,At Last,179693,FALSE,0.274,0.348,1,-8.631,1,0.0293,0.547,0.0133,0.334,0.328,87.43,3,soul,
Kate Bush,Hounds Of Love,Running Up That Hill (A Deal With God),298933,FALSE,0.629,0.547,1,-13.123,0,0.055,0.72,0.00314,0.0604,0.197,108.375,4,songwriter,
Shubh;Ikky,Baller,Baller,148188,FALSE,0.711,0.702,1,-10.048,1,0.233,0.00487,0.0163,0.0932,0.674,180.219,4,hip-hop,
Jasleen Royal;B Praak;Romy;Anvita Dutt,"Ranjha (From ""Shershaah"")","Ranjha (From ""Shershaah"")",228855,FALSE,0.603,0.573,1,-5.843,1,0.0502,0.478,0,0.0971,0.236,82.941,4,pop-film,
Vacations,Vibes,Young,189160,FALSE,0.498,0.81,1,-4.065,1,0.0263,0.00392,0.00717,0.0635,0.594,79.935,4,indie,
Surf Curse,Freaks,Freaks,147062,FALSE,0.345,0.941,1,-9.918,1,0.0466,3.84E-05,0.633,0.0511,0.407,179.626,4,indie-pop,
Feid,FELIZ CUMPLEAÑOS FERXXO TE PIRATEAMOS EL ÁLBUM,Normal,171880,TRUE,0.709,0.56,1,-4.867,0,0.171,0.034,0,0.315,0.541,170.082,4,latino,
Soundgarden,Superunknown (Deluxe Edition),Black Hole Sun,318586,FALSE,0.35,0.828,1,-5.373,1,0.041,0.000217,0.000161,0.0774,0.147,105.435,4,alt-rock,
Jeremy Zucker,"summer,",comethru,181613,FALSE,0.795,0.178,1,-11.991,1,0.0574,0.607,0,0.623,0.608,93.982,4,electro,
Tom Odell,Long Way Down (Deluxe),Another Love,244360,TRUE,0.445,0.537,1,-8.532,0,0.04,0.695,1.65E-05,0.0944,0.131,122.769,4,pop,
MEDUZA;Becky Hill;Goodboys,Lose Control,Lose Control,168387,FALSE,0.598,0.526,1,-8.659,0,0.0415,0.129,0,0.14,0.529,123.935,4,house,
Nio Garcia;Casper Magico;Bad Bunny;Darell;Ozuna;Nicky Jam,Te Boté (Remix),Te Boté - Remix,417920,TRUE,0.903,0.675,1,-3.445,0,0.214,0.542,1.28E-05,0.0595,0.442,96.507,4,reggae,
Calvin Harris;Dua Lipa;Young Thug,Potion (with Dua Lipa & Young Thug),Potion (with Dua Lipa & Young Thug),214459,TRUE,0.824,0.697,1,-4.869,0,0.0473,0.158,4.11E-05,0.077,0.757,99.988,4,electro,
Seafret,Atlantis,Atlantis - Extra Sped Up Version,190758,FALSE,0.471,0.561,1,-7.068,0,0.03,0.0472,1.91E-06,0.122,0.215,99.808,4,folk,
Bad Bunny;Jhayco,Un Verano Sin Ti,Tarot,237894,TRUE,0.795,0.684,1,-3.971,0,0.0419,0.0225,0,0.658,0.419,114.011,4,reggaeton,
dhruv,double take,double take,171743,FALSE,0.456,0.437,1,-11.156,1,0.0867,0.839,0,0.218,0.209,108.678,4,pop,
Cheat Codes;Russell Dickerson,I Remember,I Remember,168117,FALSE,0.57,0.737,1,-4.27,0,0.0685,0.0314,0,0.248,0.621,100.052,4,edm,
Kate Bush,Hounds Of Love,Running Up That Hill (A Deal With God),298933,FALSE,0.629,0.547,1,-13.123,0,0.055,0.72,0.00314,0.0604,0.197,108.375,4,rock,
DJ Snake;Ozuna;Megan Thee Stallion;LISA,"SG (with Ozuna, Megan Thee Stallion & LISA of BLACKPINK)","SG (with Ozuna, Megan Thee Stallion & LISA of BLACKPINK)",225600,TRUE,0.8,0.837,1,-2.807,0,0.0491,0.00406,0.00313,0.0904,0.702,100.015,4,electro,
AC/DC,Highway to Hell,Highway to Hell,208400,FALSE,0.574,0.913,1,-4.793,0,0.133,0.061,0.00158,0.156,0.423,115.728,4,rock,
The Animals,The Singles Plus,House of the Rising Sun,269906,FALSE,0.316,0.484,1,-9.11,0,0.0308,0.000334,0.00445,0.0912,0.299,117.363,3,british,
IVE,ELEVEN,ELEVEN,178453,FALSE,0.828,0.731,1,-3.033,1,0.111,0.0617,0,0.048,0.587,119.978,4,k-pop,
The Weeknd,"My Dear Melancholy,",Call Out My Name,228373,FALSE,0.461,0.593,1,-4.954,1,0.0356,0.17,0,0.307,0.175,134.17,3,pop,
Owl City,Ocean Eyes,Fireflies,228346,FALSE,0.512,0.662,1,-6.797,1,0.0439,0.0275,0,0.118,0.472,180.114,4,indie-pop,
Imagine Dragons,Evolve,Whatever It Takes,201240,FALSE,0.672,0.655,1,-5.021,0,0.0311,0.0362,0,0.117,0.556,134.945,4,rock,
Marshmello;Anne-Marie,FRIENDS,FRIENDS,202620,TRUE,0.626,0.88,1,-2.384,0,0.0504,0.205,0,0.128,0.534,95.079,4,electro,
Ghostemane,ANTI-ICON,Fed Up,151625,TRUE,0.849,0.758,1,-7.498,1,0.256,0.499,0.695,0.147,0.0684,115.058,4,hip-hop,
Calvin Harris;Justin Timberlake;Halsey;Pharrell Williams,"Stay With Me (with Justin Timberlake, Halsey, & Pharrell)","Stay With Me (with Justin Timberlake, Halsey, & Pharrell)",229282,FALSE,0.81,0.733,1,-6.338,1,0.0444,0.276,6.73E-06,0.288,0.9,125.975,4,house,
Amaarae;Kali Uchis;Moliy,SAD GIRLZ LUV MONEY Remix (feat. Kali Uchis and Moliy),SAD GIRLZ LUV MONEY Remix (feat. Kali Uchis and Moliy),204763,TRUE,0.87,0.523,1,-8.052,0,0.0602,0.433,2.07E-05,0.113,0.319,110.02,4,alternative,
a-ha,Hunting High and Low,Take on Me,225280,FALSE,0.573,0.902,1,-7.638,0,0.054,0.018,0.00125,0.0928,0.876,84.412,4,synth-pop,
Zara Larsson,So Good,Lush Life,201122,FALSE,0.694,0.712,1,-3.923,0,0.046,0.132,0,0.211,0.799,98.023,4,house,
Felix Jaehn;Zoe Wees,Do It Better (feat. Zoe Wees),Do It Better (feat. Zoe Wees),170045,FALSE,0.677,0.804,1,-5.337,0,0.0677,0.0818,1.92E-05,0.158,0.41,122.111,4,house,
Sidhu Moose Wala,The Last Ride,The Last Ride,262247,FALSE,0.792,0.647,1,-5.447,0,0.334,0.0299,0,0.119,0.638,89.029,4,pop,
Paramore,After Laughter,Hard Times,182693,FALSE,0.695,0.818,1,-5.379,0,0.0334,0.00647,4.87E-06,0.0219,0.916,119.965,4,emo,
Bad Bunny,Yonaguni,Yonaguni,206710,TRUE,0.644,0.648,1,-4.601,1,0.118,0.276,0,0.135,0.44,179.951,4,reggae,
Melanie Martinez,Cry Baby (Deluxe Edition),Play Date,179867,TRUE,0.68,0.729,1,-5.077,1,0.0475,0.612,0,0.224,0.446,123.97,4,electro,
Olivia O'Brien,hate u love u,hate u love u,175466,FALSE,0.407,0.416,1,-8.915,0,0.174,0.656,0,0.0981,0.246,176.947,4,electro,
"Earth, Wind & Fire","The Best Of Earth, Wind & Fire Vol. 1",September,215093,FALSE,0.697,0.832,1,-7.264,1,0.0298,0.168,0.00131,0.269,0.979,125.926,4,jazz,
Lizzo,About Damn Time,About Damn Time,191822,TRUE,0.836,0.743,1,-6.305,0,0.0656,0.0995,0,0.335,0.722,108.966,4,hip-hop,
Elton John;Britney Spears,Hold Me Closer,Hold Me Closer,202245,FALSE,0.667,0.75,1,-4.602,1,0.0906,0.0746,0.000198,0.197,0.486,126.041,4,piano,
Metallica,Garage Inc.,Whiskey In The Jar,304693,FALSE,0.511,0.97,1,-3.72,1,0.0414,5.60E-06,0.00136,0.18,0.566,132.986,4,metal,
Joan Jett & the Blackhearts,I Love Rock 'N' Roll (Expanded Edition),I Love Rock 'N Roll,175173,FALSE,0.535,0.716,1,-5.025,1,0.0431,0.326,0,0.659,0.901,94.379,4,punk-rock,
MGMT,Oracular Spectacular,Kids,302840,FALSE,0.451,0.931,1,-3.871,1,0.0719,0.00076,0.0049,0.361,0.172,122.961,4,alt-rock,
Mild High Club,Skiptracing,Homage,177493,FALSE,0.546,0.465,1,-8.167,1,0.0287,0.153,0.00259,0.321,0.415,73.369,4,psych-rock,
Mac DeMarco,Salad Days,Chamber Of Reflection,231723,FALSE,0.538,0.557,1,-8.678,1,0.0914,0.262,0.914,0.102,0.506,131.03,4,indie,
Troye Sivan,Strawberries & Cigarettes,Strawberries & Cigarettes,201538,FALSE,0.578,0.537,1,-8.676,1,0.0832,0.162,0,0.076,0.25,83.909,4,dance,
Jimi Hendrix,Electric Ladyland,All Along the Watchtower,240800,FALSE,0.438,0.805,1,-6.237,1,0.0624,0.00255,5.69E-05,0.0842,0.564,113.253,4,metal,
Maluma,11:11,11:00 PM,175733,FALSE,0.777,0.712,1,-4.84,1,0.277,0.217,0,0.091,0.68,95.692,4,reggaeton,
Marshmello;Khalid,Numb,Numb,155588,FALSE,0.912,0.774,1,-4.673,0,0.0455,0.121,0.0127,0.101,0.632,119.966,4,dance,
The Weeknd,After Hours,Save Your Tears,215626,TRUE,0.68,0.826,1,-5.487,1,0.0309,0.0212,1.24E-05,0.543,0.644,118.051,4,pop,
Nicky Jam,Sin Novia,Sin Novia,188411,FALSE,0.747,0.752,1,-5.324,1,0.0417,0.116,0,0.128,0.512,106.97,4,latino,
De La Ghetto;Rauw Alejandro,Loco Por Perrearte (Remix),Loco Por Perrearte - Remix,199148,TRUE,0.848,0.673,1,-4.034,0,0.058,0.0147,0.00652,0.102,0.39,93.987,4,reggaeton,
Her's,Songs of Her's,What Once Was,255067,FALSE,0.526,0.877,1,-4.369,0,0.033,0.172,0.0108,0.223,0.436,145.568,3,indie,
Kendrick Lamar,DAMN.,HUMBLE.,177000,TRUE,0.908,0.621,1,-6.638,0,0.102,0.000282,5.39E-05,0.0958,0.421,150.011,4,hip-hop,
Rauw Alejandro;Chencho Corleone,VICE VERSA,Desesperados,224996,TRUE,0.869,0.694,1,-3.35,0,0.0783,0.356,0.00125,0.0878,0.511,90.02,4,latino,
Topic;A7S,Kernkraft 400 (A Better Day),Kernkraft 400 (A Better Day),165800,FALSE,0.623,0.727,1,-5.57,0,0.0562,0.184,2.02E-05,0.309,0.4,125.975,4,edm,
Lauren Spencer Smith,Flowers,Flowers,157373,TRUE,0.684,0.449,1,-9.738,1,0.611,0.869,0,0.0881,0.341,66.165,4,songwriter,
BLACKPINK,THE ALBUM,How You Like That,180956,FALSE,0.813,0.787,1,-4.254,1,0.0777,0.0452,0.000107,0.0506,0.326,130.018,4,k-pop,
Nirvana,Nevermind (Remastered),Come As You Are,218920,FALSE,0.5,0.824,1,-5.846,0,0.0388,0.00016,0.00161,0.0916,0.539,120.125,4,alt-rock,
Calvin Harris;Ellie Goulding,Motion,Outside (feat. Ellie Goulding),227266,FALSE,0.646,0.823,1,-4.123,0,0.0394,0.213,0,0.322,0.418,128.035,4,progressive-house,
"Earth, Wind & Fire",Raise!,Let's Groove,339320,FALSE,0.869,0.648,1,-8.698,0,0.0633,0.121,2.17E-05,0.126,0.9,125.035,4,disco,
Gambi,PETETE,PETETE,123846,FALSE,0.752,0.669,1,-9.817,0,0.251,0.167,0,0.0795,0.627,155.997,4,french,
Doja Cat,Boss Bitch,Boss Bitch,134239,FALSE,0.707,0.955,1,-4.593,0,0.222,0.127,0,0.202,0.575,125.989,4,dance,
Ava Max,Heaven & Hell,Kings & Queens,162398,FALSE,0.637,0.69,1,-4.057,0,0.0405,0.00786,0,0.124,0.457,129.857,4,dance,
Cage The Elephant,Melophobia,Cigarette Daydreams,208760,FALSE,0.636,0.676,1,-3.442,1,0.0263,0.0807,0,0.0831,0.273,113.98,4,blues,
Shubh,We Rollin,We Rollin,199205,TRUE,0.82,0.504,1,-9.113,0,0.141,0.261,7.00E-06,0.104,0.275,85.016,4,hip-hop,
Estelle;Kanye West,Shine,American Boy,284733,TRUE,0.727,0.729,1,-2.99,1,0.326,0.171,0,0.07,0.512,117.932,4,soul,
The Chainsmokers;ILLENIUM;Lennon Stella,World War Joy,Takeaway,209880,FALSE,0.528,0.511,1,-8.144,1,0.0324,0.126,0,0.101,0.351,100.1,4,edm,
Eminem,The Marshall Mathers LP,The Real Slim Shady,284200,TRUE,0.949,0.661,1,-4.244,0,0.0572,0.0302,0,0.0454,0.76,104.504,4,hip-hop,
KAROL G;Nicki Minaj,Tusa,Tusa,200960,FALSE,0.803,0.715,1,-3.28,1,0.298,0.295,0.000134,0.0574,0.574,101.085,4,reggaeton,
Alicia Keys,As I Am (Expanded Edition),No One,253813,FALSE,0.644,0.549,1,-5.415,0,0.0285,0.0209,8.85E-06,0.134,0.167,90.04,4,soul,
Feid,Feliz Cumpleaños Ferxxo,Feliz Cumpleaños Ferxxo,156400,FALSE,0.87,0.55,1,-5.537,1,0.0722,0.102,0,0.293,0.566,95.019,4,reggaeton,
Red Hot Chili Peppers,Californication (Deluxe Edition),Californication,329733,FALSE,0.592,0.767,1,-2.788,0,0.027,0.0021,0.00165,0.127,0.328,96.483,4,alternative,
Dead Or Alive,Evolution: The Hits,You Spin Me Round (Like a Record),195146,FALSE,0.554,0.963,1,-3.762,0,0.035,0.000244,0.0702,0.431,0.918,128.175,4,synth-pop,
The Animals,The Singles Plus,House of the Rising Sun,269906,FALSE,0.316,0.484,1,-9.11,0,0.0308,0.000334,0.00445,0.0912,0.299,117.363,3,blues,
Rvssian;Rauw Alejandro;Chris Brown,Nostálgico,Nostálgico,209883,TRUE,0.734,0.846,1,-3.425,0,0.0489,0.166,1.74E-06,0.235,0.604,98.026,4,latino,
Marshmello;Halsey,Be Kind (with Halsey),Be Kind (with Halsey),172761,FALSE,0.63,0.633,1,-7.088,1,0.0457,0.00776,0,0.0541,0.452,93.995,4,progressive-house,
Dua Lipa;DaBaby,Future Nostalgia,Levitating (feat. DaBaby),203064,FALSE,0.702,0.825,1,-3.787,0,0.0601,0.00883,0,0.0674,0.915,102.977,4,pop,
Anuel AA,Mercedes Tintia,Mercedes Tintia,195348,TRUE,0.815,0.67,1,-4.076,1,0.109,0.0902,0.000854,0.0973,0.768,172.014,4,latino,
Joel Corry;Jax Jones;Charli XCX;Saweetie,OUT OUT (feat. Charli XCX & Saweetie),OUT OUT (feat. Charli XCX & Saweetie),162603,FALSE,0.787,0.833,1,-4.403,1,0.0478,0.018,0.00747,0.0374,0.796,123.97,4,edm,
The Outfield,Play Deep,Your Love,216466,FALSE,0.579,0.654,1,-12.421,0,0.0553,0.121,3.62E-06,0.0673,0.616,129.537,4,power-pop,
Hollow Coves,Wanderlust,Coastline,233973,FALSE,0.67,0.496,1,-11.23,1,0.0277,0.627,0.00319,0.0584,0.427,100.17,4,folk,
Rachel Platten,Wildfire,Fight Song,204013,FALSE,0.564,0.714,1,-4.987,1,0.129,0.0549,0,0.155,0.33,175.924,4,rock,
Eurythmics;Annie Lennox;Dave Stewart,Sweet Dreams (Are Made Of This),Sweet Dreams (Are Made of This) - Remastered,216933,FALSE,0.692,0.711,1,-7.498,0,0.0317,0.225,0,0.12,0.875,125.135,4,synth-pop,
Elton John;Kiki Dee,Rock Of The Westies,Don't Go Breaking My Heart,275440,FALSE,0.729,0.844,1,-8.824,1,0.0344,0.149,2.87E-06,0.0604,0.777,131.459,4,piano,
Masked Wolf,Astronaut In The Ocean,Astronaut In The Ocean,132780,TRUE,0.778,0.695,1,-6.865,0,0.0913,0.175,0,0.15,0.472,149.996,4,hip-hop,
Papa Roach,Infest,Last Resort,199906,TRUE,0.589,0.89,1,-3.719,0,0.0603,0.000481,0.00082,0.201,0.692,90.598,4,alt-rock,
Cody Fry,Flying,I Hear a Symphony,185176,FALSE,0.197,0.247,1,-8.542,1,0.0306,0.934,0.0163,0.111,0.407,75.787,3,indie,
Smash Mouth,Astro Lounge,All Star,200373,FALSE,0.731,0.867,1,-5.881,1,0.032,0.0395,0,0.0861,0.776,104.019,4,alternative,
Calvin Harris;John Newman,Motion,Blame (feat. John Newman),212960,FALSE,0.414,0.857,1,-4.078,0,0.0808,0.0287,0.00574,0.343,0.348,128.024,4,progressive-house,
Rammstein,Zeit,Dicke Titten,218593,FALSE,0.63,0.823,1,-4.857,1,0.0496,0.0205,0.00458,0.0377,0.565,117.048,4,industrial,
Blue Öyster Cult,Agents Of Fortune,(Don't Fear) The Reaper,308120,FALSE,0.333,0.927,1,-8.55,0,0.0733,0.0029,0.000208,0.297,0.385,141.466,4,hard-rock,
KISS,Dressed To Kill,Rock And Roll All Nite,168840,FALSE,0.654,0.929,1,-5.906,1,0.0998,0.0468,0,0.0539,0.902,144.774,4,hard-rock,
Anuel AA,¿Qué Nos Pasó?,¿Qué Nos Pasó?,245738,TRUE,0.703,0.694,1,-4.808,0,0.0607,0.436,5.80E-06,0.12,0.298,95,4,reggaeton,
Sam Feldt;Rita Ora,Follow Me,Follow Me,169672,FALSE,0.673,0.729,1,-4.879,1,0.0496,0.083,0,0.1,0.675,122.023,4,edm,
Alicia Keys,The Diary Of Alicia Keys,If I Ain't Got You,228706,FALSE,0.609,0.444,1,-9.129,1,0.106,0.603,6.86E-06,0.104,0.166,118.402,3,soul,
Red Velvet,‘The ReVe Festival’ Finale,Psycho,210560,FALSE,0.664,0.666,1,-2.203,1,0.0446,0.193,0,0.0854,0.405,139.987,4,k-pop,
Rammstein,Mutter,Sonne,272440,FALSE,0.51,0.917,1,-4.806,0,0.0854,0.0054,0.000133,0.396,0.313,75.098,4,industrial,
Linkin Park,Hybrid Theory (Bonus Edition),Crawling,208960,FALSE,0.58,0.702,1,-5.565,1,0.0337,0.0466,3.20E-06,0.536,0.299,105.076,4,metal,
Kate Bush,Hounds of Love (2018 Remaster),Running Up That Hill (A Deal With God) - 2018 Remaster,300840,FALSE,0.625,0.533,1,-11.903,0,0.0596,0.659,0.00266,0.0546,0.139,108.296,4,rock,
Dynoro;Gigi D'Agostino,In My Mind,In My Mind,184560,FALSE,0.694,0.77,1,-5.335,1,0.149,0.176,1.10E-05,0.118,0.163,125.905,4,electro,
YOASOBI,祝福,祝福,196235,FALSE,0.553,0.958,1,-3.159,0,0.073,0.0186,3.08E-05,0.297,0.541,170.045,4,j-pop,
The Mamas & The Papas,If You Can Believe Your Eyes & Ears,California Dreamin' - Single Version,162373,FALSE,0.552,0.608,1,-9.786,0,0.0345,0.352,0,0.0533,0.637,112.367,4,psych-rock,
Lil Peep;Lil Tracy,crybaby,white tee,132226,TRUE,0.798,0.528,1,-8.908,1,0.042,0.293,1.00E-06,0.0727,0.728,149.995,4,emo,
Bad Bunny;Drake,MIA (feat. Drake),MIA (feat. Drake),210367,FALSE,0.817,0.539,1,-6.349,0,0.0621,0.0141,0.000496,0.099,0.158,97.062,4,latin,
Sublime,Sublime,Santeria,182746,FALSE,0.682,0.765,1,-5.021,0,0.0395,0.0268,3.42E-05,0.188,0.567,90.807,4,punk,
Led Zeppelin,Led Zeppelin II (1994 Remaster),Whole Lotta Love - 1990 Remaster,333893,FALSE,0.412,0.902,1,-11.6,1,0.405,0.0484,0.131,0.405,0.422,89.74,4,hard-rock,
Owl City;Carly Rae Jepsen,The Midsummer Station,Good Time,205933,FALSE,0.56,0.872,1,-4.269,1,0.14,0.0239,6.98E-06,0.371,0.682,126.05,4,rock,
Daddy Yankee,LEGENDADDY,RUMBATÓN,248768,FALSE,0.685,0.909,1,-4.034,0,0.0396,0.0471,0,0.35,0.922,95.004,4,reggae,
Smash Mouth,Astro Lounge,All Star,200373,FALSE,0.731,0.867,1,-5.881,1,0.032,0.0395,0,0.0861,0.776,104.019,4,alt-rock,
Mark Ronson;Miley Cyrus,Nothing Breaks Like a Heart (feat. Miley Cyrus),Nothing Breaks Like a Heart (feat. Miley Cyrus),217466,FALSE,0.601,0.794,1,-5.844,0,0.0671,0.00987,1.36E-06,0.388,0.244,114.066,4,dance,
Amy Winehouse,Back To Black (Deluxe Edition),Back To Black,241293,TRUE,0.403,0.422,1,-13.964,0,0.0373,0.134,2.05E-05,0.0861,0.378,122.728,4,soul,
Eminem,Recovery,Not Afraid,248133,TRUE,0.855,0.954,1,-1.19,0,0.264,0.529,0,0.205,0.668,114.635,5,hip-hop,
Daddy Yankee;Snow,Con Calma,Con Calma,193226,FALSE,0.737,0.86,1,-2.652,0,0.0593,0.11,1.94E-06,0.0574,0.656,93.989,4,latino,
Metallica,Metallica,Nothing Else Matters,388266,FALSE,0.553,0.362,1,-11.218,0,0.0263,0.0458,6.01E-06,0.075,0.158,142.352,3,metal,
Billy Joel,Piano Man (Legacy Edition),Piano Man,339000,FALSE,0.331,0.55,1,-6.483,1,0.0272,0.605,3.96E-06,0.192,0.429,177.734,3,songwriter,
Avicii,The Days / Nights,The Nights,176658,FALSE,0.527,0.835,1,-5.298,1,0.0433,0.0166,0,0.249,0.654,125.983,4,edm,
ZZ Top,Tres Hombres (Expanded 2006 Remaster),La Grange - 2005 Remaster,230480,FALSE,0.545,0.64,1,-9.937,0,0.224,0.00249,0.0304,0.196,0.606,80.544,4,blues,
Regard,Ride It,Ride It,157605,FALSE,0.88,0.751,1,-4.258,0,0.0874,0.177,6.43E-05,0.106,0.884,117.948,4,house,
2Pac;Roger;Dr. Dre,Greatest Hits,California Love - Original Version,284906,TRUE,0.763,0.85,1,-3.052,1,0.0417,0.0304,1.21E-06,0.371,0.761,91.519,4,funk,
The Notorious B.I.G.,Life After Death (2014 Remastered Edition),Hypnotize - 2014 Remaster,229826,TRUE,0.901,0.697,1,-3.439,1,0.28,0.145,0,0.287,0.67,93.941,4,hardcore,
Feid,FELIZ CUMPLEAÑOS FERXXO TE PIRATEAMOS EL ÁLBUM,Si Te La Encuentras Por Ahí,191506,FALSE,0.736,0.569,1,-3.559,0,0.0779,0.144,5.27E-05,0.112,0.433,171.973,4,reggaeton,
Shubh,Elevated,Elevated,200658,TRUE,0.828,0.533,1,-5.779,0,0.091,0.214,2.80E-05,0.307,0.605,93.021,4,hip-hop,
Ghost,Seven Inches Of Satanic Panic,Mary On A Cross,244804,FALSE,0.466,0.9,1,-4.469,1,0.0447,0.000235,0.00104,0.103,0.561,130.02,4,hard-rock,
Drowning Pool,Sinner,Bodies,201960,FALSE,0.656,0.932,1,-3.405,0,0.0708,0.00347,0.00147,0.144,0.544,130.936,4,grunge,
Oliver Tree,"Ugly is Beautiful: Shorter, Thicker & Uglier (Deluxe)",Life Goes On,161803,FALSE,0.7,0.49,1,-5.187,1,0.076,0.186,0,0.117,0.569,79.982,4,alternative,
The Chainsmokers;Coldplay,Something Just Like This,Something Just Like This,247626,FALSE,0.607,0.649,1,-6.695,0,0.0362,0.0306,2.46E-05,0.174,0.505,102.996,4,dance,
Eve,Kaikai Kitan / Ao No Waltz,Kaikai Kitan,221426,FALSE,0.584,0.911,1,-3.515,0,0.09,0.0119,0,0.119,0.606,92.502,4,rock,
Chris Brown;Drake,Indigo,No Guidance (feat. Drake),260640,TRUE,0.696,0.454,1,-6.756,0,0.153,0.123,0,0.155,0.136,92.928,4,dance,
Burna Boy;Ed Sheeran,"Love, Damini",For My Hand (feat. Ed Sheeran),159123,FALSE,0.87,0.479,1,-7.779,1,0.165,0.161,0.000157,0.209,0.717,104.059,4,dancehall,
Shawn Mendes,Handwritten (Deluxe),Imagination,217773,FALSE,0.64,0.455,1,-5.942,1,0.0247,0.0743,0,0.0694,0.333,89.948,4,dance,
Dua Lipa,Dua Lipa (Deluxe),New Rules,209320,FALSE,0.762,0.7,1,-6.021,0,0.0694,0.00261,1.56E-05,0.153,0.608,116.073,4,dance,
BANNERS,Where The Shadow Ends,Someone To You,219801,FALSE,0.52,0.903,1,-5.497,1,0.042,0.00517,0,0.254,0.652,74.988,4,indie-pop,
Guns N' Roses,Appetite For Destruction,Welcome To The Jungle,272026,TRUE,0.447,0.954,1,-8.069,1,0.0751,0.0235,0.403,0.298,0.331,123.453,4,rock,
Aimer,残響散歌,残響散歌,184893,FALSE,0.367,0.896,1,-4.002,1,0.091,0.000627,0,0.207,0.38,170.863,4,j-rock,
Ariana Grande;Nicki Minaj,Dangerous Woman,Side To Side,226160,TRUE,0.65,0.736,1,-5.84,0,0.229,0.0513,0,0.235,0.612,159.174,4,dance,
OneRepublic,Waking Up,Secrets,224693,FALSE,0.516,0.764,1,-6.223,1,0.0366,0.0717,0,0.115,0.376,148.021,4,rock,
Roar,I Can't Handle Change,I Can't Handle Change,198213,FALSE,0.247,0.438,1,-8.478,1,0.0358,0.0447,0.000867,0.111,0.39,185.711,3,indie,
Eagles,Hotel California (2013 Remaster),Hotel California - 2013 Remaster,391376,FALSE,0.579,0.508,1,-9.484,1,0.027,0.00574,0.000494,0.0575,0.609,147.125,4,country,
Ozuna;Doja Cat;Sia,Enoc,Del Mar,214506,TRUE,0.759,0.636,1,-5.585,1,0.0369,0.0224,0.000143,0.166,0.536,109.976,4,latino,
Bad Bunny;Rauw Alejandro,Un Verano Sin Ti,Party,227628,FALSE,0.829,0.799,1,-5.389,1,0.0897,0.0151,0.000543,0.242,0.471,97.013,4,reggae,
Red Hot Chili Peppers,By the Way (Deluxe Edition),By the Way,216933,FALSE,0.451,0.97,1,-4.938,1,0.107,0.0264,0.00355,0.102,0.198,122.444,4,metal,
The Beatles,Let It Be (Remastered),Let It Be - Remastered 2009,243026,FALSE,0.443,0.403,1,-8.339,1,0.0322,0.631,0,0.111,0.41,143.462,4,rock,
Sia,1000 Forms Of Fear,Chandelier,216120,FALSE,0.399,0.787,1,-2.88,1,0.0499,0.0197,6.07E-05,0.0685,0.572,117.089,5,dance,
GAYLE,abcdefu,abcdefu,168601,TRUE,0.695,0.54,1,-5.692,1,0.0493,0.299,0,0.367,0.415,121.932,4,pop,
Bad Bunny,Un Verano Sin Ti,Moscow Mule,245939,TRUE,0.804,0.674,1,-5.453,0,0.0333,0.294,1.18E-06,0.115,0.292,99.968,4,reggaeton,
benny blanco;BTS;Snoop Dogg,Bad Decisions (with BTS & Snoop Dogg),Bad Decisions (with BTS & Snoop Dogg),172714,FALSE,0.762,0.861,1,-3.296,1,0.0955,0.0185,0,0.264,0.955,120.048,4,electro,
Bob Marley & The Wailers,Uprising,Could You Be Loved,237000,FALSE,0.916,0.72,1,-8.548,1,0.1,0.36,0.00016,0.0958,0.76,103.312,4,reggae,
Justin Bieber;Daniel Caesar;Giveon,Justice,Peaches (feat. Daniel Caesar & Giveon),198081,TRUE,0.677,0.696,1,-6.181,1,0.119,0.321,0,0.42,0.464,90.03,4,pop,
Carly Rae Jepsen,Kiss,Call Me Maybe,193400,FALSE,0.783,0.58,1,-6.548,1,0.0408,0.0114,2.28E-06,0.108,0.66,120.021,4,electro,
Rag'n'Bone Man,Human (Deluxe),Human,200186,FALSE,0.602,0.707,1,-4.097,1,0.302,0.393,0,0.165,0.554,75.087,4,soul,
Jaymes Young,Feel Something,Infinity,237720,FALSE,0.671,0.673,1,-6.941,0,0.0444,0.148,5.29E-05,0.304,0.494,121.963,4,rock,
Halsey,Without Me,Without Me,201660,TRUE,0.752,0.488,1,-7.05,1,0.0705,0.297,9.11E-06,0.0936,0.533,136.041,4,indie-pop,
Alex & Sierra,It's About Us,Little Do You Know,185200,FALSE,0.5,0.292,1,-8.554,1,0.0323,0.746,0,0.188,0.37,145.879,4,pop,
Leona Lewis,Spirit,Bleeding Love,262466,FALSE,0.638,0.656,1,-5.886,1,0.0357,0.188,0,0.146,0.225,104.036,4,soul,
Chris Jedi;Anuel AA;Chencho Corleone;Ñengo Flow,La Llevo Al Cielo (Ft. Ñengo Flow),La Llevo Al Cielo (Ft. Ñengo Flow),254920,TRUE,0.795,0.845,1,-3.809,0,0.135,0.105,1.14E-05,0.172,0.769,170.023,4,reggae,
Loud Luxury;Brando,Body,Body,163216,FALSE,0.752,0.764,1,-4.399,1,0.038,0.0476,9.44E-05,0.0543,0.582,121.958,4,electro,
Dire Straits,Dire Straits,Sultans Of Swing,348400,FALSE,0.733,0.794,1,-10.023,1,0.0307,0.0614,0.0367,0.33,0.931,148.174,4,rock,
Troye Sivan,Angel Baby,Angel Baby,220779,FALSE,0.559,0.559,1,-6.425,1,0.0358,0.0145,0,0.138,0.338,72.498,4,pop,
The Smiths,The Smiths,This Charming Man - 2011 Remaster,162920,FALSE,0.611,0.846,1,-5.9,1,0.0436,0.00509,0,0.0784,0.751,103.912,4,punk-rock,
Bad Bunny,EL ÚLTIMO TOUR DEL MUNDO,TE MUDASTE,130013,TRUE,0.811,0.637,1,-4.835,0,0.0591,0.234,0.000572,0.118,0.471,92.025,4,reggaeton,
OneRepublic,Sunshine,Sunshine,163854,FALSE,0.697,0.875,1,-4.621,1,0.034,0.137,0,0.28,0.774,140.069,4,piano,
OneRepublic,Human (Deluxe),Someday,187888,FALSE,0.576,0.679,1,-7.237,1,0.034,0.0311,0,0.323,0.213,121.005,4,piano,
Halsey,So Good,So Good,176058,FALSE,0.576,0.627,1,-4.649,0,0.0449,0.0385,0,0.181,0.311,164.998,4,electro,
Jason Mraz,We Sing. We Dance. We Steal Things.,I'm Yours,242946,FALSE,0.703,0.444,1,-9.331,1,0.0417,0.559,0,0.0973,0.712,150.96,4,acoustic,
BLACKPINK,SQUARE TWO,PLAYING WITH FIRE,197288,FALSE,0.706,0.756,1,-4.405,0,0.0845,0.0392,0,0.18,0.676,97.098,4,k-pop,
Gym Class Heroes;Adam Levine,The Papercut Chronicles II,Stereo Hearts (feat. Adam Levine),210960,FALSE,0.646,0.795,1,-3.293,1,0.0976,0.0319,0,0.267,0.796,89.99,4,dance,
Charlie Puth,Cheating on You,Cheating on You,196606,FALSE,0.749,0.535,1,-6.785,1,0.0336,0.0131,3.65E-05,0.0982,0.601,123.042,4,dance,
Justin Bieber,Purpose (Deluxe),Sorry,200786,FALSE,0.654,0.76,1,-3.669,0,0.045,0.0797,0,0.299,0.41,99.945,4,pop,
Adele,25,When We Were Young,290900,FALSE,0.376,0.595,1,-5.936,1,0.0496,0.303,0,0.095,0.265,144.361,4,soul,
Ariana Grande,Positions,positions,172324,TRUE,0.737,0.802,1,-4.771,1,0.0878,0.468,0,0.0931,0.682,144.015,4,dance,
Red Hot Chili Peppers,By the Way (Deluxe Edition),Can't Stop,269000,FALSE,0.618,0.938,1,-3.442,1,0.0456,0.0179,0,0.167,0.875,91.455,4,alternative,
Marshmello;Bastille,Happier,Happier,214289,FALSE,0.687,0.792,1,-2.749,1,0.0452,0.191,0,0.167,0.671,100.015,4,dance,
Rels B,cómo dormiste?,cómo dormiste?,112572,TRUE,0.627,0.429,1,-8.255,1,0.234,0.238,0,0.122,0.565,126.426,5,latino,
Glass Animals,Heat Waves,Heat Waves,238805,FALSE,0.761,0.525,1,-6.9,1,0.0944,0.44,6.70E-06,0.0921,0.531,80.87,4,indie,
Natti Natasha;Ozuna,Criminal,Criminal,232549,FALSE,0.814,0.813,1,-3.023,0,0.0561,0.03,9.33E-05,0.255,0.839,79.997,4,latino,
BTS,Proof,Butter,164952,FALSE,0.759,0.459,1,-5.187,1,0.0948,0.00323,0,0.0788,0.695,109.997,4,k-pop,
Foo Fighters,"Echoes, Silence, Patience & Grace",The Pretender,269373,FALSE,0.433,0.959,1,-4.04,1,0.0431,0.000917,0,0.028,0.365,172.984,4,alt-rock,
Cafuné,Tek It (I Watch the Moon),Tek It - Sped Up,166859,FALSE,0.348,0.95,1,-5.049,0,0.124,9.93E-05,9.68E-06,0.0868,0.377,168.964,4,indie,
Aaron Smith;Luvli;Krono,Ibiza 2019,Dancin - Krono Remix,256000,FALSE,0.751,0.727,1,-9.789,0,0.0304,0.0442,0.0338,0.1,0.28,119.982,4,chicago-house,
Frank Ocean,Blonde,Nights,307151,TRUE,0.457,0.551,1,-9.36,0,0.167,0.427,1.15E-06,0.113,0.428,89.87,4,soul,
Weezer,Weezer (Green Album),Island In The Sun,200306,FALSE,0.654,0.81,1,-6.26,0,0.0288,0.00719,0.00251,0.165,0.661,114.623,4,alt-rock,
The Vamps,Meet The Vamps,Somebody To You,185097,FALSE,0.526,0.818,2,-5.952,1,0.0358,0.0587,0,0.333,0.896,171.96,4,pop,
Linkin Park,LIVING THINGS,BURN IT DOWN,230253,FALSE,0.585,0.972,2,-4.45,0,0.0534,0.0143,0,0.0707,0.585,110.006,4,alternative,
Mother Mother,O My Heart,Burning Pile,262173,FALSE,0.516,0.755,2,-3.724,1,0.0383,0.0633,0.00103,0.107,0.165,140.099,4,indie,
Daft Punk;Julian Casablancas,Random Access Memories,Instant Crush (feat. Julian Casablancas),337560,FALSE,0.775,0.585,2,-9.516,0,0.0271,0.0422,0.619,0.077,0.518,109.942,4,electro,
Alien Ant Farm,Anthology,Smooth Criminal,209266,FALSE,0.653,0.964,2,-4.261,0,0.0582,0.00316,0.00512,0.144,0.87,126.928,4,grunge,
The Beatles,Abbey Road (Remastered),Here Comes The Sun - Remastered 2009,185733,FALSE,0.557,0.54,2,-10.484,1,0.0347,0.0339,0.00248,0.179,0.394,129.171,4,psych-rock,
Alex Gaudino;Crystal Waters,Destination Calabria,Destination Calabria - Radio Edit,223111,FALSE,0.627,0.954,2,-4.804,1,0.0425,0.0015,0.000814,0.292,0.312,128.016,4,house,
Creedence Clearwater Revival,Willy And The Poor Boys (Expanded Edition),Fortunate Son,140773,FALSE,0.64,0.663,2,-7.516,1,0.0374,0.201,0.00806,0.152,0.663,132.77,4,country,
Bad Bunny;Jhayco,DÁKITI,DÁKITI,205090,TRUE,0.731,0.573,2,-10.059,0,0.0544,0.401,5.22E-05,0.113,0.145,109.928,4,latin,
Rammstein,Zeit,Dicke Titten,218593,FALSE,0.63,0.823,2,-4.857,1,0.0496,0.0205,0.00458,0.0377,0.565,117.048,4,metal,
blackbear,everything means nothing,hot girl bummer,188343,TRUE,0.782,0.559,2,-7.106,0,0.0767,0.125,0,0.385,0.685,129.992,1,electro,
TWICE,BETWEEN 1&2,Talk that Talk,177466,FALSE,0.772,0.907,2,-2.438,0,0.124,0.136,0,0.334,0.783,119.973,4,k-pop,
Lynyrd Skynyrd,Second Helping (Expanded Edition),Sweet Home Alabama,283800,TRUE,0.596,0.605,2,-12.145,1,0.0255,0.181,0.000331,0.0863,0.886,97.798,4,blues,
Måneskin,THE LONELIEST,THE LONELIEST,247067,FALSE,0.519,0.595,2,-5.001,1,0.0283,0.00151,0,0.0762,0.237,129.786,4,indie-pop,
Neon Trees,Picture Show,Everybody Talks,177280,FALSE,0.471,0.924,2,-3.906,1,0.0586,0.00301,0,0.313,0.725,154.961,4,alt-rock,
Bad Bunny;Tony Dize,Un Verano Sin Ti,La Corriente,198367,TRUE,0.663,0.786,2,-3.51,0,0.195,0.229,0,0.219,0.579,196.12,4,latino,
Sean Paul,Dutty Rock,Get Busy,211666,FALSE,0.735,0.824,2,-4.143,0,0.036,0.615,0,0.158,0.726,100.202,4,dancehall,
Bad Bunny,Un Verano Sin Ti,Un Coco,196412,FALSE,0.839,0.69,2,-4.464,1,0.0615,0.207,8.33E-06,0.176,0.744,151.991,4,latino,
Red Hot Chili Peppers,Stadium Arcadium,Dani California,282160,FALSE,0.556,0.913,2,-2.36,1,0.0437,0.0193,8.59E-06,0.346,0.73,96.184,4,alt-rock,
Aventura;Bad Bunny,Volví,Volví,230125,TRUE,0.725,0.86,2,-3.726,1,0.182,0.422,0.000284,0.0674,0.791,175.896,4,latino,
Marshmello;Khalid,Silence,Silence,180822,FALSE,0.52,0.761,2,-3.093,1,0.0853,0.256,4.96E-06,0.17,0.286,141.971,4,house,
Avenged Sevenfold,Hail to the King,Hail to the King,305906,FALSE,0.58,0.916,2,-4.358,0,0.0387,0.000297,0.0259,0.126,0.683,118.004,4,alternative,
Ozuna;Doja Cat;Sia,Enoc,Del Mar,214506,TRUE,0.759,0.636,2,-5.585,1,0.0369,0.0224,0.000143,0.166,0.536,109.976,4,reggaeton,
Tiësto,Baila Conmigo,Baila Conmigo,146249,FALSE,0.652,0.855,2,-6.411,1,0.0775,0.00658,0.409,0.341,0.0834,127.964,4,house,
Aretha Franklin,Aretha Now,I Say a Little Prayer,216773,FALSE,0.592,0.355,2,-14.051,1,0.0352,0.478,0,0.0585,0.499,133.032,4,blues,
TV Girl,French Exit,Lovers Rock,213920,FALSE,0.559,0.871,2,-5.338,0,0.0397,7.53E-06,0.00545,0.096,0.572,104.97,4,indie-pop,
Marshmello;Bastille,Happier,Happier,214289,FALSE,0.687,0.792,2,-2.749,1,0.0452,0.191,0,0.167,0.671,100.015,4,house,
Jonas Blue;JP Cooper,Blue,Perfect Strangers,196613,FALSE,0.73,0.861,2,-4.1,1,0.0451,0.39,0,0.213,0.704,117.965,4,house,
SAINt JHN;Imanbek,Roses (Imanbek Remix),Roses - Imanbek Remix,176840,TRUE,0.77,0.724,2,-5.484,1,0.0495,0.0167,0.0107,0.353,0.898,121.975,4,house,
Becky Hill;Topic,My Heart Goes (La Di Da) (feat. Topic),My Heart Goes (La Di Da) (feat. Topic),148960,FALSE,0.695,0.781,2,-5.578,0,0.0452,0.0185,3.12E-05,0.295,0.456,124.04,4,edm,
The White Stripes,Elephant,Seven Nation Army,232106,FALSE,0.743,0.446,2,-7.807,0,0.0683,0.0039,0.118,0.337,0.278,123.596,4,alt-rock,
Bring Me The Horizon,Sempiternal (Expanded Edition),Can You Feel My Heart,228146,TRUE,0.15,0.859,2,-2.827,0,0.0595,0.00201,0.194,0.387,0.354,170.527,5,metal,
Red Hot Chili Peppers,By the Way (Deluxe Edition),Can't Stop,269000,FALSE,0.618,0.938,2,-3.442,1,0.0456,0.0179,0,0.167,0.875,91.455,4,metal,
X Ambassadors,VHS,Renegades,195200,FALSE,0.526,0.862,2,-6.003,1,0.0905,0.0144,0.0597,0.229,0.528,90.052,4,alt-rock,
Alejo;Feid;ROBI,Pantysito,Pantysito,240413,TRUE,0.83,0.739,2,-5.395,0,0.0627,0.136,2.11E-06,0.162,0.631,97.993,4,latino,
Ali Gatie,YOU,It's You,212606,FALSE,0.732,0.463,2,-6.972,0,0.0287,0.374,0,0.194,0.397,95.971,4,hip-hop,
Zoe Wees,Control,Control,230880,FALSE,0.599,0.465,2,-4.95,1,0.0314,0.643,1.57E-06,0.149,0.0678,113.82,4,german,
Tiësto;Ava Max,The Motto,The Motto,164818,FALSE,0.754,0.763,2,-4.627,0,0.0435,0.0301,2.23E-05,0.0901,0.464,117.953,4,house,
Of Monsters and Men,My Head Is An Animal,Little Talks,266600,FALSE,0.457,0.757,2,-5.177,1,0.032,0.0206,0,0.146,0.417,102.961,4,folk,
Beach Bunny,Honeymoon,Cloud 9,147350,FALSE,0.637,0.929,2,-3.593,1,0.0491,0.00167,2.62E-05,0.344,0.902,80.974,4,indie-pop,
TV Girl,Who Really Cares,Not Allowed,167864,TRUE,0.67,0.905,2,-6.855,1,0.129,0.669,0.000227,0.349,0.563,104.965,4,indie-pop,
Maroon 5,JORDI (Deluxe),Memories,189486,FALSE,0.775,0.327,2,-7.241,1,0.0557,0.841,0,0.0821,0.595,91.05,4,pop,
Wham!,LAST CHRISTMAS,Last Christmas,262960,FALSE,0.735,0.478,2,-12.472,1,0.0293,0.189,2.48E-06,0.355,0.947,107.682,4,synth-pop,
ENHYPEN,DIMENSION : ANSWER,Polaroid Love,184601,FALSE,0.738,0.67,2,-3.766,0,0.0439,0.458,0,0.361,0.651,138.055,4,k-pop,
Die Zipfelbuben;DJ Cashi,Olivia,Olivia,180157,FALSE,0.666,0.942,2,-2.928,1,0.0689,0.0307,0,0.246,0.832,141.913,4,disco,
Adele,21,Someone Like You,285240,FALSE,0.556,0.319,2,-8.251,1,0.0281,0.893,0,0.0996,0.294,135.187,4,soul,
Ozuna;J Balvin;Chencho Corleone,Enoc,Una Locura,230693,FALSE,0.714,0.761,2,-4.596,0,0.0427,0.139,0.00035,0.241,0.906,168.022,4,latino,
Bad Bunny,YHLQMDLG,Si Veo a Tu Mamá,170971,FALSE,0.9,0.603,2,-5.313,1,0.0646,0.402,4.81E-06,0.134,0.824,129.928,4,reggaeton,
Shawn Mendes;Tainy,Summer Of Love,Summer of Love (Shawn Mendes & Tainy),184104,FALSE,0.776,0.808,2,-4.501,1,0.117,0.0297,0.000127,0.103,0.494,123.988,4,dance,
ENHYPEN,MANIFESTO : DAY 1,Future Perfect (Pass the MIC),180750,FALSE,0.658,0.9,2,-3.479,0,0.264,0.0364,0,0.0771,0.526,156.096,4,k-pop,
Martin Garrix;Bebe Rexha,In the Name of Love,In the Name of Love,195706,FALSE,0.501,0.519,2,-5.88,0,0.0409,0.109,0,0.454,0.168,133.99,4,house,
MAGIC!,Don't Kill the Magic,Rude,224840,FALSE,0.773,0.758,2,-4.993,1,0.0381,0.0422,0,0.305,0.925,144.033,4,reggae,
The White Stripes,Elephant,Seven Nation Army,232106,FALSE,0.743,0.446,2,-7.807,0,0.0683,0.0039,0.118,0.337,0.278,123.596,4,rock,
Calvin Harris,18 Months,Feel So Close - Radio Edit,206413,FALSE,0.707,0.924,2,-2.842,1,0.031,0.000972,0.00703,0.204,0.919,127.937,4,progressive-house,
Shania Twain,Come On Over,Man! I Feel Like A Woman!,234493,FALSE,0.657,0.639,2,-7.527,1,0.0412,0.581,0,0.278,0.674,124.882,4,country,
Bad Bunny;El Alfa,X 100PRE,La Romana,300579,TRUE,0.655,0.725,2,-5.497,1,0.188,0.0327,0.00264,0.0611,0.326,125.8,4,latino,
Future,FUTURE,Mask Off,204600,TRUE,0.833,0.434,2,-8.795,1,0.431,0.0102,0.0219,0.165,0.281,150.062,4,hip-hop,
Tainy;Bad Bunny;Julieta Venegas,Lo Siento BB:/ (with Bad Bunny & Julieta Venegas),Lo Siento BB:/ (with Bad Bunny & Julieta Venegas),207301,FALSE,0.639,0.703,2,-6.33,0,0.0794,0.0889,1.78E-06,0.0865,0.138,169.888,4,reggae,
Glass Animals,Dreamland (+ Bonus Levels),Heat Waves,238805,FALSE,0.761,0.525,2,-6.9,1,0.0944,0.44,6.70E-06,0.0921,0.531,80.87,4,pop,
Red Hot Chili Peppers,Californication (Deluxe Edition),Otherside,255373,FALSE,0.458,0.795,2,-3.265,1,0.0574,0.00316,0.000202,0.0756,0.513,123.229,4,metal,
The Strokes,The New Abnormal,The Adults Are Talking,309053,FALSE,0.593,0.749,2,-5.67,1,0.0475,0.0113,0.106,0.314,0.649,164.959,4,alternative,
Crush;j-hope,Rush Hour,Rush Hour (Feat. j-hope of BTS),177302,FALSE,0.738,0.714,2,-5.235,1,0.249,0.157,0,0.31,0.74,95.035,4,k-pop,
Jason Mraz,We Sing. We Dance. We Steal Things.,I'm Yours,242946,FALSE,0.703,0.444,2,-9.331,1,0.0417,0.559,0,0.0973,0.712,150.96,4,acoustic,
Tai Verdes,TV,A-O-K,173640,TRUE,0.731,0.626,2,-6.919,1,0.0805,0.125,0,0.183,0.862,82.488,4,indie-pop,
j-hope,MORE,MORE,180022,FALSE,0.783,0.722,2,-4.864,1,0.0357,0.00537,0.00209,0.105,0.306,97.031,4,k-pop,
Charlie Puth;Jung Kook;BTS,Left and Right (Feat. Jung Kook of BTS),Left and Right (Feat. Jung Kook of BTS),154486,FALSE,0.881,0.592,2,-4.898,1,0.0324,0.619,1.32E-05,0.0901,0.719,101.058,4,pop,
Bruno Mars,Unorthodox Jukebox,Locked out of Heaven,233478,FALSE,0.726,0.698,2,-4.165,1,0.0431,0.049,0,0.309,0.867,143.994,4,dance,
Ozuna;Feid,Hey Mor,Hey Mor,196600,FALSE,0.901,0.589,2,-6.713,0,0.289,0.00302,0.000237,0.0992,0.399,98.002,4,latino,
Ricky Rich;Dardan;DJ Gimi-O,Habibi (Albanian Remix),Habibi - Albanian Remix,129589,FALSE,0.639,0.728,2,-7.065,0,0.0301,0.0223,0.00384,0.68,0.0996,103.966,4,swedish,
Rick James,Street Songs (Deluxe Edition),Super Freak,205466,FALSE,0.838,0.794,2,-8.245,0,0.0531,0.22,0,0.0575,0.962,132.446,4,funk,
Bruce Springsteen,Born In The U.S.A.,Dancing In the Dark,241306,FALSE,0.527,0.942,2,-5.64,0,0.0366,0.0115,0,0.188,0.495,148.723,4,songwriter,
The Chainsmokers;Halsey,Closer,Closer,244960,FALSE,0.748,0.524,2,-5.599,1,0.0338,0.414,0,0.111,0.661,95.01,4,pop,
TOMORROW X TOGETHER,The Chaos Chapter: FIGHT OR ESCAPE,LO$ER=LO♡ER,199919,FALSE,0.644,0.867,2,-4.18,0,0.0383,0.001,0,0.105,0.687,124.997,4,k-pop,
Anuel AA;Daddy Yankee;Zion & Lennox;Farruko;Wisin,Sola (Remix),Sola (Remix),307910,FALSE,0.639,0.869,2,-4.024,1,0.147,0.27,0,0.0802,0.767,169.801,4,reggaeton,
The Killers,Hot Fuss,Mr. Brightside,222973,FALSE,0.352,0.911,2,-5.23,1,0.0747,0.00121,0,0.0995,0.236,148.033,4,alt-rock,
Kygo;Dean Lewis,Lost Without You (with Dean Lewis),Lost Without You (with Dean Lewis),203609,FALSE,0.621,0.575,2,-6.243,1,0.0564,0.265,0,0.0932,0.343,117.887,4,edm,
Sia,This Is Acting,Cheap Thrills,211666,FALSE,0.628,0.698,2,-5.608,0,0.105,0.0472,0.00143,0.0907,0.732,89.976,4,pop,
Bad Bunny;Ozuna;Farruko;Arcangel;Ñengo Flow;DJ Luian;Mambo Kingz,Diles,Diles,286040,TRUE,0.813,0.56,2,-5.904,0,0.0618,0.108,0,0.268,0.287,118.033,4,reggaeton,
Billy Joel,The Stranger (Legacy Edition),Vienna,214240,FALSE,0.532,0.495,2,-6.662,1,0.0343,0.659,0,0.0754,0.308,124.936,4,piano,
Ozuna;Daddy Yankee;J Balvin;Farruko;Anuel AA,"Baila Baila Baila (Remix) [feat. Farruko, Anuel Aa]",Baila Baila Baila - Remix,235284,FALSE,0.785,0.572,2,-7.504,1,0.123,0.0598,0,0.218,0.49,100.016,4,reggaeton,
Limp Bizkit,Chocolate Starfish And The Hot Dog Flavored Water,Rollin' (Air Raid Vehicle),213760,TRUE,0.603,0.933,2,-3.358,1,0.171,0.00591,0,0.206,0.709,96.306,4,funk,
Jet,Get Born,Are You Gonna Be My Girl,213800,FALSE,0.613,0.953,2,-3.435,1,0.0855,0.00148,0.000582,0.152,0.537,105.046,4,alt-rock,
Nicky Jam;Enrique Iglesias,Fénix,El Perdón (with Enrique Iglesias),205906,FALSE,0.628,0.69,2,-5.83,1,0.0511,0.443,0,0.113,0.66,179.908,4,reggaeton,
Justine Skye;Tyga,Collide (feat. Tyga),Collide (feat. Tyga),260169,TRUE,0.418,0.31,2,-9.869,0,0.0625,0.095,0,0.216,0.131,139.614,4,alternative,
The Chainsmokers;Daya,Don't Let Me Down,Don't Let Me Down,208373,FALSE,0.532,0.869,2,-5.094,1,0.172,0.157,0.00508,0.136,0.422,159.803,4,house,
Sech;Daddy Yankee;J Balvin;ROSALÍA;Farruko,Relación (Remix),Relación - Remix,247308,FALSE,0.793,0.771,2,-3.417,1,0.0959,0.0337,1.51E-06,0.284,0.835,171.943,4,reggae,
Mild High Club,Skiptracing,Homage,177493,FALSE,0.546,0.465,2,-8.167,1,0.0287,0.153,0.00259,0.321,0.415,73.369,4,rock,
Adele,21,Set Fire to the Rain,242973,FALSE,0.603,0.67,2,-3.882,0,0.0249,0.00408,1.68E-06,0.112,0.446,107.993,4,british,
Anıl Emre Daldal,M.,M.,223750,FALSE,0.575,0.366,2,-13.644,0,0.0281,0.568,0.957,0.129,0.444,100.004,4,turkish,
Rammstein,Sehnsucht,Du hast,234226,FALSE,0.64,0.922,2,-6.283,0,0.0385,0.00369,0.055,0.332,0.716,125.105,4,metal,
Pinkfong,Pinkfong Animal Songs,Baby Shark,80927,FALSE,0.829,0.886,2,-1.746,1,0.112,0.259,0,0.0559,0.777,115.056,4,children,
Calvin Harris,Motion,Summer,222533,FALSE,0.596,0.856,2,-3.556,0,0.0346,0.0211,0.0178,0.141,0.743,127.949,4,house,
Marshmello;CHVRCHES,Here With Me,Here With Me,156346,FALSE,0.791,0.565,2,-3.933,0,0.0439,0.0623,0,0.156,0.181,99.961,4,electro,
AnnenMayKantereit;Giant Rooks,Tom's Diner,Tom's Diner,269333,FALSE,0.68,0.428,2,-8.107,0,0.135,0.376,0.000344,0.355,0.334,98.222,4,german,
Zedd;Maren Morris;Grey,The Middle,The Middle,184732,FALSE,0.753,0.657,2,-3.061,1,0.0449,0.171,0,0.112,0.437,107.01,4,edm,
Em Beihold,Numb Little Bug,Numb Little Bug,169237,FALSE,0.742,0.527,2,-6.892,0,0.0769,0.327,0,0.25,0.638,84.974,4,singer-songwriter,
Audioslave,Audioslave,Like a Stone,293960,FALSE,0.614,0.568,2,-5.477,0,0.0276,0.00797,0,0.0997,0.516,107.849,4,metal,
Bad Bunny,Vete,Vete,192024,TRUE,0.886,0.672,2,-4.394,1,0.188,0.0363,8.78E-06,0.101,0.526,91.976,4,latino,
Wisin & Yandel;ROSALÍA,La Última Misión,Besos Moja2,229064,FALSE,0.736,0.727,2,-4.642,0,0.0571,0.0584,1.91E-06,0.0976,0.644,94.048,4,reggae,
2Pac,All Eyez On Me,Ambitionz Az A Ridah,278386,TRUE,0.801,0.91,2,-6.566,1,0.225,0.00239,0.000891,0.0737,0.805,87.277,4,funk,
The Beatles,Abbey Road (Remastered),Come Together - Remastered 2009,259946,FALSE,0.533,0.376,2,-11.913,0,0.0393,0.0302,0.248,0.0926,0.187,165.007,4,psych-rock,
The Cranberries,No Need To Argue (The Complete Sessions 1994-1995),Zombie,306440,FALSE,0.309,0.649,2,-8.994,1,0.035,0.0158,0.00591,0.367,0.312,166.915,4,rock,
Daddy Yankee,Prestige,Limbo,224693,FALSE,0.806,0.875,2,-3.817,1,0.088,0.0838,0.00192,0.065,0.917,125.063,4,reggaeton,
Marshmello;Halsey,Be Kind (with Halsey),Be Kind (with Halsey),172761,FALSE,0.63,0.633,2,-7.088,1,0.0457,0.00776,0,0.0541,0.452,93.995,4,electro,
Ellie Goulding,Delirium (Deluxe),"Love Me Like You Do - From ""Fifty Shades Of Grey""",252534,FALSE,0.262,0.606,2,-6.646,1,0.0484,0.247,0,0.125,0.275,189.857,4,indie,
Guns N' Roses,Use Your Illusion I,November Rain,536066,FALSE,0.294,0.641,2,-9.316,1,0.0291,0.0163,0.22,0.112,0.226,79.759,4,hard-rock,
Kendrick Lamar,Mr. Morale & The Big Steppers,N95,195950,TRUE,0.79,0.67,2,-5.527,1,0.105,0.377,2.32E-06,0.119,0.408,139.956,4,hip-hop,
The Killers,Hot Fuss,Mr. Brightside,222973,FALSE,0.352,0.911,2,-5.23,1,0.0747,0.00121,0,0.0995,0.236,148.033,4,rock,
Jack Harlow,First Class,First Class,173947,TRUE,0.905,0.563,2,-6.135,1,0.102,0.0254,9.71E-06,0.113,0.324,106.998,4,k-pop,
Scorpions,Crazy World,Wind Of Change,312360,FALSE,0.452,0.524,2,-10.108,1,0.0351,0.315,0,0.103,0.246,151.505,4,rock,
Burna Boy,"Love, Damini",It's Plenty,216991,TRUE,0.776,0.565,2,-10.609,1,0.105,0.36,8.81E-05,0.308,0.53,107.035,4,dancehall,
System Of A Down,Toxicity,Toxicity,218933,FALSE,0.413,0.873,2,-4.151,1,0.0536,0.000264,0.00249,0.204,0.48,116.68,3,metal,
Bad Bunny,Un Verano Sin Ti,Un Coco,196412,FALSE,0.839,0.69,2,-4.464,1,0.0615,0.207,8.33E-06,0.176,0.744,151.991,4,reggaeton,
Wisin & Yandel;ROSALÍA,La Última Misión,Besos Moja2,229064,FALSE,0.736,0.727,2,-4.642,0,0.0571,0.0584,1.91E-06,0.0976,0.644,94.048,4,latino,
Billy Joel,Storm Front,We Didn't Start the Fire,287733,FALSE,0.712,0.967,2,-5.206,1,0.047,0.0771,0,0.356,0.895,145.024,4,piano,
Zara Larsson,So Good,Lush Life,201122,FALSE,0.694,0.712,2,-3.923,0,0.046,0.132,0,0.211,0.799,98.023,4,dance,
Nathan Dawe;Ella Henderson,21 Reasons (feat. Ella Henderson),21 Reasons (feat. Ella Henderson),155253,FALSE,0.621,0.785,2,-4.499,1,0.11,0.0165,5.92E-06,0.0512,0.779,123.96,4,house,
"Earth, Wind & Fire","The Best Of Earth, Wind & Fire Vol. 1",September,215093,FALSE,0.697,0.832,2,-7.264,1,0.0298,0.168,0.00131,0.269,0.979,125.926,4,funk,
Kate Bush,Hounds of Love (2018 Remaster),Running Up That Hill (A Deal With God) - 2018 Remaster,300840,FALSE,0.625,0.533,2,-11.903,0,0.0596,0.659,0.00266,0.0546,0.139,108.296,4,r-n-b,
System Of A Down,Hypnotize,Lonely Day,167906,FALSE,0.47,0.796,2,-3.277,0,0.0336,0.362,1.10E-06,0.133,0.215,113.108,3,metal,
Phantogram;Future Islands,Black Out Days (Future Islands Remix),Black Out Days - Future Islands Remix,248346,FALSE,0.477,0.483,2,-9.413,0,0.0364,0.0027,0.783,0.156,0.123,170.026,4,indie,
DJ Snake;Justin Bieber,Encore,Let Me Love You,205946,FALSE,0.649,0.716,2,-5.371,1,0.0349,0.0863,2.63E-05,0.135,0.163,99.988,4,dance,
Sub Urban,Cradles,Cradles,209829,FALSE,0.537,0.586,2,-1.864,1,0.314,0.265,7.04E-05,0.175,0.624,79.056,4,indie-pop,
Rick Astley,Whenever You Need Somebody,Never Gonna Give You Up,213573,FALSE,0.721,0.939,2,-11.823,1,0.0376,0.115,3.79E-05,0.108,0.914,113.309,4,synth-pop,
Paloma Faith,Only Love Can Hurt Like This (Slowed Down Version),Only Love Can Hurt Like This - Slowed Down Version,257743,FALSE,0.554,0.854,2,-6.263,0,0.0567,0.102,9.26E-05,0.554,0.387,82.012,4,british,
Red Hot Chili Peppers,Blood Sugar Sex Magik (Deluxe Edition),Under the Bridge,264306,FALSE,0.559,0.345,2,-13.496,1,0.0459,0.0576,0.000105,0.141,0.458,84.581,4,metal,
Rammstein,Rammstein,Deutschland,322339,FALSE,0.521,0.895,2,-5.242,1,0.0442,5.54E-05,0.349,0.0985,0.237,120.117,4,industrial,
Rage Against The Machine,Rage Against The Machine - XX (20th Anniversary Special Edition),Killing In The Name,313573,TRUE,0.466,0.833,2,-4.215,1,0.304,0.0266,0,0.0327,0.661,88.785,4,funk,
The Neighbourhood,Wiped Out!,The Beach,255133,FALSE,0.245,0.64,2,-7.426,0,0.0608,0.131,8.11E-06,0.0766,0.105,135.739,4,alternative,
The 1975,Being Funny In A Foreign Language,Oh Caroline,212568,FALSE,0.646,0.85,2,-5.466,1,0.0428,0.363,4.01E-05,0.0994,0.819,96.538,4,alt-rock,
Wiz Khalifa;Charlie Puth,See You Again (feat. Charlie Puth),See You Again (feat. Charlie Puth),229525,FALSE,0.689,0.481,2,-7.503,1,0.0815,0.369,1.03E-06,0.0649,0.283,80.025,4,hip-hop,
The Offspring,"Rise And Fall, Rage And Grace","You're Gonna Go Far, Kid",177826,TRUE,0.55,0.917,2,-3.159,1,0.0638,0.00428,0,0.197,0.601,126.115,4,alternative,
Ozuna,Odisea,Se Preparó,188080,FALSE,0.739,0.821,2,-4.233,1,0.0852,0.222,9.60E-06,0.311,0.693,171.077,4,reggaeton,
Los Legendarios;Wisin;Jhay Cortez,Los Legendarios 001,Fiel,261665,FALSE,0.849,0.701,2,-4.407,0,0.06,0.407,0,0.112,0.505,98.005,4,reggaeton,
Imanbek;BYOR,Belly Dancer,Belly Dancer,151475,FALSE,0.845,0.797,2,-4.984,1,0.139,0.0582,5.57E-06,0.167,0.422,121.985,4,electro,
24kGoldn;iann dior,El Dorado,Mood (feat. iann dior),140533,TRUE,0.701,0.716,2,-3.671,0,0.0361,0.174,0,0.324,0.732,91.007,4,pop,
Rvfv;Kikimoteleba,Tigini (Remix),Tigini (Remix),175555,FALSE,0.782,0.655,2,-5.971,0,0.0566,0.377,0.00134,0.0749,0.662,135.018,4,latino,
Sia,This Is Acting,Unstoppable,217746,FALSE,0.468,0.779,2,-4.839,1,0.0779,0.112,0.000373,0.101,0.26,173.799,4,pop,
Camila Cabello;Young Thug,Camila,Havana (feat. Young Thug),217306,FALSE,0.765,0.523,2,-4.333,1,0.03,0.184,3.56E-05,0.132,0.394,104.988,4,pop,
Charlie Puth;Jung Kook;BTS,CHARLIE,Left and Right (Feat. Jung Kook of BTS),154486,FALSE,0.881,0.592,2,-4.898,1,0.0324,0.619,1.32E-05,0.0901,0.719,101.058,4,dance,
Rage Against The Machine,Evil Empire,Bulls On Parade,229466,TRUE,0.412,0.919,2,-7.291,1,0.184,0.0124,0.0601,0.424,0.572,166.367,4,metal,
Hoobastank,The Reason (15th Anniversary Deluxe),The Reason,232800,FALSE,0.472,0.671,2,-4.649,1,0.029,0.0129,0,0.159,0.0681,82.952,4,alternative,
iamjakehill,By the Sword,By the Sword,125812,TRUE,0.685,0.76,2,-7.813,1,0.0512,0.0199,0.151,0.0866,0.781,160.035,4,emo,
Bad Bunny;Tainy,Un Verano Sin Ti,Callaita,250533,FALSE,0.608,0.626,2,-4.773,1,0.301,0.597,2.16E-06,0.25,0.246,176.086,4,reggaeton,
Kygo;DNCE,Dancing Feet (feat. DNCE),Dancing Feet (feat. DNCE),215203,FALSE,0.75,0.797,2,-4.826,1,0.118,0.293,0,0.392,0.523,105.949,4,house,
George Ezra,Green Green Grass,Green Green Grass,167613,FALSE,0.685,0.738,2,-4.413,1,0.0595,0.0695,0,0.128,0.8,112.972,4,songwriter,
Daft Punk;Pharrell Williams;Nile Rodgers,Get Lucky (feat. Pharrell Williams & Nile Rodgers) [Radio Edit],Get Lucky (feat. Pharrell Williams & Nile Rodgers) - Radio Edit,248413,FALSE,0.794,0.811,2,-8.966,0,0.038,0.0426,1.07E-06,0.101,0.862,116.047,4,electro,
Nelly Furtado;Timbaland,Loose,Promiscuous,242293,FALSE,0.808,0.97,2,-6.098,0,0.0506,0.0569,6.13E-05,0.154,0.868,114.328,4,latin,
The Neighbourhood,Hard To Imagine The Neighbourhood Ever Changing,Softcore,206280,FALSE,0.575,0.568,2,-5.509,0,0.03,0.0484,0.000417,0.286,0.37,93.986,4,rock,
DJ Snake;Selena Gomez;Ozuna;Cardi B,"Taki Taki (with Selena Gomez, Ozuna & Cardi B)","Taki Taki (with Selena Gomez, Ozuna & Cardi B)",212500,TRUE,0.842,0.801,2,-4.167,0,0.228,0.157,4.82E-06,0.0642,0.617,95.881,4,dance,
Foo Fighters,There Is Nothing Left To Lose,Learn to Fly,235293,FALSE,0.465,0.919,2,-4.025,1,0.0408,1.83E-05,2.07E-05,0.262,0.537,135.997,4,metal,
Mabel,Ivy To Roses (Mixtape),Don't Call Me Up,178480,FALSE,0.674,0.881,2,-2.853,1,0.147,0.296,3.01E-06,0.0793,0.234,98.994,4,house,
Bad Bunny,Un Verano Sin Ti,Un Ratito,176936,FALSE,0.787,0.546,2,-7.094,0,0.0532,0.305,4.55E-05,0.122,0.222,93.05,4,reggaeton,
Kygo;Conrad Sewell,Cloud Nine,Firestone,271640,FALSE,0.704,0.634,2,-7.374,0,0.0428,0.393,3.17E-05,0.0952,0.411,113.927,4,house,
Zara Larsson,So Good,Lush Life,201122,FALSE,0.694,0.712,2,-3.923,0,0.046,0.132,0,0.211,0.799,98.023,4,edm,
Sohn Aelia,Herinneringen,Herinneringen,172357,FALSE,0.0685,0.00342,2,-37.156,1,0.0418,0.99,0.91,0.106,0.0581,73.644,1,sleep,
American Authors,"Oh, What A Life",Best Day Of My Life,194240,FALSE,0.673,0.902,2,-2.392,1,0.0346,0.0591,0.000262,0.0558,0.538,100.012,4,indie,
Calvin Harris;Sam Smith;Jessie Reyez,Promises (with Sam Smith),Promises (with Sam Smith),213309,FALSE,0.781,0.768,2,-5.991,1,0.0394,0.0119,4.91E-06,0.325,0.486,123.07,4,house,
Unlike Pluto;Mike Taylor,Everything Black,Everything Black,228979,FALSE,0.62,0.864,2,-4.334,0,0.114,0.0323,0,0.117,0.395,98.059,4,rock,
Daddy Yankee,Barrio Fino En Directo,Rompe,188626,TRUE,0.696,0.858,2,-5.155,1,0.0859,0.0727,3.19E-06,0.0631,0.533,176.061,4,reggaeton,
KALEO,A/B,Way down We Go,213706,FALSE,0.489,0.505,2,-8.022,0,0.117,0.579,0.000333,0.104,0.337,163.255,4,alt-rock,
Billie Eilish,Bellyache,bellyache,179172,FALSE,0.695,0.573,2,-8.597,0,0.106,0.46,0.0734,0.482,0.408,99.939,4,electro,
Yot Club,Bipolar,YKWIM?,212750,FALSE,0.372,0.537,2,-7.623,1,0.0305,0.937,0.873,0.287,0.228,123.735,3,indie-pop,
Men I Trust,Show Me How,Show Me How,215110,FALSE,0.791,0.267,2,-11.997,1,0.0415,0.674,0.534,0.102,0.544,165.99,4,indie,
Camila Cabello;Ed Sheeran,Bam Bam (feat. Ed Sheeran),Bam Bam (feat. Ed Sheeran),206070,FALSE,0.756,0.697,2,-6.377,1,0.0401,0.182,0,0.333,0.956,94.996,4,dance,
Rammstein,Mutter,Sonne,272440,FALSE,0.51,0.917,2,-4.806,0,0.0854,0.0054,0.000133,0.396,0.313,75.098,4,german,
Kygo;Parson James,Cloud Nine,Stole the Show,223186,FALSE,0.64,0.635,2,-7.565,0,0.226,0.271,0,0.319,0.475,100.034,4,house,
Glass Animals,Dreamland,Heat Waves,238805,FALSE,0.761,0.525,2,-6.9,1,0.0944,0.44,6.70E-06,0.0921,0.531,80.87,4,indie-pop,
Marc Seguí;Rauw Alejandro;Pol Granch,Tiroteo (Remix),Tiroteo - Remix,321555,FALSE,0.75,0.522,2,-7.018,1,0.0293,0.282,0,0.0743,0.601,110.427,4,spanish,
Kina;Snøw,Get You The Moon (feat. Snøw),Get You The Moon (feat. Snøw),179080,FALSE,0.498,0.235,2,-16.541,0,0.188,0.72,0,0.144,0.0895,118.917,4,sad,
Feid,FELIZ CUMPLEAÑOS FERXXO TE PIRATEAMOS EL ÁLBUM,Feliz Cumpleaños Ferxxo,155960,FALSE,0.865,0.573,2,-5.501,1,0.0678,0.0863,0,0.305,0.563,94.999,4,latino,
blink-182,Enema Of The State,All The Small Things,167066,FALSE,0.434,0.897,2,-4.918,1,0.0488,0.0103,0,0.612,0.684,148.726,4,punk,
BANNERS,Where The Shadow Ends,Someone To You,219801,FALSE,0.52,0.903,2,-5.497,1,0.042,0.00517,0,0.254,0.652,74.988,4,rock,
Wiz Khalifa;Charlie Puth,See You Again (feat. Charlie Puth),See You Again (feat. Charlie Puth),229525,FALSE,0.689,0.481,2,-7.503,1,0.0815,0.369,1.03E-06,0.0649,0.283,80.025,4,pop,
Stevie Wonder,At The Close Of A Century,I Just Called To Say I Love You,262240,FALSE,0.748,0.551,2,-9.054,1,0.0239,0.243,1.57E-06,0.0943,0.65,113.535,4,indie,
XXXTENTACION,17,Jocelyn Flores,119133,TRUE,0.872,0.391,2,-9.144,0,0.242,0.469,4.13E-06,0.297,0.437,134.021,4,emo,
Calvin Harris;Ellie Goulding,Motion,Outside (feat. Ellie Goulding),227266,FALSE,0.646,0.823,2,-4.123,0,0.0394,0.213,0,0.322,0.418,128.035,4,house,
Sia,This Is Acting,Unstoppable,217746,FALSE,0.468,0.779,2,-4.839,1,0.0779,0.112,0.000373,0.101,0.26,173.799,4,dance,
Stromae,Cheese,Alors on danse - Radio Edit,206066,FALSE,0.791,0.59,2,-9.206,0,0.0793,0.0994,0.00203,0.065,0.714,119.951,4,house,
Anuel AA,Brother,Brother,209578,TRUE,0.592,0.625,2,-6.203,0,0.2,0.618,9.71E-05,0.287,0.555,166.018,4,reggaeton,
The 1975,Being Funny In A Foreign Language,Oh Caroline,212568,FALSE,0.646,0.85,2,-5.466,1,0.0428,0.363,4.01E-05,0.0994,0.819,96.538,4,alternative,
LE SSERAFIM,FEARLESS,Sour Grapes,196540,FALSE,0.779,0.801,2,-5.564,0,0.0457,0.395,0,0.108,0.72,139.998,4,k-pop,
Jarabe De Palo,La Flaca,La flaca,261200,FALSE,0.871,0.481,2,-9.068,1,0.0383,0.52,5.54E-05,0.0809,0.664,103.063,4,spanish,
Tiësto;Charli XCX,Hot In It,Hot In It,129817,FALSE,0.748,0.841,2,-5.08,1,0.177,0.00445,1.33E-06,0.0413,0.717,123.045,4,trance,
Nirvana,Nevermind (Remastered),Come As You Are,218920,FALSE,0.5,0.824,2,-5.846,0,0.0388,0.00016,0.00161,0.0916,0.539,120.125,4,alternative,
Rammstein,Mutter,Sonne,272440,FALSE,0.51,0.917,2,-4.806,0,0.0854,0.0054,0.000133,0.396,0.313,75.098,4,alt-rock,
TV Girl,French Exit,Lovers Rock,213920,FALSE,0.559,0.871,2,-5.338,0,0.0397,7.53E-06,0.00545,0.096,0.572,104.97,4,indie,
Calvin Harris;Dua Lipa,One Kiss (with Dua Lipa),One Kiss (with Dua Lipa),214846,FALSE,0.791,0.862,2,-3.24,0,0.11,0.037,2.19E-05,0.0814,0.592,123.994,4,house,
The Neighbourhood,I Love You.,Afraid,251186,TRUE,0.464,0.701,2,-5.693,0,0.0411,0.00892,0.309,0.335,0.356,83.996,4,alternative,
Marshmello;Jonas Brothers,Leave Before You Love Me,Leave Before You Love Me (with Jonas Brothers),154983,FALSE,0.721,0.738,2,-4.77,1,0.0403,0.00226,4.41E-06,0.118,0.637,119.976,4,house,
Sofía Reyes;Jason Derulo;De La Ghetto,"1, 2, 3 (feat. Jason Derulo & De La Ghetto)","1, 2, 3 (feat. Jason Derulo & De La Ghetto)",201526,FALSE,0.792,0.895,2,-3.112,0,0.0589,0.165,0,0.0501,0.794,94.968,4,pop,
Madism;MKJ;Felix Samuel,Pumped Up Kicks,Pumped Up Kicks,145161,FALSE,0.669,0.687,2,-4.753,1,0.043,0.152,1.60E-05,0.308,0.386,123.903,4,house,
Ruth B.,Safe Haven,Dandelions,233720,FALSE,0.609,0.692,2,-2.958,1,0.0259,0.0157,0,0.0864,0.454,116.959,3,pop,
XXXTENTACION,17,Jocelyn Flores,119133,TRUE,0.872,0.391,2,-9.144,0,0.242,0.469,4.13E-06,0.297,0.437,134.021,4,hip-hop,
The Doobie Brothers,Toulouse Street,Listen to the Music,227266,FALSE,0.645,0.598,2,-13.18,0,0.0335,0.221,3.53E-06,0.0721,0.913,105.929,4,hard-rock,
PUBLIC,Make You Mine,Make You Mine,232906,FALSE,0.606,0.799,2,-4.452,1,0.0261,0.0128,0,0.15,0.638,103.014,4,rock,
The Rolling Stones,Aftermath,"Paint It, Black",202266,FALSE,0.464,0.795,2,-9.267,1,0.0926,0.0493,0.00244,0.399,0.612,158.691,4,british,
A.R. Rahman;A. R. Reihana;Bamba Bakya,"Ponni Nadhi (From ""Ponniyin Selvan Part -1"") [Original Motion Picture Soundtrack]","Ponni Nadhi (From ""Ponniyin Selvan Part -1"") - Tamil",290526,FALSE,0.687,0.637,2,-9.55,0,0.13,0.12,0,0.291,0.56,152,4,pop,
ENHYPEN,BORDER : CARNIVAL,FEVER,172106,FALSE,0.6,0.713,2,-5.079,0,0.0592,0.0642,0,0.142,0.471,72.999,4,k-pop,
Corinne Bailey Rae,Corinne Bailey Rae,Put Your Records On,215360,FALSE,0.739,0.511,2,-7.844,1,0.0362,0.167,1.34E-06,0.133,0.542,96.038,4,soul,
3 Doors Down,The Better Life,Kryptonite,233933,FALSE,0.545,0.865,2,-5.708,0,0.0286,0.00664,1.10E-05,0.168,0.543,99.009,4,metal,
TV Girl,Who Really Cares,Not Allowed,167864,TRUE,0.67,0.905,2,-6.855,1,0.129,0.669,0.000227,0.349,0.563,104.965,4,indie,
50 Cent,Get Rich Or Die Tryin',In Da Club,193466,TRUE,0.899,0.713,2,-2.752,0,0.366,0.255,0,0.0708,0.777,90.051,4,hip-hop,
Drowning Pool,Sinner,Bodies,201960,FALSE,0.656,0.932,2,-3.405,0,0.0708,0.00347,0.00147,0.144,0.544,130.936,4,industrial,
Nirvana,In Utero - 20th Anniversary Remaster,Dumb,151893,FALSE,0.697,0.395,2,-13.58,1,0.0281,0.428,0.653,0.173,0.876,113.589,4,alt-rock,
Pablo Alborán,Prometo,Saturno,253760,FALSE,0.278,0.572,2,-8.295,1,0.0407,0.392,0,0.063,0.311,95.351,3,spanish,
Ellie Goulding,Fifty Shades Freed (Original Motion Picture Soundtrack),Love Me Like You Do,253520,FALSE,0.489,0.597,2,-6.633,0,0.0292,0.27,0,0.105,0.324,95.012,4,pop,
Linkin Park,Hybrid Theory (Bonus Edition),In the End,216880,FALSE,0.556,0.864,2,-5.87,0,0.0584,0.00958,0,0.209,0.4,105.143,4,grunge,
Foreigner,Agent Provocateur,I Want to Know What Love Is - 1999 Remaster,304786,FALSE,0.477,0.471,2,-10.036,1,0.0277,0.193,1.76E-06,0.131,0.423,81.204,4,hard-rock,
Ozzy Osbourne,Blizzard Of Ozz (40th Anniversary Expanded Edition),Crazy Train,293183,FALSE,0.454,0.913,2,-4.008,1,0.107,0.408,0.000271,0.248,0.521,137.688,4,metal,
The Plot In You,DISPOSE,FEEL NOTHING,216826,TRUE,0.448,0.825,2,-5.307,0,0.0621,0.00353,0,0.108,0.226,144.17,4,metal,
Ariana Grande;Doja Cat,Positions,motive (with Doja Cat),167989,TRUE,0.789,0.742,2,-5.664,0,0.0652,0.0681,0,0.166,0.661,116.965,4,dance,
Cheat Codes;Russell Dickerson,I Remember,I Remember,168117,FALSE,0.57,0.737,2,-4.27,0,0.0685,0.0314,0,0.248,0.621,100.052,4,house,
Mitski,Be the Cowboy,Washing Machine Heart,128198,FALSE,0.613,0.822,2,-4.087,1,0.026,0.0092,0.506,0.429,0.567,105.997,4,indie-pop,
XXXTENTACION,17,Carry On,129720,TRUE,0.735,0.197,2,-13.378,0,0.537,0.768,0.000276,0.296,0.383,147.899,4,emo,
Boza,Más Negro Que Rojo,Hecha Pa' Mi,186133,FALSE,0.725,0.756,2,-5.013,1,0.0572,0.362,0.000685,0.103,0.828,100.07,4,reggaeton,
Taylor Swift,1989 (Deluxe),Blank Space,231826,FALSE,0.76,0.703,2,-5.412,1,0.054,0.103,0,0.0913,0.57,95.997,4,pop,
Finger Eleven,Them Vs. You Vs. Me (Deluxe Edition),Paralyzer,208106,FALSE,0.644,0.939,2,-3.486,0,0.0456,0.157,0,0.233,0.861,106.031,4,grunge,
Red Hot Chili Peppers,By the Way (Deluxe Edition),By the Way,216933,FALSE,0.451,0.97,2,-4.938,1,0.107,0.0264,0.00355,0.102,0.198,122.444,4,funk,
Scorpions,Crazy World,Wind Of Change,312360,FALSE,0.452,0.524,2,-10.108,1,0.0351,0.315,0,0.103,0.246,151.505,4,german,
Franz Ferdinand,This fffire,This fffire - New Version,218080,FALSE,0.442,0.887,2,-5.943,0,0.1,0.0259,4.57E-06,0.0655,0.637,146.358,4,alternative,
Glass Animals,Heat Waves (Expansion Pack),Heat Waves - Slowed,262248,FALSE,0.633,0.55,2,-9.965,1,0.0924,0.649,0.000363,0.147,0.333,147.099,4,indie-pop,
The Chainsmokers;Daya,Don't Let Me Down,Don't Let Me Down,208373,FALSE,0.532,0.869,2,-5.094,1,0.172,0.157,0.00508,0.136,0.422,159.803,4,edm,
Bad Bunny,Un Verano Sin Ti,Aguacero,210989,FALSE,0.861,0.645,2,-6.96,0,0.0743,0.423,0.000592,0.349,0.668,121.391,5,latino,
Blind Melon,Blind Melon,No Rain,217106,FALSE,0.389,0.476,2,-9.342,1,0.0316,0.619,5.09E-05,0.255,0.566,148.117,4,metal,
Trevor Daniel,Nicotine,Falling,159381,FALSE,0.785,0.431,2,-8.756,0,0.0364,0.123,0,0.0887,0.236,127.085,4,pop,
Rixton,Let The Road,Me And My Broken Heart,193733,FALSE,0.545,0.783,2,-4.261,0,0.0345,0.00489,0,0.132,0.551,174.084,4,rock,
Tiësto,The Business,The Business,164000,FALSE,0.798,0.62,2,-7.079,0,0.232,0.414,0.0192,0.112,0.235,120.031,4,edm,
Guns N' Roses,Use Your Illusion I,Don't Cry (Original),283733,FALSE,0.456,0.59,2,-8.638,1,0.0327,0.00182,0.00379,0.104,0.243,124.635,4,hard-rock,
NMIXX,AD MARE,O.O,172936,FALSE,0.39,0.767,2,-3.918,0,0.293,0.0354,4.26E-06,0.0601,0.285,200.263,4,k-pop,
awfultune,I Met Sarah in the Bathroom,I Met Sarah in the Bathroom,121374,TRUE,0.675,0.408,3,-10.861,1,0.142,0.901,0.000714,0.16,0.229,90.111,4,indie-pop,
SadBoyProlific,Dead and Cold,Dead and Cold,89624,TRUE,0.622,0.467,3,-9.889,0,0.568,0.872,2.15E-06,0.0931,0.716,87.967,5,sad,
Twenty One Pilots,Blurryface,Ride,214506,FALSE,0.645,0.713,3,-5.355,1,0.0393,0.00835,0,0.113,0.566,74.989,4,rock,
Sean Paul,The Trinity,Temperature,218573,FALSE,0.951,0.6,3,-4.675,0,0.0685,0.106,0,0.0712,0.822,125.04,4,dancehall,
Hoobastank,The Reason (15th Anniversary Deluxe),The Reason,232800,FALSE,0.472,0.671,3,-4.649,1,0.029,0.0129,0,0.159,0.0681,82.952,4,metal,
Bad Bunny;Jowell & Randy;Ñengo Flow,YHLQMDLG,Safaera,295176,TRUE,0.607,0.829,3,-4.074,1,0.379,0.0103,0,0.107,0.685,96.172,4,reggaeton,
Fall Out Boy,From Under The Cork Tree,"Dance, Dance",180266,FALSE,0.622,0.961,3,-3.198,0,0.154,0.00523,0,0.0854,0.449,114.452,4,emo,
Julia Michaels;Niall Horan,Inner Monologue Part 1,What A Time (feat. Niall Horan),173306,FALSE,0.516,0.467,3,-6.184,1,0.0302,0.662,0,0.0853,0.386,132.861,4,dance,
Creedence Clearwater Revival,Green River (Expanded Edition),Bad Moon Rising,141600,FALSE,0.508,0.774,3,-5.973,1,0.0321,0.0586,4.87E-06,0.063,0.942,178.946,4,country,
Zion & Lennox,Motivando a la Yal,Yo Voy (feat. Daddy Yankee),232019,FALSE,0.808,0.697,3,-5.899,1,0.241,0.041,0,0.0546,0.554,95.06,4,latino,
Damso,Ipséité,Δ. Dieu ne ment jamais,199346,TRUE,0.756,0.736,3,-7.719,1,0.0443,0.0597,4.98E-06,0.0373,0.612,115.985,4,french,
The Offspring,Americana,Pretty Fly (For A White Guy),188666,FALSE,0.723,0.895,3,-3.707,0,0.102,0.088,0,0.0717,0.963,143.373,4,punk-rock,
Danny Ocean,54+1,Me Rehúso,205714,FALSE,0.744,0.804,3,-6.327,1,0.0677,0.0231,0,0.0494,0.426,104.823,4,latino,
Shawn Mendes;Camila Cabello,Shawn Mendes (Deluxe),Señorita,190799,FALSE,0.759,0.548,3,-6.049,0,0.029,0.0392,0,0.0828,0.749,116.967,4,pop,
Keane,Hopes And Fears,Somewhere Only We Know,237146,FALSE,0.448,0.665,3,-4.203,1,0.026,0.06,2.55E-05,0.0828,0.304,172.004,4,rock,
Tate McRae,you broke me first,you broke me first,169265,TRUE,0.667,0.373,3,-9.389,1,0.05,0.785,0,0.0906,0.0823,124.148,4,pop,
Madhur Sharma,Kali Kali Zulfon Ke (Lo-Fi),Kali Kali Zulfon Ke (Lo-Fi),77142,FALSE,0.464,0.491,3,-7.039,1,0.0392,0.837,1.39E-06,0.111,0.106,76.739,3,pop,
Jay Wheeler;Mora,Suelta,Suelta,243934,FALSE,0.859,0.553,3,-5.726,0,0.0456,0.628,0.00011,0.109,0.338,122.048,4,reggaeton,
Imagine Dragons,Night Visions,Radioactive,186813,FALSE,0.448,0.784,3,-3.686,1,0.0627,0.106,0.000108,0.668,0.236,136.245,4,rock,
Linkin Park,Meteora,Faint,162600,FALSE,0.554,0.978,3,-3.554,1,0.131,0.111,0,0.0731,0.594,135.095,4,grunge,
The Rolling Stones,Out Of Our Heads,(I Can't Get No) Satisfaction - Mono Version,222813,FALSE,0.723,0.863,3,-7.89,1,0.0338,0.0383,0.0317,0.128,0.931,136.302,4,british,
Halsey,hopeless fountain kingdom (Deluxe),Bad At Love,181279,FALSE,0.675,0.751,3,-3.539,1,0.0296,0.0604,0,0.0893,0.612,118.384,4,indie-pop,
Bad Bunny,Un Verano Sin Ti,Dos Mil 16,208615,FALSE,0.817,0.67,3,-6.534,1,0.0506,0.123,1.92E-06,0.128,0.495,130.058,3,reggaeton,
Vance Joy,Dream Your Life Away,Riptide,204280,FALSE,0.484,0.731,3,-6.694,1,0.0379,0.431,0,0.151,0.51,101.654,4,rock,
Swedish House Mafia;The Weeknd,Paradise Again,Moth To A Flame (with The Weeknd),234000,FALSE,0.553,0.659,3,-7.295,1,0.0391,0.0027,0,0.105,0.105,120.146,4,dance,
Kate Bush,Hounds Of Love,Running Up That Hill (A Deal With God),298933,FALSE,0.629,0.547,3,-13.123,0,0.055,0.72,0.00314,0.0604,0.197,108.375,4,r-n-b,
Måneskin,SUPERMODEL,SUPERMODEL,148064,FALSE,0.636,0.876,3,-3.413,1,0.0555,0.00164,0,0.117,0.799,120.983,4,indie-pop,
Mobb Deep,The Infamous,"Shook Ones, Pt. II",325506,TRUE,0.763,0.786,3,-6.472,0,0.229,0.0146,0.0114,0.0817,0.504,93.857,4,hardcore,
The Neighbourhood,Hard To Imagine The Neighbourhood Ever Changing,Softcore,206280,FALSE,0.575,0.568,3,-5.509,0,0.03,0.0484,0.000417,0.286,0.37,93.986,4,alternative,
MGMT,Little Dark Age,Little Dark Age,299960,FALSE,0.705,0.712,3,-6.156,1,0.0385,0.0102,0.000855,0.1,0.62,97.512,4,alternative,
Sidhu Moose Wala;Sunny Malton;The Kidd,Levels,Levels,228705,TRUE,0.592,0.728,3,-6.098,1,0.311,0.00148,0,0.379,0.577,113.17,5,pop,
"Earth, Wind & Fire;The Emotions",I Am,Boogie Wonderland,288293,FALSE,0.802,0.756,3,-10.791,0,0.0349,0.0843,0.00765,0.0521,0.963,131.715,4,disco,
Slipknot,Vol. 3: The Subliminal Verses,Duality,252613,FALSE,0.354,0.982,3,-3.026,0,0.168,0.000237,0.000294,0.204,0.194,143.772,4,alternative,
Amy Macdonald,This Is The Life (eDeluxe),This Is The Life,184413,FALSE,0.628,0.882,3,-5.024,0,0.0323,0.259,0,0.065,0.853,95.083,4,singer-songwriter,
Christian Leave,Hope,Please Notice,116666,FALSE,0.55,0.271,3,-8.451,1,0.0297,0.843,3.21E-06,0.107,0.198,111.344,4,indie-pop,
Eric Carmen,The Definitive Collection,"Hungry Eyes - From ""Dirty Dancing"" Soundtrack",251066,FALSE,0.712,0.549,3,-9.484,1,0.0254,0.011,0,0.118,0.552,109.882,4,singer-songwriter,
Wham!,Make It Big,Wake Me Up Before You Go-Go,231333,FALSE,0.62,0.573,3,-11.893,1,0.0423,0.271,0,0.0607,0.897,81.548,4,disco,
Swedish House Mafia;Connie Constance,Paradise Again,Heaven Takes You Home (feat. Connie Constance),214071,FALSE,0.665,0.738,3,-5.931,0,0.0379,0.0124,0.00598,0.0923,0.0389,125.037,4,progressive-house,
Alice In Chains,Facelift,Man in the Box,285200,TRUE,0.355,0.791,3,-7.565,1,0.0453,0.00045,0,0.0969,0.758,106.392,4,alt-rock,
Beach Bunny,Prom Queen,Prom Queen,136562,FALSE,0.528,0.797,3,-7.487,1,0.0485,0.000391,0.011,0.14,0.751,143.785,4,indie,
Jay Wheeler;Mora,Suelta,Suelta,243934,FALSE,0.859,0.553,3,-5.726,0,0.0456,0.628,0.00011,0.109,0.338,122.048,4,latino,
Marshmello;Demi Lovato,OK Not To Be OK,OK Not To Be OK,159862,FALSE,0.743,0.837,3,-5.025,0,0.0649,0.0172,0,0.0743,0.263,103.072,4,electro,
Yusuf / Cat Stevens,Tea For The Tillerman (Remastered 2020),Wild World,200560,FALSE,0.48,0.542,3,-8.51,1,0.0348,0.345,0.000609,0.113,0.567,152.853,4,songwriter,
My Chemical Romance,The Black Parade,Welcome to the Black Parade,311106,FALSE,0.217,0.905,3,-4.103,1,0.0752,0.000289,0.00011,0.222,0.236,96.95,4,emo,
ZAYN;Taylor Swift,reputation Stadium Tour Surprise Song Playlist,I Don’t Wanna Live Forever (Fifty Shades Darker),247160,FALSE,0.731,0.445,3,-8.418,1,0.0533,0.0586,1.96E-05,0.14,0.106,117.97,4,dance,
Kygo;Conrad Sewell,Cloud Nine,Firestone,271640,FALSE,0.704,0.634,3,-7.374,0,0.0428,0.393,3.17E-05,0.0952,0.411,113.927,4,edm,
G-Eazy;Halsey,The Beautiful & Damned,Him & I (with Halsey),268866,TRUE,0.589,0.731,3,-6.343,1,0.0868,0.0534,0,0.308,0.191,87.908,4,indie-pop,
Dhanush;Anirudh Ravichander,"Thaai Kelavi (From ""Thiruchitrambalam"")","Thaai Kelavi (From ""Thiruchitrambalam"")",258909,FALSE,0.661,0.92,3,-3.469,0,0.188,0.0352,1.40E-05,0.314,0.494,82.508,4,k-pop,
Pritam;Arijit Singh,Love Aaj Kal (Original Motion Picture Soundtrack),Shayad,247941,FALSE,0.483,0.468,3,-7.642,1,0.0341,0.784,0,0.152,0.319,135.875,4,indian,
Sebastian Yatra,Tacones Rojos,Tacones Rojos,189320,FALSE,0.748,0.856,3,-3.517,0,0.0348,0.0824,0,0.142,0.927,123.031,4,reggaeton,
The Smiths,Hatful of Hollow,Heaven Knows I'm Miserable Now - 2011 Remaster,215760,FALSE,0.609,0.759,3,-4.862,1,0.0276,0.028,0,0.183,0.774,114.045,4,punk-rock,
Ellie Goulding;Juice WRLD,Hate Me (with Juice WRLD),Hate Me (with Juice WRLD),186223,FALSE,0.657,0.768,3,-4.628,1,0.0507,0.108,0,0.144,0.759,75.025,4,indie,
Rvssian;Rauw Alejandro;Chris Brown,Nostálgico,Nostálgico,209883,TRUE,0.734,0.846,3,-3.425,0,0.0489,0.166,1.74E-06,0.235,0.604,98.026,4,latin,
Dr. Dog,"Shame, Shame (Deluxe Edition)",Where'd All the Time Go?,234800,FALSE,0.454,0.82,3,-4.193,1,0.0567,0.132,0.000969,0.115,0.575,166.303,4,indie,
Dr. Dre;Snoop Dogg,2001,Still D.R.E.,270586,TRUE,0.816,0.775,3,-3.323,1,0.234,0.16,0.00031,0.0543,0.527,93.431,4,hip-hop,
Olivia Newton-John,Grease (The Original Motion Picture Soundtrack),Hopelessly Devoted To You - From “Grease”,185360,FALSE,0.59,0.338,3,-13.101,0,0.03,0.292,0.0131,0.121,0.322,110.581,3,disco,
Paramore,Paramore,Still into You,216013,FALSE,0.602,0.923,3,-3.763,1,0.044,0.0098,0,0.0561,0.765,136.01,4,emo,
Rvssian;Rauw Alejandro;Chris Brown,Nostálgico,Nostálgico,209883,TRUE,0.734,0.846,3,-3.425,0,0.0489,0.166,1.74E-06,0.235,0.604,98.026,4,reggae,
Mr. Probz;Robin Schulz,Waves (Robin Schulz Radio Edit),Waves - Robin Schulz Radio Edit,208133,FALSE,0.829,0.51,3,-9.334,0,0.0369,0.00821,0.00143,0.0829,0.45,119.994,4,house,
Tom Petty,Full Moon Fever,Free Fallin',256000,FALSE,0.623,0.449,3,-13.333,1,0.0253,0.212,0,0.0613,0.572,84.383,4,folk,
Radiohead,Pablo Honey,Creep,238640,TRUE,0.515,0.43,3,-9.935,1,0.0372,0.0097,0.000133,0.129,0.104,91.844,4,alternative,
BTS,Love Yourself 轉 'Tear',FAKE LOVE,242333,FALSE,0.557,0.719,3,-4.515,0,0.0371,0.00267,0,0.306,0.345,77.502,4,k-pop,
Pearl Jam,Ten,Alive,340907,FALSE,0.284,0.875,3,-6.069,0,0.0422,0.00752,0.000461,0.402,0.595,75.009,4,grunge,
System Of A Down,Toxicity,Toxicity,218933,FALSE,0.413,0.873,3,-4.151,1,0.0536,0.000264,0.00249,0.204,0.48,116.68,3,alternative,
Nickelback,Silver Side Up,How You Remind Me,223840,FALSE,0.446,0.764,3,-5.042,1,0.033,0.00135,0,0.099,0.543,172.094,4,alternative,
Ben E. King,Don't Play That Song (Mono),Stand by Me,180055,FALSE,0.65,0.306,3,-9.443,1,0.0393,0.57,7.07E-06,0.0707,0.605,118.068,4,r-n-b,
Sofía Reyes;Jason Derulo;De La Ghetto,"1, 2, 3 (feat. Jason Derulo & De La Ghetto)","1, 2, 3 (feat. Jason Derulo & De La Ghetto)",201526,FALSE,0.792,0.895,3,-3.112,0,0.0589,0.165,0,0.0501,0.794,94.968,4,dance,
Joan Jett & the Blackhearts,I Love Rock 'N' Roll (Expanded Edition),I Love Rock 'N Roll,175173,FALSE,0.535,0.716,3,-5.025,1,0.0431,0.326,0,0.659,0.901,94.379,4,punk,
Tiago PZK;Ozuna,Nos Comemos (feat. Ozuna),Nos Comemos (feat. Ozuna),191086,TRUE,0.827,0.819,3,-3.701,1,0.052,0.1,0,0.089,0.562,92.017,4,latino,
Ariana Grande,My Everything (Deluxe),One Last Time,197266,FALSE,0.628,0.593,3,-5.036,1,0.0323,0.093,1.65E-06,0.096,0.104,125.026,4,dance,
J Balvin;Maria Becerra,Qué Más Pues?,Qué Más Pues?,217773,FALSE,0.891,0.819,3,-3.964,1,0.106,0.0261,0.000354,0.173,0.768,101.968,4,reggae,
The Weeknd,Starboy,Die For You,260253,FALSE,0.582,0.525,3,-7.163,0,0.0627,0.111,0,0.134,0.51,133.249,4,pop,
LE SSERAFIM,FEARLESS,Blue Flame,201894,FALSE,0.781,0.725,3,-3.571,0,0.0452,0.0281,0,0.0761,0.765,112.045,4,k-pop,
Led Zeppelin,Led Zeppelin IV (Deluxe Edition),Stairway to Heaven - Remaster,482830,FALSE,0.338,0.34,3,-12.049,0,0.0339,0.58,0.0032,0.116,0.197,82.433,4,hard-rock,
Paulo Londra;Duki,Party en el Barrio (feat. Duki),Party en el Barrio (feat. Duki),236143,TRUE,0.527,0.665,3,-7.108,1,0.164,0.0168,1.29E-06,0.324,0.546,135.026,4,latino,
Tove Lo,Queen Of The Clouds,Habits (Stay High),209160,FALSE,0.733,0.65,3,-3.539,1,0.0315,0.0703,6.59E-05,0.0829,0.348,110.003,4,synth-pop,
Charlie Puth;Selena Gomez,Nine Track Mind,We Don't Talk Anymore (feat. Selena Gomez),217706,FALSE,0.728,0.563,3,-8.053,0,0.134,0.621,0,0.179,0.352,100.017,4,dance,
Gorillaz,Demon Days,Feel Good Inc.,222640,FALSE,0.818,0.705,3,-6.679,1,0.177,0.00836,0.00233,0.613,0.772,138.559,4,alternative,
AP Dhillon;Gurinder Gill,HIDDEN GEMS,TERE TE,114418,FALSE,0.692,0.488,3,-10.96,0,0.135,0.0508,0,0.154,0.299,171.9,4,pop,
Van Halen,1984 (Remastered),Jump - 2015 Remaster,241599,FALSE,0.572,0.835,3,-6.219,1,0.0317,0.171,0.000377,0.0702,0.795,129.981,4,metal,
KAROL G;Maldy,GATÚBELA,GATÚBELA,209160,FALSE,0.627,0.858,3,-2.824,0,0.386,0.263,0,0.21,0.342,92.523,4,reggae,
The Clash,Combat Rock (Remastered),Should I Stay or Should I Go - Remastered,188986,FALSE,0.743,0.836,3,-6.465,1,0.116,0.0804,0,0.384,0.82,113.375,4,punk,
Imagine Dragons;JID;Arcane;League of Legends,Mercury - Acts 1 & 2,Enemy (with JID) - from the series Arcane League of Legends,173381,FALSE,0.728,0.783,3,-4.424,0,0.266,0.237,0,0.434,0.555,77.011,4,rock,
Scorpions,Crazy World,Wind Of Change,312360,FALSE,0.452,0.524,3,-10.108,1,0.0351,0.315,0,0.103,0.246,151.505,4,metal,
Bonnie Tyler,Secret Dreams and Forbidden Fire,"Holding Out for a Hero - From ""Footloose"" Soundtrack",348333,FALSE,0.616,0.685,3,-15.289,0,0.04,0.0245,1.13E-05,0.0491,0.895,150.055,4,disco,
Chris Jedi;Anuel AA;Chencho Corleone;Ñengo Flow,La Llevo Al Cielo (Ft. Ñengo Flow),La Llevo Al Cielo (Ft. Ñengo Flow),254920,TRUE,0.795,0.845,3,-3.809,0,0.135,0.105,1.14E-05,0.172,0.769,170.023,4,latino,
Bring Me The Horizon,That's The Spirit,Throne,191520,FALSE,0.426,0.888,3,-3.72,0,0.0987,0.000455,0,0.306,0.387,144.111,4,metal,
Cafuné,Running,Tek It,191823,FALSE,0.423,0.913,3,-5.354,1,0.0655,6.53E-05,0,0.269,0.596,146.995,4,indie,
DJ Snake;Ozuna;Megan Thee Stallion;LISA,"SG (with Ozuna, Megan Thee Stallion & LISA of BLACKPINK)","SG (with Ozuna, Megan Thee Stallion & LISA of BLACKPINK)",225600,TRUE,0.8,0.837,3,-2.807,0,0.0491,0.00406,0.00313,0.0904,0.702,100.015,4,edm,
Amber Run,5AM (Expanded Edition),I Found,273000,FALSE,0.567,0.303,3,-12.481,0,0.0351,0.862,0.00563,0.104,0.252,124.949,4,indie,
Demi Lovato,Demi,Heart Attack,210840,FALSE,0.504,0.785,3,-4.802,1,0.104,0.0738,0,0.239,0.502,173.968,4,dance,
Frank Ocean,Blonde,Ivy,249191,TRUE,0.575,0.386,3,-9.584,0,0.037,0.785,0.000289,0.229,0.466,116.408,4,soul,
Powfu;beabadoobee,death bed (coffee for your head),death bed (coffee for your head),173333,FALSE,0.726,0.431,3,-8.765,0,0.135,0.731,0,0.696,0.348,144.026,4,sad,
Myke Towers;Jhay Cortez,Ande Con Quien Ande,Ande Con Quien Ande,208734,TRUE,0.825,0.736,3,-5.55,1,0.0913,0.0822,0,0.158,0.508,92.028,4,latino,
Limp Bizkit,Chocolate Starfish And The Hot Dog Flavored Water,Rollin' (Air Raid Vehicle),213760,TRUE,0.603,0.933,3,-3.358,1,0.171,0.00591,0,0.206,0.709,96.306,4,metal,
James Blunt,Back to Bedlam,You're Beautiful,209493,TRUE,0.675,0.479,3,-9.87,0,0.0278,0.633,1.76E-05,0.088,0.454,81.998,4,rock,
AnnenMayKantereit;Giant Rooks,Tom's Diner,Tom's Diner,269333,FALSE,0.68,0.428,3,-8.107,0,0.135,0.376,0.000344,0.355,0.334,98.222,4,singer-songwriter,
Morgan Wallen,Dangerous: The Double Album,Wasted On You,178520,FALSE,0.505,0.657,3,-5.24,0,0.0318,0.373,0.00107,0.126,0.252,196,3,country,
MEDUZA;James Carter;Elley Duhé;FAST BOY,Bad Memories (feat. Elley Duhé & FAST BOY),Bad Memories (feat. Elley Duhé & FAST BOY),148629,FALSE,0.607,0.767,3,-6.069,0,0.0474,0.118,0,0.122,0.662,123.998,3,house,
Linkin Park,Hybrid Theory (Bonus Edition),Crawling,208960,FALSE,0.58,0.702,3,-5.565,1,0.0337,0.0466,3.20E-06,0.536,0.299,105.076,4,grunge,
The Backseat Lovers,When We Were Friends,Kilby Girl,282205,FALSE,0.329,0.444,3,-9.973,1,0.0417,0.0578,0.0352,0.113,0.225,162.279,4,indie-pop,
Ariana Grande;The Weeknd,My Everything (Deluxe),Love Me Harder,236133,FALSE,0.472,0.714,3,-4.389,0,0.0334,0.00937,0,0.0764,0.24,98.992,4,dance,
Nathan Dawe;Ella Henderson,21 Reasons (feat. Ella Henderson),21 Reasons (feat. Ella Henderson),155253,FALSE,0.621,0.785,3,-4.499,1,0.11,0.0165,5.92E-06,0.0512,0.779,123.96,4,dance,
2Pac,R U Still Down? [Remember Me],Do For Love,281600,TRUE,0.874,0.63,3,-3.585,1,0.298,0.0578,0.00479,0.0582,0.717,95,4,funk,
Tai Verdes,TV,A-O-K,173640,TRUE,0.731,0.626,3,-6.919,1,0.0805,0.125,0,0.183,0.862,82.488,4,indie,
BLACKPINK,SQUARE ONE,BOOMBAYAH,240793,FALSE,0.661,0.836,3,-3.164,0,0.059,0.00268,0,0.497,0.396,124.952,4,k-pop,
Adele,30,Easy On Me,224694,FALSE,0.604,0.366,4,-7.519,1,0.0282,0.578,0,0.133,0.13,141.981,4,soul,
Bad Bunny,Un Verano Sin Ti,El Apagón,201816,FALSE,0.629,0.698,4,-4.485,1,0.308,0.0509,0.00166,0.0909,0.599,117.765,4,latino,
Pantera,Vulgar Display of Power,Walk,315120,TRUE,0.43,0.704,4,-8.008,0,0.0804,0.000155,0.00221,0.0933,0.703,118.242,4,alt-rock,
Riton;Nightcrawlers;Mufasa & Hypeman;Dopamine,Friday (feat. Mufasa & Hypeman) [Dopamine Re-Edit],Friday (feat. Mufasa & Hypeman) - Dopamine Re-Edit,169153,FALSE,0.824,0.862,4,-3.424,1,0.126,0.0076,0.000132,0.303,0.801,122.98,4,house,
Vance Joy,Dream Your Life Away,Riptide,204280,FALSE,0.484,0.731,4,-6.694,1,0.0379,0.431,0,0.151,0.51,101.654,4,folk,
Calvin Harris;Rihanna,This Is What You Came For,This Is What You Came For,222160,FALSE,0.631,0.927,4,-2.787,0,0.0332,0.199,0.119,0.148,0.465,123.962,4,electro,
Yung Gravy,Betty (Get Money),Betty (Get Money),146470,FALSE,0.723,0.772,4,-6.784,1,0.0792,0.00524,1.15E-05,0.367,0.58,102.004,4,hip-hop,
Ofenbach;Lagique,Wasted Love (feat. Lagique),Wasted Love (feat. Lagique),139563,FALSE,0.734,0.855,4,-4.578,0,0.135,0.0821,4.73E-06,0.0901,0.54,121.955,4,edm,
Lil Nas X;Jack Harlow,INDUSTRY BABY (feat. Jack Harlow),INDUSTRY BABY (feat. Jack Harlow),212000,TRUE,0.736,0.704,4,-7.409,0,0.0615,0.0203,0,0.0501,0.894,149.995,4,hip-hop,
Ralph Castelli,Morning Sex,Morning Sex,175312,FALSE,0.81,0.353,4,-9.536,1,0.0437,0.0473,0.000104,0.082,0.731,124.991,4,indie-pop,
Linkin Park,Hybrid Theory (Bonus Edition),In the End,216880,FALSE,0.556,0.864,4,-5.87,0,0.0584,0.00958,0,0.209,0.4,105.143,4,metal,
Vansire,Angel Youth,From the Subway Train,57370,FALSE,0.392,0.429,4,-10.279,0,0.0462,0.527,0.015,0.217,0.105,72.104,4,indie-pop,
Elton John,Too Low For Zero,I'm Still Standing,183440,FALSE,0.504,0.904,4,-6.863,1,0.179,0.356,0.121,0.14,0.772,176.808,4,piano,
Bon Jovi,Slippery When Wet,You Give Love A Bad Name,222706,FALSE,0.541,0.96,4,-2.947,0,0.0505,0.0663,2.25E-06,0.344,0.812,122.803,4,metal,
Jon Lajoie,You Want Some of This?,Everyday Normal Guy 2,195693,TRUE,0.823,0.731,4,-4.273,1,0.307,0.42,0,0.306,0.876,90.302,4,comedy,
Daddy Yankee,Barrio Fino (Bonus Track Version),Gasolina,192600,FALSE,0.852,0.797,4,-6.543,1,0.0614,0.322,2.69E-06,0.0845,0.741,96.008,4,latino,
Pritam;Arijit Singh;Amitabh Bhattacharya;Jonita Gandhi,"Deva Deva (From ""Brahmastra"")","Deva Deva (From ""Brahmastra"")",279107,FALSE,0.534,0.721,4,-7.636,1,0.0427,0.634,0.000877,0.1,0.439,112.062,4,indian,
OneRepublic,"I Ain’t Worried (Music From The Motion Picture ""Top Gun: Maverick"")",I Ain't Worried,148485,FALSE,0.704,0.797,4,-5.927,1,0.0475,0.0826,0.000745,0.0546,0.825,139.994,4,rock,
Marc Anthony,3,Vivir Mi Vida,252346,FALSE,0.656,0.877,4,-3.231,0,0.0342,0.345,0,0.349,0.894,105.018,4,salsa,
Madison Beer,Reckless,Reckless,203384,FALSE,0.386,0.426,4,-6.642,1,0.0363,0.807,0,0.14,0.261,180.104,3,electro,
Metallica,Master Of Puppets (Remastered),Master Of Puppets,515386,FALSE,0.543,0.836,4,-9.11,0,0.0353,0.000647,0.431,0.153,0.56,105.173,4,metal,
Mac DeMarco,2,My Kind of Woman,190845,FALSE,0.501,0.765,4,-7.063,0,0.0281,0.00294,0.49,0.184,0.46,91.771,4,indie,
MEDUZA;Dermot Kennedy,Paradise,Paradise (feat. Dermot Kennedy),167903,FALSE,0.632,0.595,4,-7.644,0,0.0401,0.0689,0,0.209,0.435,124.114,4,electro,
Bad Bunny,X 100PRE,Si Estuviésemos Juntos,169247,TRUE,0.672,0.594,4,-6.813,0,0.0789,0.0626,5.14E-05,0.152,0.158,171.854,4,latino,
Vance Joy,Dream Your Life Away (Special Edition),Riptide,204280,FALSE,0.484,0.731,4,-6.694,1,0.0379,0.431,0,0.151,0.51,101.654,4,folk,
Camilo;Shawn Mendes,KESI (Remix),KESI - Remix,176575,FALSE,0.871,0.815,4,-4.439,1,0.0477,0.127,6.18E-06,0.094,0.823,122.959,4,reggae,
David Guetta;Afrojack;Bebe Rexha;Nicki Minaj,Listen,"Hey Mama (feat. Nicki Minaj, Bebe Rexha & Afrojack)",192560,FALSE,0.596,0.73,4,-4.091,1,0.151,0.24,0,0.325,0.525,85.979,4,dance,
DJ Snake;Selena Gomez;Ozuna;Cardi B,"Taki Taki (with Selena Gomez, Ozuna & Cardi B)","Taki Taki (with Selena Gomez, Ozuna & Cardi B)",212500,TRUE,0.842,0.801,4,-4.167,0,0.228,0.157,4.82E-06,0.0642,0.617,95.881,4,electro,
The Script,No Sound Without Silence,Superheroes,245466,FALSE,0.49,0.885,4,-4.121,1,0.0396,0.00218,0,0.0741,0.64,166.996,4,rock,
Robin Schulz;Dennis Lloyd,Young Right Now,Young Right Now,186140,FALSE,0.539,0.708,4,-6.189,1,0.0976,0.0129,0,0.14,0.381,123.039,4,german,
Derek & The Dominos,Layla And Other Assorted Love Songs (Remastered 2010),Layla,423840,FALSE,0.404,0.902,4,-3.88,1,0.0665,0.577,0.297,0.287,0.497,115.669,4,blues,
Justin Quiles;Chimbala;Zion & Lennox,Loco,Loco,231603,FALSE,0.77,0.899,4,-2.981,1,0.0494,0.222,1.14E-06,0.0894,0.851,128.05,4,latino,
Ariana Grande,Dangerous Woman,Into You,244453,FALSE,0.623,0.734,4,-5.95,1,0.107,0.0162,1.90E-06,0.145,0.372,107.853,4,dance,
Halsey,hopeless fountain kingdom (Deluxe),Walls Could Talk,101789,TRUE,0.626,0.423,4,-6.035,1,0.0513,0.128,0,0.18,0.571,95.162,4,electro,
Bee Gees,Staying Alive (Original Motion Picture Soundtrack),Stayin' Alive,92866,FALSE,0.707,0.535,4,-19.793,0,0.0436,0.113,0.00615,0.0884,0.641,103.644,4,rock,
Tiësto,Baila Conmigo,Baila Conmigo,146249,FALSE,0.652,0.855,4,-6.411,1,0.0775,0.00658,0.409,0.341,0.0834,127.964,4,trance,
Red Hot Chili Peppers,Californication (Deluxe Edition),Californication,329733,FALSE,0.592,0.767,4,-2.788,0,0.027,0.0021,0.00165,0.127,0.328,96.483,4,funk,
Becky G,Shower,Shower,206166,FALSE,0.699,0.529,4,-7.548,1,0.0487,0.0317,3.59E-05,0.285,0.121,119.987,4,reggaeton,
WALK THE MOON,TALKING IS HARD,Shut Up and Dance,199080,FALSE,0.578,0.866,4,-3.804,1,0.0619,0.00701,0,0.257,0.619,128.038,4,alt-rock,
Feid,FELIZ CUMPLEAÑOS FERXXO TE PIRATEAMOS EL ÁLBUM,Prohibidox,166253,FALSE,0.647,0.801,4,-2.946,0,0.249,0.0451,0,0.0628,0.517,180.108,4,latino,
Billy Joel,An Innocent Man,Uptown Girl,197706,FALSE,0.701,0.944,4,-2.986,1,0.0455,0.0755,0,0.601,0.792,128.993,4,piano,
Slipknot,All Hope Is Gone (10th Anniversary),Psychosocial,284120,FALSE,0.568,0.981,4,-3.889,1,0.0887,0.00269,0.00275,0.0243,0.307,135.146,4,metal,
Rage Against The Machine,Rage Against The Machine - XX (20th Anniversary Special Edition),Killing In The Name,313573,TRUE,0.466,0.833,4,-4.215,1,0.304,0.0266,0,0.0327,0.661,88.785,4,alternative,
Jhayco;J Balvin;Bad Bunny,Famouz,No Me Conoce - Remix,309120,FALSE,0.806,0.786,4,-3.831,0,0.0741,0.145,0,0.0935,0.58,91.973,4,latino,
Sigala,Melody,Melody,167142,FALSE,0.63,0.91,4,-2.681,0,0.058,0.0231,1.91E-06,0.125,0.525,123.017,4,house,
Jhayco;J Balvin;Bad Bunny,Famouz,No Me Conoce - Remix,309120,FALSE,0.806,0.786,4,-3.831,0,0.0741,0.145,0,0.0935,0.58,91.973,4,reggae,
Stromae,racine carrée,Papaoutai,232146,FALSE,0.734,0.809,4,-7.264,0,0.0839,0.0266,0,0.0642,0.254,116.024,4,house,
Derek & The Dominos,Layla And Other Assorted Love Songs (Remastered 2010),Layla,423840,FALSE,0.404,0.902,4,-3.88,1,0.0665,0.577,0.297,0.287,0.497,115.669,4,singer-songwriter,
Linkin Park,Hybrid Theory (Bonus Edition),One Step Closer,157333,FALSE,0.492,0.969,4,-4.419,1,0.0491,0.0014,1.32E-06,0.0787,0.538,95.136,4,metal,
Cavetown,Cavetown,Devil Town,179955,FALSE,0.576,0.759,4,-8.165,1,0.0599,0.12,0,0.121,0.501,99.969,4,indie-pop,
MGMT,Little Dark Age,Little Dark Age,299960,FALSE,0.705,0.712,4,-6.156,1,0.0385,0.0102,0.000855,0.1,0.62,97.512,4,indie,
Shawn Mendes,Illuminate (Deluxe),Mercy,208733,FALSE,0.555,0.662,4,-4.952,0,0.0827,0.125,0,0.111,0.356,148.128,4,dance,
Heart,Bad Animals,Alone,218733,FALSE,0.418,0.452,4,-13.099,1,0.0356,0.638,0.00026,0.0959,0.168,175.088,4,hard-rock,
King,OOPS,OOPS,163200,FALSE,0.918,0.673,4,-5.084,1,0.184,0.314,0,0.0555,0.828,99.952,4,hip-hop,
Bryan Adams,Waking Up The Neighbours,(Everything I Do) I Do It For You,393640,FALSE,0.533,0.36,4,-12.633,1,0.0282,0.0805,1.03E-05,0.0631,0.299,131.229,4,songwriter,
Hoobastank,The Reason (15th Anniversary Deluxe),The Reason,232800,FALSE,0.472,0.671,4,-4.649,1,0.029,0.0129,0,0.159,0.0681,82.952,4,alt-rock,
Vaundy,CHAINSAW BLOOD,CHAINSAW BLOOD,200997,FALSE,0.528,0.855,4,-5.229,1,0.0953,7.38E-05,1.81E-06,0.281,0.549,146.987,4,soul,
Alesso;Katy Perry,When I’m Gone (with Katy Perry),When I’m Gone (with Katy Perry),161266,FALSE,0.685,0.886,4,-4.179,1,0.034,0.028,0,0.481,0.615,125.034,4,edm,
Clean Bandit;Zara Larsson,What Is Love? (Deluxe Edition),Symphony (feat. Zara Larsson),212733,FALSE,0.715,0.605,4,-5.128,0,0.0428,0.239,1.41E-05,0.189,0.454,122.956,4,edm,
Cyndi Lauper,She's So Unusual,Girls Just Want to Have Fun,238266,FALSE,0.71,0.799,4,-4.897,1,0.0328,0.22,0.000602,0.349,0.725,120.372,4,disco,
Lykke Li,so sad so sexy,sex money feelings die,139840,TRUE,0.789,0.534,4,-6.347,0,0.0709,0.323,3.42E-06,0.0645,0.631,134.055,4,indie-pop,
Bad Bunny,Un Verano Sin Ti,Un Ratito,176936,FALSE,0.787,0.546,4,-7.094,0,0.0532,0.305,4.55E-05,0.122,0.222,93.05,4,latino,
Foo Fighters,In Your Honor,Best of You,255626,FALSE,0.366,0.94,4,-5.119,0,0.0696,0.000769,9.42E-05,0.188,0.369,130.198,4,grunge,
Joji,Glimpse of Us,Glimpse of Us,233456,FALSE,0.44,0.317,4,-9.258,1,0.0531,0.891,4.78E-06,0.141,0.268,169.914,3,pop,
Avicii,The Days / Nights,The Nights,176658,FALSE,0.527,0.835,4,-5.298,1,0.0433,0.0166,0,0.249,0.654,125.983,4,pop,
The Lumineers,The Lumineers (Deluxe Edition),Ho Hey,163133,FALSE,0.682,0.471,4,-9.182,1,0.0301,0.765,0,0.0908,0.421,79.907,4,folk,
Paloma Faith,A Perfect Contradiction (Outsiders' Expanded Edition),Only Love Can Hurt Like This,232893,FALSE,0.566,0.885,4,-4.528,1,0.0818,0.0958,9.97E-05,0.334,0.304,90.99,4,dance,
Daddy Yankee;Snow,Con Calma,Con Calma,193226,FALSE,0.737,0.86,4,-2.652,0,0.0593,0.11,1.94E-06,0.0574,0.656,93.989,4,reggae,
Cavetown,Animal Kingdom,Juliet,278991,TRUE,0.546,0.586,4,-8.488,1,0.0313,0.00346,0.00114,0.0562,0.364,131.778,4,indie-pop,
Lynyrd Skynyrd,Second Helping (Expanded Edition),Sweet Home Alabama,283800,TRUE,0.596,0.605,4,-12.145,1,0.0255,0.181,0.000331,0.0863,0.886,97.798,4,country,
Bad Bunny;Jhay Cortez,EL ÚLTIMO TOUR DEL MUNDO,DÁKITI,205090,TRUE,0.731,0.573,4,-10.059,0,0.0544,0.401,5.22E-05,0.113,0.145,109.928,4,reggaeton,
Becky Hill;David Guetta,Remember,Remember,160766,FALSE,0.612,0.862,4,-2.903,1,0.037,0.041,0,0.0907,0.354,123.849,4,edm,
Anitta,Envolver,Envolver,193805,FALSE,0.812,0.736,4,-5.421,0,0.0833,0.152,0.00254,0.0914,0.396,91.993,4,pagode,
flora cash,You're Somebody Else,You're Somebody Else,218883,FALSE,0.713,0.452,4,-9.638,1,0.0295,0.841,0.0038,0.105,0.235,102.963,4,indie-pop,
The Offspring,Americana,The Kids Aren't Alright,180160,FALSE,0.523,0.943,4,-4.203,1,0.0337,0.00704,3.81E-05,0.0579,0.766,99.607,4,punk,
Majestic;Boney M.,Rasputin,Rasputin,186209,FALSE,0.758,0.913,4,-2.926,0,0.113,0.00364,6.92E-05,0.193,0.658,128.04,4,house,
Bee Gees,How Can You Mend A Broken Heart,Stayin Alive,285373,FALSE,0.702,0.773,4,-9.256,0,0.0343,0.0288,0.00871,0.147,0.953,103.564,4,disco,
Finger Eleven,Them Vs. You Vs. Me (Deluxe Edition),Paralyzer,208106,FALSE,0.644,0.939,4,-3.486,0,0.0456,0.157,0,0.233,0.861,106.031,4,metal,
The Goo Goo Dolls,Dizzy up the Girl,Iris,289533,FALSE,0.315,0.715,4,-8.072,0,0.0362,0.00125,7.97E-06,0.0942,0.497,155.925,3,rock,
Declan McKenna,What Do You Think About the Car?,Brazil,252306,FALSE,0.687,0.617,4,-5.213,1,0.0287,0.0941,1.27E-05,0.0898,0.665,121.079,4,alt-rock,
Lynyrd Skynyrd,Pronounced' Leh-'Nerd 'Skin-'Nerd,Free Bird,547106,FALSE,0.249,0.834,4,-8.21,1,0.0577,0.0738,9.48E-05,0.0924,0.338,118.223,4,hard-rock,
Maluma,PAPI JUANCHO,Hawái,199112,FALSE,0.783,0.727,4,-3.454,0,0.389,0.185,2.46E-05,0.0626,0.558,180.067,4,reggae,
Fountains Of Wayne,Welcome Interstate Managers,Stacy's Mom,197986,FALSE,0.774,0.75,4,-4.927,0,0.0412,0.00207,1.78E-05,0.0808,0.927,118.015,4,alt-rock,
Zara Larsson,So Good,Lush Life,201122,FALSE,0.694,0.712,4,-3.923,0,0.046,0.132,0,0.211,0.799,98.023,4,electro,
Marshmello;Anne-Marie,FRIENDS,FRIENDS,202620,TRUE,0.626,0.88,4,-2.384,0,0.0504,0.205,0,0.128,0.534,95.079,4,house,
Billy Joel,The Stranger (Legacy Edition),Vienna,214240,FALSE,0.532,0.495,4,-6.662,1,0.0343,0.659,0,0.0754,0.308,124.936,4,folk,
Shawn Mendes;Camila Cabello,Shawn Mendes (Deluxe),Señorita,190799,FALSE,0.759,0.548,4,-6.049,0,0.029,0.0392,0,0.0828,0.749,116.967,4,dance,
Echosmith,Talking Dreams (Deluxe Edition),Cool Kids,237626,FALSE,0.719,0.671,4,-6.279,1,0.0336,0.0372,8.21E-06,0.12,0.786,130.027,4,indie,
Tiësto;Charli XCX,Hot In It,Hot In It,129817,FALSE,0.748,0.841,4,-5.08,1,0.177,0.00445,1.33E-06,0.0413,0.717,123.045,4,edm,
Kane Brown;Katelyn Brown,Different Man,Thank God,174560,FALSE,0.738,0.455,4,-8.735,1,0.0352,0.695,0,0.107,0.441,99.945,4,country,
Halsey,Manic,Without Me,201660,TRUE,0.752,0.488,4,-7.05,1,0.0705,0.297,9.11E-06,0.0936,0.533,136.041,4,indie-pop,
Marvin Gaye;Tammi Terrell,United,Ain't No Mountain High Enough,151666,FALSE,0.663,0.6,4,-10.87,1,0.032,0.43,0,0.184,0.8,129.991,4,soul,
Bryan Adams,Reckless (30th Anniversary / Deluxe Edition),Summer Of '69,216053,FALSE,0.508,0.834,4,-6.205,1,0.0386,0.0183,0,0.0732,0.774,139.131,4,songwriter,
The Notorious B.I.G.,Ready to Die (The Remaster),Big Poppa - 2005 Remaster,252746,TRUE,0.78,0.575,4,-7.247,0,0.273,0.43,0,0.143,0.773,84.492,4,hardcore,
Jeremy Zucker,glisten,all the kids are depressed,169973,TRUE,0.773,0.437,4,-8.281,1,0.0963,0.836,2.42E-05,0.544,0.707,103.861,4,electro,
Cavetown,This Is Home,This Is Home,226073,FALSE,0.811,0.266,4,-12.478,1,0.0406,0.56,1.05E-06,0.0962,0.211,130.044,4,indie,
Bad Bunny;Tainy,Callaita,Callaita,250533,TRUE,0.61,0.624,4,-4.773,1,0.309,0.6,2.12E-06,0.243,0.244,176.169,4,reggaeton,
Bad Bunny,Un Verano Sin Ti,Tití Me Preguntó,243716,FALSE,0.65,0.715,4,-5.198,0,0.253,0.0993,0.000291,0.126,0.187,106.672,4,reggae,
Mazzy Star,So Tonight That I Might See,Fade Into You,295600,FALSE,0.42,0.33,4,-13.925,1,0.0275,0.245,0.000679,0.0677,0.175,157.143,3,alt-rock,
Cage The Elephant,Melophobia,Cigarette Daydreams,208760,FALSE,0.636,0.676,4,-3.442,1,0.0263,0.0807,0,0.0831,0.273,113.98,4,punk-rock,
Dua Lipa,Future Nostalgia,Break My Heart,221820,FALSE,0.73,0.729,4,-3.434,0,0.0884,0.167,1.39E-06,0.349,0.467,113.011,4,dance,
Blue Öyster Cult,Agents Of Fortune,(Don't Fear) The Reaper,308120,FALSE,0.333,0.927,4,-8.55,0,0.0733,0.0029,0.000208,0.297,0.385,141.466,4,blues,
The Temptations,The Temptations Sing Smokey,My Girl,165000,FALSE,0.572,0.418,4,-10.738,1,0.0349,0.635,0,0.0961,0.694,104.566,4,funk,
Bryan Adams,Reckless (30th Anniversary / Deluxe Edition),Heaven,243360,FALSE,0.382,0.589,4,-7.315,0,0.0267,0.0465,0,0.122,0.335,140.059,4,songwriter,
KAROL G,BICHOTA,BICHOTA,178946,TRUE,0.863,0.666,4,-4.158,0,0.152,0.212,0.000493,0.103,0.838,163.908,4,reggae,
Pantera,Vulgar Display of Power,Walk,315120,TRUE,0.43,0.704,4,-8.008,0,0.0804,0.000155,0.00221,0.0933,0.703,118.242,4,metal,
David Guetta;Sia,Nothing but the Beat (Ultimate Edition),Titanium (feat. Sia),245040,FALSE,0.604,0.787,4,-3.674,0,0.103,0.0679,0.15,0.127,0.301,126.062,4,dance,
System Of A Down,Toxicity,Chop Suey!,210240,FALSE,0.417,0.934,4,-3.908,0,0.119,0.000278,0.0015,0.132,0.287,127.066,4,metal,
The Turtles,Happy Together,Happy Together,176293,FALSE,0.584,0.367,4,-9.638,0,0.0328,0.55,1.38E-05,0.0818,0.588,120.175,4,psych-rock,
Tiësto;KAROL G,Don't Be Shy,Don't Be Shy,140500,TRUE,0.77,0.787,4,-3.748,0,0.0583,0.198,0,0.262,0.513,119.986,4,edm,
Chimbala,Feliz,Feliz,177240,FALSE,0.848,0.852,4,-2.158,0,0.103,0.373,0.0323,0.0865,0.956,129.995,4,latino,
The Offspring,Americana,The Kids Aren't Alright,180160,FALSE,0.523,0.943,4,-4.203,1,0.0337,0.00704,3.81E-05,0.0579,0.766,99.607,4,ska,
Mitski,Be the Cowboy,Washing Machine Heart,128198,FALSE,0.613,0.822,4,-4.087,1,0.026,0.0092,0.506,0.429,0.567,105.997,4,indie,
Gabry Ponte;LUM!X;Prezioso,Thunder,Thunder,160000,FALSE,0.67,0.896,4,-4.673,1,0.058,0.0342,3.21E-05,0.344,0.403,101.216,3,house,
Cigarettes After Sex,Cigarettes After Sex,Sweet,292110,FALSE,0.45,0.511,4,-9.073,1,0.0276,0.353,0.766,0.139,0.115,96.563,4,indie-pop,
Deftones,Diamond Eyes,Sextape,241533,FALSE,0.367,0.634,4,-6.475,1,0.027,0.000824,0.0759,0.116,0.0964,89.981,4,metal,
Luar La L,L3tra,Caile,141340,TRUE,0.704,0.756,4,-4.948,1,0.448,0.298,3.75E-06,0.0852,0.461,121.737,3,reggaeton,
The Neighbourhood,Wiped Out!,Daddy Issues,260173,FALSE,0.588,0.521,4,-9.461,1,0.0329,0.0678,0.149,0.123,0.337,85.012,4,rock,
Frank Ocean,Chanel,Chanel,210285,TRUE,0.776,0.503,4,-5.732,0,0.237,0.874,0,0.112,0.473,110.134,4,soul,
Tiësto;Black Eyed Peas,Pump It Louder,Pump It Louder,158571,FALSE,0.66,0.942,4,-2.273,1,0.185,0.00789,1.76E-05,0.834,0.543,126.017,4,house,
Everybody Loves an Outlaw,I See Red,I See Red,230613,FALSE,0.509,0.448,4,-7.552,0,0.0357,0.00713,0.0137,0.244,0.221,156.909,3,blues,
Bad Bunny,YHLQMDLG,La Zona,136892,TRUE,0.762,0.801,4,-3.661,0,0.0409,0.2,7.04E-05,0.254,0.81,93.992,4,latino,
MEDUZA;Hozier,Tell It To My Heart,Tell It To My Heart,165524,FALSE,0.539,0.715,4,-6.639,0,0.0595,0.0265,0,0.609,0.489,123.854,4,house,
The 1975,I'm In Love With You,I'm In Love With You,262623,TRUE,0.668,0.902,4,-3.924,1,0.0386,0.169,8.74E-05,0.198,0.913,119.008,4,alt-rock,
Sam Smith;Kim Petras,Unholy (feat. Kim Petras),Unholy (feat. Kim Petras),156943,FALSE,0.714,0.472,4,-7.375,1,0.0864,0.013,4.51E-06,0.266,0.238,131.121,4,dance,
Calvin Harris,Motion,Summer,222533,FALSE,0.596,0.856,4,-3.556,0,0.0346,0.0211,0.0178,0.141,0.743,127.949,4,electro,
Zion & Lennox,Motivando a la Yal,Yo Voy (feat. Daddy Yankee),232019,FALSE,0.808,0.697,4,-5.899,1,0.241,0.041,0,0.0546,0.554,95.06,4,reggae,
Alessia Cara,Know-It-All,Scars To Your Beautiful,230240,FALSE,0.573,0.739,4,-5.74,1,0.129,0.0285,0,0.111,0.451,97.085,4,dance,
Paramore,Paramore,Ain't It Fun,296520,FALSE,0.61,0.893,4,-3.681,1,0.0921,0.154,4.41E-05,0.021,0.673,104.031,4,punk,
Taylor Swift,Fearless (Big Machine Radio Release Special),Love Story,236266,FALSE,0.617,0.741,4,-3.97,1,0.0311,0.131,0,0.0772,0.306,118.984,4,pop,
Rise Against,Appeal To Reason,Savior,242280,FALSE,0.554,0.932,4,-3.424,0,0.0485,0.00154,0.000142,0.425,0.478,112.49,4,punk,
Bryan Adams,Reckless (30th Anniversary / Deluxe Edition),Summer Of '69,216053,FALSE,0.508,0.834,4,-6.205,1,0.0386,0.0183,0,0.0732,0.774,139.131,4,singer-songwriter,
John Denver,"The John Denver Collection, Vol 1: Take Me Home Country Roads","Take Me Home, Country Roads",197813,FALSE,0.38,0.43,4,-12.564,1,0.0288,0.546,1.71E-05,0.188,0.547,82.204,4,folk,
French Montana;Swae Lee,Jungle Rules,Unforgettable,233901,TRUE,0.726,0.769,4,-5.043,1,0.123,0.0293,0.0101,0.104,0.733,97.985,4,hip-hop,
Imanbek;BYOR,Belly Dancer,Belly Dancer,151475,FALSE,0.845,0.797,4,-4.984,1,0.139,0.0582,5.57E-06,0.167,0.422,121.985,4,house,
DJ Snake;Selena Gomez;Ozuna;Cardi B,"Taki Taki (with Selena Gomez, Ozuna & Cardi B)","Taki Taki (with Selena Gomez, Ozuna & Cardi B)",212500,TRUE,0.842,0.801,4,-4.167,0,0.228,0.157,4.82E-06,0.0642,0.617,95.881,4,edm,
Bazzi,COSMIC,Mine,131064,TRUE,0.71,0.789,4,-3.874,1,0.0722,0.0161,2.77E-06,0.451,0.717,142.929,4,electro,
Bad Bunny,Un Verano Sin Ti,Tití Me Preguntó,243716,FALSE,0.65,0.715,4,-5.198,0,0.253,0.0993,0.000291,0.126,0.187,106.672,4,reggaeton,
Bad Bunny;The Marías,Un Verano Sin Ti,Otro Atardecer,244444,FALSE,0.777,0.595,4,-6.79,1,0.0375,0.59,0.00139,0.0669,0.546,108.02,4,reggaeton,
Zedd;Maren Morris;BEAUZ,Make You Say,Make You Say,206000,FALSE,0.687,0.61,4,-4.713,0,0.0499,0.351,0,0.175,0.649,128.15,4,techno,
Bazzi,COSMIC,Fantasy,148229,TRUE,0.699,0.668,4,-4.272,0,0.0336,0.154,3.20E-06,0.362,0.314,144.105,4,electro,
George Ezra,Wanted on Voyage (Expanded Edition),Budapest,200733,FALSE,0.717,0.455,4,-8.303,1,0.0276,0.0846,0,0.11,0.389,127.812,4,singer-songwriter,
Oliver Tree;Robin Schulz,Miss You,Miss You,206000,TRUE,0.587,0.742,4,-6.64,0,0.0529,0.0128,0.00107,0.146,0.199,145.007,4,alternative,
Ariana Grande,"thank u, next","break up with your girlfriend, i'm bored",190440,TRUE,0.726,0.554,4,-5.29,0,0.0917,0.0421,0,0.106,0.335,169.999,4,dance,
Bad Bunny,Vete,Vete,192024,TRUE,0.886,0.672,4,-4.394,1,0.188,0.0363,8.78E-06,0.101,0.526,91.976,4,reggaeton,
Incubus,Make Yourself,Drive,232453,FALSE,0.645,0.792,4,-7.34,0,0.036,0.0562,0.0121,0.119,0.666,90.565,4,metal,
Drake,Scorpion,God's Plan,198973,TRUE,0.754,0.449,4,-9.211,1,0.109,0.0332,8.29E-05,0.552,0.357,77.169,4,hip-hop,
fun.;Janelle Monáe,Some Nights,We Are Young (feat. Janelle Monáe),250626,FALSE,0.378,0.638,4,-5.576,1,0.075,0.02,7.66E-05,0.0849,0.735,184.086,4,rock,
Selena Gomez & The Scene,When The Sun Goes Down,Who Says,195613,FALSE,0.682,0.927,4,-2.915,1,0.0479,0.0843,0,0.149,0.744,101.019,4,pop,
Topic;A7S,Breaking Me,Breaking Me,166793,FALSE,0.789,0.72,4,-5.652,0,0.218,0.223,0,0.129,0.664,122.031,4,house,
Billy Joel,Piano Man (Legacy Edition),Piano Man,339000,FALSE,0.331,0.55,4,-6.483,1,0.0272,0.605,3.96E-06,0.192,0.429,177.734,3,singer-songwriter,
Stephen Sanchez,Easy On My Eyes,Until I Found You,176666,FALSE,0.346,0.5,4,-6.097,1,0.0388,0.757,0,0.189,0.191,202.466,3,songwriter,
Danny Ocean,54+1,Me Rehúso,205714,FALSE,0.744,0.804,4,-6.327,1,0.0677,0.0231,0,0.0494,0.426,104.823,4,reggaeton,
Bon Jovi,Crush,It's My Life,224493,FALSE,0.551,0.913,4,-4.063,0,0.0466,0.0263,1.35E-05,0.347,0.544,119.992,4,rock,
Surf Mesa;Emilee,ily (i love you baby) (feat. Emilee),ily (i love you baby) (feat. Emilee),176546,FALSE,0.674,0.774,4,-7.567,0,0.0892,0.0686,0.00188,0.393,0.33,112.05,4,house,
Paramore,Riot!,Misery Business,211520,FALSE,0.517,0.906,4,-3.677,1,0.0735,0.00272,9.26E-06,0.113,0.731,172.977,4,emo,
Rels B,cómo dormiste?,cómo dormiste?,112572,TRUE,0.627,0.429,4,-8.255,1,0.234,0.238,0,0.122,0.565,126.426,5,spanish,
Marshmello;Anne-Marie,FRIENDS,FRIENDS,202620,TRUE,0.626,0.88,4,-2.384,0,0.0504,0.205,0,0.128,0.534,95.079,4,edm,
ZZ Top,Tres Hombres (Expanded 2006 Remaster),La Grange - 2005 Remaster,230480,FALSE,0.545,0.64,4,-9.937,0,0.224,0.00249,0.0304,0.196,0.606,80.544,4,hard-rock,
Tom Petty,Full Moon Fever,Free Fallin',256000,FALSE,0.623,0.449,4,-13.333,1,0.0253,0.212,0,0.0613,0.572,84.383,4,songwriter,
Cigarettes After Sex,Cigarettes After Sex,Apocalypse,290616,FALSE,0.37,0.467,4,-9.013,1,0.0273,0.0205,0.572,0.109,0.182,94.485,4,pop,
Stephen Sanchez,Until I Found You (Piano Version),Until I Found You - Piano Version,184895,FALSE,0.603,0.148,4,-10.449,1,0.0279,0.927,0,0.101,0.228,95.451,3,singer-songwriter,
Ludovico Einaudi;Daniel Hope;I Virtuosi Italiani,In A Time Lapse,Experience,315426,FALSE,0.447,0.449,4,-10.634,1,0.0376,0.934,0.961,0.0697,0.036,92.468,4,ambient,
Joel Corry;MNEK,Head & Heart (feat. MNEK),Head & Heart (feat. MNEK),166028,FALSE,0.734,0.874,4,-3.158,1,0.0662,0.168,1.14E-05,0.0489,0.905,122.953,4,house,
George Ezra,Staying at Tamara's,Hold My Girl,211763,FALSE,0.614,0.527,4,-6.374,1,0.0302,0.597,0,0.11,0.354,121.941,4,singer-songwriter,
Tove Lo,Queen Of The Clouds,Habits (Stay High),209160,FALSE,0.733,0.65,4,-3.539,1,0.0315,0.0703,6.59E-05,0.0829,0.348,110.003,4,electro,
Jimi Hendrix,Electric Ladyland,All Along the Watchtower,240800,FALSE,0.438,0.805,4,-6.237,1,0.0624,0.00255,5.69E-05,0.0842,0.564,113.253,4,hard-rock,
aespa,Girls - The 2nd Mini Album,Girls,240440,FALSE,0.57,0.974,4,-0.173,0,0.325,0.115,0.000594,0.125,0.65,171.958,4,k-pop,
Ozuna;Manuel Turizo,Aura,Vaina Loca,176133,FALSE,0.754,0.805,4,-4.249,1,0.0752,0.315,0,0.203,0.555,93.982,4,latino,
Halsey,Without Me,Without Me,201660,TRUE,0.752,0.488,4,-7.05,1,0.0705,0.297,9.11E-06,0.0936,0.533,136.041,4,electro,
Alan Walker;Imanbek,Sweet Dreams,Sweet Dreams,138819,FALSE,0.766,0.817,4,-4.253,1,0.035,0.0239,2.49E-06,0.159,0.43,125.033,4,house,
The Neighbourhood,Chip Chrome & The Mono-Tones (Deluxe),Stargazing,217026,FALSE,0.512,0.483,4,-7.798,1,0.0298,0.00304,0.0011,0.12,0.367,160.009,4,rock,
Weezer,Weezer,Say It Ain't So,258826,FALSE,0.634,0.551,4,-7.136,1,0.0352,0.00737,1.82E-05,0.07,0.453,151.779,4,power-pop,
Drake;Wizkid;Kyla,Views,One Dance,173986,FALSE,0.792,0.625,4,-5.609,1,0.0536,0.00776,0.0018,0.329,0.37,103.967,4,hip-hop,
Liana Flores,recently,rises the moon,161929,FALSE,0.483,0.129,4,-20.149,0,0.0349,0.947,0.145,0.106,0.203,137.35,3,indie-pop,
Ricky Montgomery,Montgomery Ricky,Mr Loverman,216880,FALSE,0.639,0.526,4,-6.697,1,0.0256,0.245,2.43E-05,0.25,0.488,130.033,3,indie-pop,
Fuego,Una Vaina Loca,Una Vaina Loca,188894,FALSE,0.792,0.676,4,-12.813,1,0.0546,0.172,1.93E-05,0.0654,0.712,117.011,4,reggaeton,
3 Doors Down,The Better Life,Kryptonite,233933,FALSE,0.545,0.865,4,-5.708,0,0.0286,0.00664,1.10E-05,0.168,0.543,99.009,4,alternative,
Prince,Purple Rain,Purple Rain,520786,FALSE,0.367,0.452,4,-10.422,1,0.0307,0.0353,0.00228,0.689,0.189,113.066,4,funk,
Arctic Monkeys,There’d Better Be A Mirrorball,There’d Better Be A Mirrorball,265798,FALSE,0.513,0.369,4,-10.899,1,0.0307,0.634,0.0139,0.186,0.311,72.062,4,indie,
Christina Perri,A Thousand Years,A Thousand Years,285120,FALSE,0.421,0.407,4,-7.445,1,0.0267,0.309,0.000961,0.11,0.161,139.028,3,dance,
Dhanush;Anirudh Ravichander,"Mayakkama Kalakkama (From ""Thiruchitrambalam"")","Mayakkama Kalakkama (From ""Thiruchitrambalam"")",142258,FALSE,0.789,0.536,4,-5.422,0,0.0424,0.604,2.09E-06,0.088,0.877,124.029,4,pop,
Sleep Miracle,Brown Sleep Noise,Brown Sleep Noise,248000,FALSE,0.0555,0.0837,4,-30.397,1,0.147,0.116,1,0.112,0.06,59.509,4,sleep,
Red Hot Chili Peppers,Californication (Deluxe Edition),Californication,329733,FALSE,0.592,0.767,4,-2.788,0,0.027,0.0021,0.00165,0.127,0.328,96.483,4,rock,
Axwell /\ Ingrosso,More Than You Know,More Than You Know,203000,FALSE,0.646,0.741,4,-4.973,0,0.034,0.0275,0,0.312,0.571,123.077,4,house,
The Chainsmokers;Bebe Rexha,World War Joy,Call You Mine,217640,FALSE,0.585,0.696,4,-5.6,0,0.0307,0.204,0,0.344,0.522,104.01,4,edm,
Ozuna,Odisea,Se Preparó,188080,FALSE,0.739,0.821,4,-4.233,1,0.0852,0.222,9.60E-06,0.311,0.693,171.077,4,latino,
Don McLean,American Pie,American Pie,516893,FALSE,0.531,0.481,4,-11.709,0,0.06,0.699,0,0.0842,0.491,138.45,4,singer-songwriter,
Arctic Monkeys,AM,Why'd You Only Call Me When You're High?,161123,FALSE,0.691,0.631,4,-6.478,1,0.0368,0.0483,1.13E-05,0.104,0.8,92.004,4,indie,
Nirvana,Nevermind (Remastered),Something In The Way,232146,FALSE,0.427,0.201,4,-13.044,1,0.0317,0.745,0.263,0.109,0.0668,105.218,4,rock,
Mabel,Ivy To Roses (Mixtape),Don't Call Me Up,178480,FALSE,0.674,0.881,4,-2.853,1,0.147,0.296,3.01E-06,0.0793,0.234,98.994,4,edm,
Foo Fighters,The Colour And The Shape,Everlong,250546,FALSE,0.413,0.881,4,-5.541,0,0.0367,5.99E-05,0.000308,0.0805,0.364,158.066,4,grunge,
Metallica,Metallica,Enter Sandman,331266,FALSE,0.577,0.828,4,-8.691,0,0.0298,0.00213,0.0114,0.0581,0.604,123.257,4,rock,
Sigala,Melody,Melody,167142,FALSE,0.63,0.91,4,-2.681,0,0.058,0.0231,1.91E-06,0.125,0.525,123.017,4,edm,
Red Hot Chili Peppers,Blood Sugar Sex Magik (Deluxe Edition),Under the Bridge,264306,FALSE,0.559,0.345,4,-13.496,1,0.0459,0.0576,0.000105,0.141,0.458,84.581,4,alt-rock,
Lykke Li,sex money feelings die (slowed version),sex money feelings die - slowed version,168810,TRUE,0.797,0.44,4,-6.587,0,0.0594,0.471,1.57E-06,0.0849,0.436,111.014,4,swedish,
The Lumineers,Cleopatra,Ophelia,160097,FALSE,0.664,0.573,4,-6.519,1,0.0277,0.613,0.000363,0.0857,0.566,76.023,4,folk,
Travis Scott,ASTROWORLD,SICKO MODE,312820,TRUE,0.834,0.73,4,-3.714,1,0.222,0.00513,0,0.124,0.446,155.008,4,house,
Swedish House Mafia;John Martin,Don't You Worry Child,Don't You Worry Child - Radio Edit,212862,FALSE,0.612,0.84,4,-3.145,0,0.0509,0.112,0,0.116,0.438,129.042,4,electro,
BLACKPINK,As If It's Your Last,As If It's Your Last,213264,FALSE,0.786,0.852,4,-2.687,1,0.0813,0.0687,0,0.0759,0.455,125.036,4,k-pop,
Gnarls Barkley,St. Elsewhere,Crazy,177466,FALSE,0.855,0.587,4,-4.589,1,0.0336,0.0505,0.00714,0.105,0.64,111.97,4,soul,
Foo Fighters,"Echoes, Silence, Patience & Grace",The Pretender,269373,FALSE,0.433,0.959,4,-4.04,1,0.0431,0.000917,0,0.028,0.365,172.984,4,alternative,
ABBA,Super Trouper,Lay All Your Love On Me,274466,FALSE,0.678,0.727,4,-7.844,0,0.0258,0.117,0.00396,0.354,0.71,133.481,4,swedish,
Incubus,Make Yourself,Drive,232453,FALSE,0.645,0.792,4,-7.34,0,0.036,0.0562,0.0121,0.119,0.666,90.565,4,funk,
Lifehouse,Lifehouse,You And Me,195493,FALSE,0.459,0.427,4,-7.734,1,0.0267,0.114,0,0.168,0.354,139.902,3,metal,
Indila,Mini World,Tourner Dans Le Vide,246093,FALSE,0.594,0.698,4,-8.645,0,0.0428,0.103,0,0.173,0.376,119.991,4,french,
Chris Brown,Indigo (Extended),Under The Influence,184613,TRUE,0.733,0.69,4,-5.529,0,0.0427,0.0635,1.18E-06,0.105,0.31,116.992,4,dance,
Ana Mena;Belinda,LAS 12,LAS 12,165230,FALSE,0.784,0.814,4,-2.436,1,0.0464,0.0559,0,0.194,0.728,129.96,4,spanish,
Imagine Dragons,Bones,Bones,165264,FALSE,0.773,0.742,4,-3.678,0,0.046,0.0206,0,0.0754,0.571,114.071,4,rock,
Journey,Escape (Bonus Track Version),Don't Stop Believin',250986,FALSE,0.5,0.748,4,-9.072,1,0.0363,0.127,0,0.447,0.514,118.852,4,hard-rock,
DJ Snake;Ozuna;Megan Thee Stallion;LISA,"SG (with Ozuna, Megan Thee Stallion & LISA of BLACKPINK)","SG (with Ozuna, Megan Thee Stallion & LISA of BLACKPINK)",225600,TRUE,0.8,0.837,4,-2.807,0,0.0491,0.00406,0.00313,0.0904,0.702,100.015,4,electronic,
Maluma;Chencho Corleone,Nos Comemos Vivos,Nos Comemos Vivos,225365,FALSE,0.822,0.719,4,-3.633,0,0.0576,0.165,2.48E-05,0.174,0.659,82.01,4,reggaeton,
Clean Bandit;Zara Larsson,Symphony (feat. Zara Larsson),Symphony (feat. Zara Larsson),212459,FALSE,0.707,0.629,4,-4.581,0,0.0563,0.259,1.60E-05,0.138,0.457,122.863,4,edm,
Foo Fighters,In Your Honor,Best of You,255626,FALSE,0.366,0.94,4,-5.119,0,0.0696,0.000769,9.42E-05,0.188,0.369,130.198,4,alt-rock,
David Guetta;Bebe Rexha,I'm Good (Blue),I'm Good (Blue),175238,TRUE,0.561,0.965,4,-3.673,0,0.0343,0.00383,7.07E-06,0.371,0.304,128.04,4,dance,
Tiago PZK;Myke Towers,Traductor,Traductor,222857,FALSE,0.845,0.776,4,-3.098,0,0.0488,0.111,0.0321,0.0684,0.528,105.018,4,latino,
Jaymes Young,Feel Something,Infinity,237720,FALSE,0.671,0.673,4,-6.941,0,0.0444,0.148,5.29E-05,0.304,0.494,121.963,4,pop,
J Balvin;Ed Sheeran,Sigue/Forever My Love,Sigue,159386,TRUE,0.889,0.641,4,-4.494,1,0.0668,0.0515,2.75E-05,0.19,0.588,87.99,4,reggaeton,
Imagine Dragons;Arcane;League of Legends,Enemy (from the series Arcane League of Legends),Enemy - From the series Arcane League of Legends,173381,FALSE,0.722,0.745,4,-4.164,1,0.256,0.247,0,0.419,0.52,77.029,4,rock,
Bad Bunny,Un Verano Sin Ti,Aguacero,210989,FALSE,0.861,0.645,4,-6.96,0,0.0743,0.423,0.000592,0.349,0.668,121.391,5,reggaeton,
Travis Scott,ASTROWORLD,CAN'T SAY,198408,TRUE,0.702,0.708,4,-5.366,0,0.0547,0.201,0,0.118,0.713,147.98,4,house,
Michael Bublé,Michael Bublé,Sway,188066,FALSE,0.713,0.639,4,-5.529,0,0.0313,0.753,0,0.0878,0.737,125.959,4,jazz,
Arctic Monkeys,AM,Knee Socks,257563,FALSE,0.665,0.542,4,-8.323,0,0.033,0.123,0.00291,0.342,0.587,97.975,4,garage,
Bad Bunny,Un Verano Sin Ti,Neverita,173119,FALSE,0.876,0.498,4,-7.511,1,0.0478,0.0706,0,0.143,0.428,122.016,4,reggae,
Sub Urban,Cradles,Cradles,209829,FALSE,0.537,0.586,4,-1.864,1,0.314,0.265,7.04E-05,0.175,0.624,79.056,4,pop,
Panic! At The Disco,Pray for the Wicked,High Hopes,190946,FALSE,0.579,0.904,4,-2.729,1,0.0618,0.193,0,0.064,0.681,82.014,4,rock,
Alesso;Zara Larsson,Words (feat. Zara Larsson),Words (feat. Zara Larsson),142677,FALSE,0.739,0.586,4,-5.079,0,0.0472,0.0245,0.000252,0.308,0.444,124.026,4,edm,
Aitana;Emilia;Ptazeta,Quieres,Quieres,213666,FALSE,0.796,0.646,4,-3.925,0,0.158,0.0744,0,0.127,0.663,180.03,4,spanish,
Zion & Lennox,Motivando a la Yal,Yo Voy (feat. Daddy Yankee),232019,FALSE,0.808,0.697,4,-5.899,1,0.241,0.041,0,0.0546,0.554,95.06,4,latin,
Arctic Monkeys,"Whatever People Say I Am, That's What I'm Not",Mardy Bum,175440,FALSE,0.634,0.599,4,-5.447,1,0.0365,0.0288,0,0.197,0.312,112.215,4,garage,
Ricky Montgomery,Montgomery Ricky,Line Without a Hook,249586,FALSE,0.432,0.652,4,-4.969,1,0.0285,0.262,0,0.258,0.507,190.028,3,indie,
Feid,Feliz Cumpleaños Ferxxo,Feliz Cumpleaños Ferxxo,156400,FALSE,0.87,0.55,4,-5.537,1,0.0722,0.102,0,0.293,0.566,95.019,4,latino,
Bad Bunny;Tainy,Callaita,Callaita,250533,TRUE,0.61,0.624,4,-4.773,1,0.309,0.6,2.12E-06,0.243,0.244,176.169,4,latino,
Thin Lizzy,Jailbreak (Deluxe Edition),The Boys Are Back In Town,266720,FALSE,0.445,0.706,4,-9.803,1,0.0461,0.234,0.000252,0.205,0.768,80.823,4,hard-rock,
Lou Bega,A Little Bit of Mambo,Mambo No. 5 (a Little Bit of...),220293,FALSE,0.622,0.807,4,-6.752,0,0.408,0.103,0,0.306,0.892,174.06,4,latin,
Galantis;David Guetta;Little Mix,Heartbreak Anthem (with David Guetta & Little Mix),Heartbreak Anthem (with David Guetta & Little Mix),183725,FALSE,0.595,0.784,4,-4.878,1,0.102,0.216,0,0.0608,0.479,124.111,4,electro,
Beyoncé,RENAISSANCE,CUFF IT,225388,TRUE,0.78,0.689,4,-5.668,1,0.141,0.0368,9.69E-06,0.0698,0.642,115.042,4,dance,
Eagles,Eagles (2013 Remaster),Take It Easy - 2013 Remaster,211577,FALSE,0.575,0.67,4,-10.39,1,0.0318,0.343,4.95E-06,0.129,0.74,139.191,4,singer-songwriter,
Gym Class Heroes;Adam Levine,The Papercut Chronicles II,Stereo Hearts (feat. Adam Levine),210960,FALSE,0.646,0.795,4,-3.293,1,0.0976,0.0319,0,0.267,0.796,89.99,4,pop,
G-Eazy;Bebe Rexha,When It's Dark Out,"Me, Myself & I",251466,TRUE,0.756,0.674,4,-6.518,0,0.0959,0.0184,0,0.158,0.389,111.995,4,indie,
Billie Eilish,Six Feet Under,Six Feet Under,189613,FALSE,0.576,0.307,4,-12.732,0,0.0428,0.807,0.000355,0.0792,0.157,67.513,4,electro,
Ritt Momney,Put Your Records On,Put Your Records On,210463,FALSE,0.399,0.491,4,-10.778,0,0.0538,0.0563,0.00089,0.11,0.151,91.066,4,indie,
Maluma,Hawái,Hawái,200197,FALSE,0.787,0.728,4,-3.455,0,0.389,0.189,2.29E-05,0.0629,0.545,180.066,4,reggaeton,
BTS,BE,Dynamite,199053,FALSE,0.746,0.765,4,-4.41,0,0.0993,0.0112,0,0.0936,0.737,114.044,4,pop,
Zack Tabudlo,Pano,Pano,254400,FALSE,0.375,0.457,4,-7.018,1,0.0315,0.868,0.0145,0.191,0.415,174.839,3,acoustic,
Shouse;David Guetta,Love Tonight (David Guetta Remix),Love Tonight - David Guetta Remix Edit,158095,FALSE,0.621,0.989,4,-4.225,0,0.0434,0.015,0.357,0.184,0.0348,126.002,4,house,
Incubus,Make Yourself,Drive,232453,FALSE,0.645,0.792,4,-7.34,0,0.036,0.0562,0.0121,0.119,0.666,90.565,4,alt-rock,
Cigarettes After Sex,Cry,Cry,256799,FALSE,0.406,0.399,4,-10.449,1,0.0278,0.756,0.678,0.112,0.163,142.83,4,ambient,
Papa Roach,Infest,Last Resort,199906,TRUE,0.589,0.89,4,-3.719,0,0.0603,0.000481,0.00082,0.201,0.692,90.598,4,metal,
Dhanush;Anirudh Ravichander,"Megham Karukatha (From ""Thiruchitrambalam"")","Megham Karukatha (From ""Thiruchitrambalam"")",290400,FALSE,0.429,0.614,4,-6.573,0,0.0709,0.513,0.000316,0.0922,0.743,149.966,3,pop,
Red Hot Chili Peppers,Californication (Deluxe Edition),Californication,329733,FALSE,0.592,0.767,4,-2.788,0,0.027,0.0021,0.00165,0.127,0.328,96.483,4,alt-rock,
ABBA,Voulez-Vous,Angeleyes,260893,FALSE,0.719,0.922,4,-6.091,1,0.0338,0.523,0.000163,0.0867,0.964,133.113,4,swedish,
Marshmello;Khalid,Numb,Numb,155588,FALSE,0.912,0.774,5,-4.673,0,0.0455,0.121,0.0127,0.101,0.632,119.966,4,electro,
Arctic Monkeys,"Whatever People Say I Am, That's What I'm Not",When The Sun Goes Down,202133,TRUE,0.348,0.875,5,-4.758,0,0.199,0.0341,0,0.117,0.407,169.152,4,garage,
MEDUZA;Goodboys,Piece Of Your Heart,Piece Of Your Heart,152913,FALSE,0.677,0.744,5,-6.806,0,0.0295,0.0404,0.00016,0.074,0.631,124.08,4,edm,
The Neighbourhood,Chip Chrome & The Mono-Tones,Pretty Boy,234093,FALSE,0.578,0.386,5,-11.464,1,0.0278,0.208,0.0453,0.307,0.569,154.902,4,alt-rock,
Lonely God,Marlboro Nights,Marlboro Nights,68522,FALSE,0.466,0.823,5,-6.635,1,0.311,0.00237,0.000321,0.332,0.782,175.797,4,indie,
Buffalo Springfield,Buffalo Springfield,For What It's Worth,153693,FALSE,0.653,0.519,5,-10.164,1,0.0497,0.406,0.0209,0.101,0.822,98.883,4,psych-rock,
Martin Garrix;Dua Lipa,Scared to Be Lonely,Scared to Be Lonely,220883,FALSE,0.584,0.54,5,-7.786,0,0.0576,0.0895,0,0.261,0.195,137.972,4,edm,
Elvis Presley,From Elvis in Memphis,Suspicious Minds,261279,FALSE,0.487,0.382,5,-10.889,1,0.0309,0.0422,4.74E-06,0.411,0.714,116.557,4,rockabilly,
Sigala;Talia Mar,Stay the Night,Stay the Night,171954,FALSE,0.636,0.936,5,-2.65,0,0.0729,0.177,0,0.0879,0.415,124.034,4,house,
Billie Eilish,"WHEN WE ALL FALL ASLEEP, WHERE DO WE GO?",you should see me in a crown,180952,FALSE,0.678,0.533,5,-10.485,1,0.186,0.462,0.219,0.139,0.323,150.455,4,electro,
The Jackson 5,Diana Ross Presents The Jackson 5,I Want You Back,176333,FALSE,0.469,0.538,5,-13.559,1,0.0571,0.305,0.00012,0.37,0.886,196.605,4,soul,
Eminem;Dina Rae,The Eminem Show,Superman,350320,TRUE,0.802,0.755,5,-3.138,0,0.0564,0.0215,0,0.295,0.58,130.027,4,hip-hop,
The Chainsmokers;Coldplay,Something Just Like This,Something Just Like This,247626,FALSE,0.607,0.649,5,-6.695,0,0.0362,0.0306,2.46E-05,0.174,0.505,102.996,4,electro,
WALK THE MOON,TALKING IS HARD,Shut Up and Dance,199080,FALSE,0.578,0.866,5,-3.804,1,0.0619,0.00701,0,0.257,0.619,128.038,4,alternative,
Ed Sheeran,÷ (Deluxe),Shape of You,233712,FALSE,0.825,0.652,5,-3.183,0,0.0802,0.581,0,0.0931,0.931,95.977,4,pop,
Cigarettes After Sex,Cry,Cry,256799,FALSE,0.406,0.399,5,-10.449,1,0.0278,0.756,0.678,0.112,0.163,142.83,4,indie-pop,
Chuck Berry,Berry Is On Top,Johnny B. Goode,161560,FALSE,0.534,0.803,5,-9.129,1,0.0743,0.741,6.07E-05,0.307,0.969,167.983,4,r-n-b,
Sean Kingston;Justin Bieber,Eenie Meenie,Eenie Meenie,201946,FALSE,0.72,0.607,5,-4.168,1,0.0322,0.0543,0,0.113,0.828,121.223,4,dance,
John Denver,"The John Denver Collection, Vol 1: Take Me Home Country Roads","Take Me Home, Country Roads",197813,FALSE,0.38,0.43,5,-12.564,1,0.0288,0.546,1.71E-05,0.188,0.547,82.204,4,country,
Charlie Puth,Light Switch (Instrumental),Light Switch,187703,FALSE,0.69,0.626,5,-5.693,1,0.306,0.105,0.000335,0.0881,0.912,184.009,4,dance,
TWICE,FANCY YOU,FANCY,213880,FALSE,0.697,0.874,5,-2.15,0,0.0449,0.0122,0,0.627,0.775,132.018,4,k-pop,
AP Dhillon,Summer High,Summer High,177391,FALSE,0.86,0.541,5,-6.51,0,0.0325,0.165,0.163,0.0663,0.952,114.984,4,hip-hop,
Maluma,11:11,11:00 PM,175733,FALSE,0.777,0.712,5,-4.84,1,0.277,0.217,0,0.091,0.68,95.692,4,latino,
Stephen Sanchez;Em Beihold,Until I Found You (Em Beihold Version),Until I Found You (with Em Beihold) - Em Beihold Version,176440,FALSE,0.551,0.55,5,-5.339,1,0.0286,0.777,0,0.202,0.342,101.19,3,songwriter,
Jimmy Eat World,Bleed American,The Middle,165853,FALSE,0.643,0.849,5,-5.428,1,0.0526,0.0371,0,0.058,0.903,162.152,4,power-pop,
Bazzi,COSMIC,Mine,131064,TRUE,0.71,0.789,5,-3.874,1,0.0722,0.0161,2.77E-06,0.451,0.717,142.929,4,dance,
Limp Bizkit,Significant Other,Break Stuff,166706,TRUE,0.432,0.884,5,-6.659,1,0.13,0.0127,0.000527,0.166,0.624,108.948,4,funk,
Marshmello;Kane Brown,One Thing Right,One Thing Right,181823,FALSE,0.659,0.625,5,-2.253,1,0.045,0.0644,0,0.582,0.442,88.042,4,edm,
Calvin Harris;Rihanna,This Is What You Came For,This Is What You Came For,222160,FALSE,0.631,0.927,5,-2.787,0,0.0332,0.199,0.119,0.148,0.465,123.962,4,house,
Beach Bunny,Honeymoon,Cloud 9,147350,FALSE,0.637,0.929,5,-3.593,1,0.0491,0.00167,2.62E-05,0.344,0.902,80.974,4,rock,
Oliver Tree,"Ugly is Beautiful: Shorter, Thicker & Uglier (Deluxe)",Life Goes On,161803,FALSE,0.7,0.49,5,-5.187,1,0.076,0.186,0,0.117,0.569,79.982,4,hip-hop,
Mrs. GREEN APPLE,ダンスホール,ダンスホール,203149,FALSE,0.736,0.695,5,-3.87,1,0.0468,0.0209,0,0.0517,0.784,109.976,4,j-pop,
Ado,新時代 (ウタ from ONE PIECE FILM RED),新時代 - ウタ from ONE PIECE FILM RED,228214,FALSE,0.494,0.986,5,-2.262,1,0.243,0.0505,4.41E-06,0.334,0.421,175.003,4,j-pop,
Feid,FELIZ CUMPLEAÑOS FERXXO TE PIRATEAMOS EL ÁLBUM,Feliz Cumpleaños Ferxxo,155960,FALSE,0.865,0.573,5,-5.501,1,0.0678,0.0863,0,0.305,0.563,94.999,4,reggaeton,
Water Sound Natural White Noise,White Noise Spa – Calming Noises,Deep Sleep Recovery Noise,63000,FALSE,0,0.032,5,-30.704,1,0,0.916,0.202,0.103,0,0,0,sleep,
Zedd;Foxes,Clarity,Clarity,271426,FALSE,0.509,0.781,5,-3.48,1,0.072,0.0398,0,0.0749,0.176,128,4,german,
Lauren Spencer Smith,Fingers Crossed,Fingers Crossed,175344,FALSE,0.56,0.473,5,-7.23,1,0.0533,0.618,0,0.31,0.441,109.414,4,singer-songwriter,
Öwnboss;Sevek,Move Your Body,Move Your Body,157444,FALSE,0.848,0.821,5,-5.408,0,0.0527,0.0169,0.000403,0.0962,0.249,125.051,4,edm,
Adele,Skyfall,Skyfall,286480,FALSE,0.346,0.552,5,-6.864,0,0.0282,0.417,0,0.114,0.0789,75.881,4,british,
Sebastian Yatra;Myke Towers,Pareja Del Año,Pareja Del Año,195053,FALSE,0.715,0.622,5,-5.102,0,0.046,0.163,0,0.0948,0.808,80.015,4,reggaeton,
Tom Odell,Long Way Down (Deluxe),Another Love,244360,TRUE,0.445,0.537,5,-8.532,0,0.04,0.695,1.65E-05,0.0944,0.131,122.769,4,chill,
Jonas Blue;William Singe,Blue,Mama,184133,FALSE,0.738,0.794,5,-4.118,0,0.0416,0.101,0,0.0533,0.566,104.014,4,edm,
The 1975,I'm In Love With You,I'm In Love With You,262623,TRUE,0.668,0.902,5,-3.924,1,0.0386,0.169,8.74E-05,0.198,0.913,119.008,4,alternative,
Marshmello;Halsey,Be Kind (with Halsey),Be Kind (with Halsey),172761,FALSE,0.63,0.633,5,-7.088,1,0.0457,0.00776,0,0.0541,0.452,93.995,4,edm,
Everybody Loves an Outlaw,I See Red,I See Red,230613,FALSE,0.509,0.448,5,-7.552,0,0.0357,0.00713,0.0137,0.244,0.221,156.909,3,rock,
Ozzy Osbourne,Blizzard Of Ozz (40th Anniversary Expanded Edition),Crazy Train,293183,FALSE,0.454,0.913,5,-4.008,1,0.107,0.408,0.000271,0.248,0.521,137.688,4,hard-rock,
keshi,beside you,beside you,166023,FALSE,0.711,0.747,5,-6.335,1,0.0523,0.459,0,0.0957,0.852,136,4,chill,
Foo Fighters,The Colour And The Shape,Everlong,250546,FALSE,0.413,0.881,5,-5.541,0,0.0367,5.99E-05,0.000308,0.0805,0.364,158.066,4,alt-rock,
blink-182,Enema Of The State,What's My Age Again?,148360,TRUE,0.391,0.951,5,-7.419,1,0.0692,0.0126,0.000378,0.0878,0.468,157.66,4,punk-rock,
salem ilese;TOMORROW X TOGETHER;Alan Walker,PS5 (with TOMORROW X TOGETHER & Alan Walker),PS5 (with TOMORROW X TOGETHER & Alan Walker),152214,FALSE,0.602,0.642,5,-5.404,0,0.211,0.0131,5.33E-06,0.0668,0.54,175.978,4,indie,
Ozuna;Feid,Hey Mor,Hey Mor,196600,FALSE,0.901,0.589,5,-6.713,0,0.289,0.00302,0.000237,0.0992,0.399,98.002,4,latin,
Linkin Park,Meteora,Faint,162600,FALSE,0.554,0.978,5,-3.554,1,0.131,0.111,0,0.0731,0.594,135.095,4,metal,
The Who,Who's Next (Deluxe Edition),Baba O'Riley,300400,FALSE,0.489,0.724,5,-8.367,1,0.0352,0.313,0.185,0.287,0.15,117.292,4,psych-rock,
Alien Ant Farm,Anthology,Smooth Criminal,209266,FALSE,0.653,0.964,5,-4.261,0,0.0582,0.00316,0.00512,0.144,0.87,126.928,4,metal,
Red Hot Chili Peppers,Californication (Deluxe Edition),Scar Tissue,215906,FALSE,0.595,0.717,5,-4.803,1,0.0295,0.0779,0.00274,0.108,0.547,88.969,4,alt-rock,
Shawn Mendes,Handwritten,Stitches,206880,FALSE,0.746,0.754,5,-6.684,1,0.0676,0.0152,0,0.0486,0.746,149.882,4,pop,
Alan Walker,Different World,Faded,212106,FALSE,0.468,0.627,5,-5.085,1,0.0476,0.0281,7.97E-06,0.11,0.159,179.642,4,house,
Coldplay,A Head Full of Dreams,Hymn for the Weekend,258266,FALSE,0.491,0.693,5,-6.487,0,0.0377,0.211,6.92E-06,0.325,0.412,90.027,4,pop,
Slipknot,Vol. 3: The Subliminal Verses,Before I Forget,278600,FALSE,0.291,0.974,5,-2.997,0,0.171,0.0177,5.44E-06,0.886,0.348,134.724,4,metal,
ZAYN;Taylor Swift,reputation Stadium Tour Surprise Song Playlist,I Don’t Wanna Live Forever (Fifty Shades Darker),247160,FALSE,0.731,0.445,5,-8.418,1,0.0533,0.0586,1.96E-05,0.14,0.106,117.97,4,pop,
Surf Curse,Freaks,Freaks,147062,FALSE,0.345,0.941,5,-9.918,1,0.0466,3.84E-05,0.633,0.0511,0.407,179.626,4,punk,
IVE,After LIKE,After LIKE,176973,FALSE,0.68,0.922,5,-1.215,1,0.121,0.103,0,0.0877,0.799,125.014,4,k-pop,
Paramore,Paramore,Still into You,216013,FALSE,0.602,0.923,5,-3.763,1,0.044,0.0098,0,0.0561,0.765,136.01,4,punk,
TV Girl,Who Really Cares,Cigarettes out the Window,198960,FALSE,0.625,0.659,5,-5.669,1,0.0337,0.12,0,0.17,0.594,113.551,4,indie-pop,
Linkin Park,Hybrid Theory (Bonus Edition),Papercut,184866,FALSE,0.524,0.939,5,-3.994,1,0.113,0.00022,0,0.623,0.661,150.184,4,metal,
George Ezra,Gold Rush Kid,Green Green Grass,167613,FALSE,0.685,0.738,5,-4.413,1,0.0595,0.0695,0,0.128,0.8,112.972,4,folk,
Martin Garrix;Dua Lipa,Scared to Be Lonely,Scared to Be Lonely,220883,FALSE,0.584,0.54,5,-7.786,0,0.0576,0.0895,0,0.261,0.195,137.972,4,dance,
Calvin Harris;Rihanna,This Is What You Came For,This Is What You Came For,222160,FALSE,0.631,0.927,5,-2.787,0,0.0332,0.199,0.119,0.148,0.465,123.962,4,dance,
Daft Punk;Julian Casablancas,Random Access Memories,Instant Crush (feat. Julian Casablancas),337560,FALSE,0.775,0.585,5,-9.516,0,0.0271,0.0422,0.619,0.077,0.518,109.942,4,house,
Roy Woods;Drake,Exis,Drama (feat. Drake),251859,TRUE,0.709,0.362,5,-9.814,1,0.055,0.157,0,0.109,0.113,122.043,4,soul,
The Killers,Hot Fuss,Somebody Told Me,197200,FALSE,0.497,0.97,5,-4.851,0,0.0836,9.04E-05,0.000674,0.101,0.689,138.081,4,alt-rock,
Pink Sweat$,PINK PLANET,At My Worst,170344,FALSE,0.813,0.415,5,-5.926,1,0.0349,0.777,0,0.131,0.667,91.921,4,pop,
Nicky Jam;J Balvin,Intimo,X,172854,FALSE,0.594,0.749,5,-5.298,0,0.056,0.0338,0.00106,0.3,0.694,179.968,4,reggaeton,
The Doobie Brothers,Toulouse Street,Listen to the Music,227266,FALSE,0.645,0.598,5,-13.18,0,0.0335,0.221,3.53E-06,0.0721,0.913,105.929,4,blues,
Frank Ocean,Blonde,Self Control,249667,FALSE,0.581,0.21,5,-10.426,1,0.0321,0.768,0,0.369,0.452,80.099,4,soul,
Norah Jones,Come Away With Me (Super Deluxe Edition),Don't Know Why,186251,FALSE,0.745,0.219,5,-11.216,1,0.0276,0.851,1.80E-05,0.0678,0.635,88.609,4,j-pop,
Lauv,I met you when I was 18. (the playlist),I Like Me Better,197436,FALSE,0.752,0.505,5,-7.621,1,0.253,0.535,2.55E-06,0.104,0.419,91.97,4,electro,
The Weeknd,After Hours,Blinding Lights,200040,FALSE,0.514,0.73,5,-5.934,1,0.0598,0.00146,9.54E-05,0.0897,0.334,171.005,4,pop,
MGMT,Little Dark Age,Little Dark Age,299960,FALSE,0.705,0.712,5,-6.156,1,0.0385,0.0102,0.000855,0.1,0.62,97.512,4,rock,
Izzamuzzic;Julien Marchal,Shootout,Shootout,295308,FALSE,0.663,0.578,5,-9.079,1,0.0687,0.312,0.906,0.109,0.553,86.986,4,electronic,
The Rolling Stones,Tattoo You (2009 Re-Mastered),Start Me Up - Remastered 2009,213066,FALSE,0.631,0.932,5,-4.142,1,0.0354,0.0436,0.137,0.0918,0.971,122.429,4,british,
Chris Lorenzo;High Jinx,California Dreamin' (feat. High Jinx),California Dreamin' (feat. High Jinx),196899,FALSE,0.685,0.911,5,-4.977,1,0.144,0.00552,0.0247,0.285,0.351,128.02,4,deep-house,
BLACKPINK,Pink Venom,Pink Venom,186964,FALSE,0.794,0.719,5,-7.227,1,0.0761,0.0119,0,0.276,0.69,90.016,4,k-pop,
My Chemical Romance,The Black Parade,Teenagers,161920,FALSE,0.463,0.857,5,-3.063,1,0.0632,0.0506,0,0.184,0.856,111.647,4,punk,
Alvaro Diaz;Rauw Alejandro,Felicilandia,Problemón,192613,FALSE,0.706,0.739,5,-3.753,1,0.0586,0.266,2.62E-05,0.126,0.371,91.906,4,latino,
Martin Garrix;Macklemore;Fall Out Boy,Summer Days (feat. Macklemore & Patrick Stump of Fall Out Boy),Summer Days (feat. Macklemore & Patrick Stump of Fall Out Boy),163804,TRUE,0.661,0.723,5,-6.976,0,0.0566,0.179,1.23E-05,0.14,0.316,113.778,4,edm,
Milky Chance,Sadnecessary,Stolen Dance,313684,FALSE,0.884,0.581,5,-8.813,1,0.0378,0.427,0.000206,0.0759,0.728,114.016,4,german,
The Chainsmokers,So Far So Good,High,175163,TRUE,0.601,0.787,5,-6.178,1,0.031,0.0492,0,0.142,0.525,134.981,4,electro,
The Weeknd,Beauty Behind The Madness,The Hills,242253,TRUE,0.585,0.564,5,-7.063,0,0.0515,0.0671,0,0.135,0.137,113.003,4,pop,
Lil Nas X,STAR WALKIN' (League of Legends Worlds Anthem),STAR WALKIN' (League of Legends Worlds Anthem),210575,TRUE,0.637,0.715,5,-4.971,0,0.0455,0.148,0,0.0892,0.308,141.872,4,hip-hop,
Europe,The Final Countdown (Expanded Edition),The Final Countdown,310333,FALSE,0.529,0.843,5,-6.908,0,0.0616,0.0628,0.000827,0.0608,0.188,117.662,4,swedish,
Marshmello;Anne-Marie,FRIENDS,FRIENDS,202620,TRUE,0.626,0.88,5,-2.384,0,0.0504,0.205,0,0.128,0.534,95.079,4,pop,
Halsey,hopeless fountain kingdom (Deluxe),Walls Could Talk,101789,TRUE,0.626,0.423,5,-6.035,1,0.0513,0.128,0,0.18,0.571,95.162,4,indie,
Pritam;Arijit Singh;Amitabh Bhattacharya,"Kesariya (From ""Brahmastra"")","Kesariya (From ""Brahmastra"")",268164,FALSE,0.577,0.574,5,-6.525,1,0.0278,0.572,0,0.1,0.436,94.009,4,indian,
Blackstreet;Dr. Dre;Queen Pen,Another Level,No Diggity,304600,FALSE,0.867,0.646,5,-4.674,0,0.288,0.303,0,0.279,0.67,88.634,4,j-dance,
Indila,Mini World,Dernière danse,213493,FALSE,0.669,0.449,5,-7.658,0,0.0489,0.184,0,0.0729,0.327,114.926,4,french,
The Script,The Script,The Man Who Can't Be Moved,241373,FALSE,0.605,0.629,5,-5.051,1,0.0279,0.437,0,0.097,0.308,99.894,4,rock,
Guns N' Roses,Appetite For Destruction,Paradise City,405640,TRUE,0.273,0.952,5,-8.762,1,0.0843,0.0169,0.0111,0.142,0.472,100.271,4,metal,
Eagles,Eagles (2013 Remaster),Take It Easy - 2013 Remaster,211577,FALSE,0.575,0.67,5,-10.39,1,0.0318,0.343,4.95E-06,0.129,0.74,139.191,4,songwriter,
The Offspring,"Rise And Fall, Rage And Grace","You're Gonna Go Far, Kid",177826,TRUE,0.55,0.917,5,-3.159,1,0.0638,0.00428,0,0.197,0.601,126.115,4,ska,
Kygo;Parson James,Cloud Nine,Stole the Show,223186,FALSE,0.64,0.635,5,-7.565,0,0.226,0.271,0,0.319,0.475,100.034,4,edm,
Joel Corry;David Guetta;Bryson Tiller,What Would You Do?,What Would You Do?,174215,FALSE,0.687,0.895,5,-2.983,1,0.0474,0.149,0.00592,0.121,0.686,124.041,4,house,
Shawn Mendes,Illuminate,Treat You Better,187973,FALSE,0.444,0.819,5,-4.078,0,0.341,0.106,0,0.107,0.747,82.695,4,pop,
M83,"Hurry up, We're Dreaming",Midnight City,243960,FALSE,0.507,0.729,5,-5.399,0,0.0393,0.0182,1.40E-06,0.0658,0.272,105.013,4,indie,
Kygo;Dean Lewis,Lost Without You (with Dean Lewis),Lost Without You (with Dean Lewis),203609,FALSE,0.621,0.575,5,-6.243,1,0.0564,0.265,0,0.0932,0.343,117.887,4,house,
Maluma,Sobrio,Sobrio,201180,FALSE,0.762,0.77,5,-2.758,1,0.223,0.138,0,0.15,0.631,177.998,4,reggaeton,
Ariana Grande,"thank u, next","thank u, next",207320,TRUE,0.717,0.653,5,-5.634,1,0.0658,0.229,0,0.101,0.412,106.966,4,dance,
Drake;21 Savage,"Honestly, Nevermind",Jimmy Cooks (feat. 21 Savage),218364,TRUE,0.529,0.673,5,-4.711,1,0.175,0.000307,2.41E-06,0.093,0.366,165.921,4,hip-hop,
LiSA,LEO-NiNE,紅蓮華,237586,FALSE,0.541,0.977,5,-2.828,0,0.157,0.00321,5.13E-05,0.0796,0.263,134.938,4,j-rock,
Olivia Rodrigo,SOUR,happier,175933,TRUE,0.395,0.443,5,-9.72,1,0.133,0.765,9.67E-06,0.0839,0.338,168.924,3,pop,
Twisted Sister,Stay Hungry,We're Not Gonna Take It,219666,FALSE,0.502,0.924,5,-6.299,1,0.0503,0.0127,0,0.162,0.922,149.186,4,hard-rock,
Daddy Yankee;Snow,Con Calma,Con Calma,193226,FALSE,0.737,0.86,5,-2.652,0,0.0593,0.11,1.94E-06,0.0574,0.656,93.989,4,reggaeton,
Bad Bunny;Daddy Yankee,YHLQMDLG,La Santa,206420,TRUE,0.744,0.868,5,-4.524,1,0.047,0.0326,0,0.0822,0.586,93.037,4,latino,
Swedish House Mafia;The Weeknd,Paradise Again,Moth To A Flame (with The Weeknd),234000,FALSE,0.553,0.659,5,-7.295,1,0.0391,0.0027,0,0.105,0.105,120.146,4,electro,
Tiësto;Black Eyed Peas,Pump It Louder,Pump It Louder,158571,FALSE,0.66,0.942,5,-2.273,1,0.185,0.00789,1.76E-05,0.834,0.543,126.017,4,trance,
blackbear,everything means nothing,hot girl bummer,188343,TRUE,0.782,0.559,5,-7.106,0,0.0767,0.125,0,0.385,0.685,129.992,1,pop,
Commodores,Commodores,Easy,256426,FALSE,0.589,0.384,5,-15.075,0,0.0332,0.112,2.80E-05,0.0596,0.354,132.909,4,soul,
benny blanco;BTS;Snoop Dogg,Bad Decisions (with BTS & Snoop Dogg),Bad Decisions (with BTS & Snoop Dogg),172714,FALSE,0.762,0.861,5,-3.296,1,0.0955,0.0185,0,0.264,0.955,120.048,4,dance,
Cyril Kamer,Cinderella,Cinderella,193124,TRUE,0.793,0.694,5,-5.731,0,0.0426,0.13,0,0.0836,0.484,127.971,4,latino,
Tom Odell,Long Way Down (Deluxe),Heal,193080,FALSE,0.445,0.179,5,-12.938,1,0.0396,0.952,0.00056,0.107,0.119,72.246,4,chill,
BLACKPINK,BORN PINK,Shut Down,175889,FALSE,0.813,0.657,5,-6.447,1,0.0372,0.00269,0,0.183,0.651,110.053,3,k-pop,
Bon Jovi,Slippery When Wet,Livin' On A Prayer,249293,FALSE,0.532,0.887,5,-3.757,1,0.0335,0.0778,0.000214,0.294,0.795,122.511,4,metal,
Soundgarden,Superunknown (Deluxe Edition),Black Hole Sun,318586,FALSE,0.35,0.828,5,-5.373,1,0.041,0.000217,0.000161,0.0774,0.147,105.435,4,alternative,
Calvin Harris;Disciples,How Deep is Your Love (feat. Disciples),How Deep is Your Love (feat. Disciples),212640,FALSE,0.738,0.868,5,-4.373,0,0.0731,0.0392,0.00169,0.388,0.336,122.003,4,electro,
BTS,Permission to Dance,Permission to Dance,187585,FALSE,0.702,0.741,5,-5.33,1,0.0427,0.00544,0,0.337,0.646,124.925,4,pop,
Deftones,Around the Fur,My Own Summer (Shove It),214760,FALSE,0.443,0.781,5,-4.277,1,0.0377,1.33E-05,0.205,0.166,0.372,71.841,4,metal,
Stephen Sanchez;Em Beihold,Until I Found You (Em Beihold Version),Until I Found You (with Em Beihold) - Em Beihold Version,176440,FALSE,0.551,0.55,5,-5.339,1,0.0286,0.777,0,0.202,0.342,101.19,3,singer-songwriter,
Red Hot Chili Peppers,Blood Sugar Sex Magik (Deluxe Edition),Under the Bridge,264306,FALSE,0.559,0.345,5,-13.496,1,0.0459,0.0576,0.000105,0.141,0.458,84.581,4,alternative,
Two Feet,A 20 Something Fuck,I Feel Like I'm Drowning,185520,FALSE,0.717,0.577,5,-5.436,1,0.0491,0.708,0.00428,0.0899,0.235,104.927,3,indie-pop,
Cutting Crew,Broadcast,(I Just) Died In Your Arms,280400,FALSE,0.625,0.726,5,-11.402,0,0.0444,0.0158,0.000169,0.0625,0.507,124.945,4,synth-pop,
Tiësto,The Business,The Business,164000,FALSE,0.798,0.62,5,-7.079,0,0.232,0.414,0.0192,0.112,0.235,120.031,4,house,
Rixton,Let The Road,Me And My Broken Heart,193733,FALSE,0.545,0.783,5,-4.261,0,0.0345,0.00489,0,0.132,0.551,174.084,4,dance,
Calvin Harris;Rihanna,This Is What You Came For,This Is What You Came For,222160,FALSE,0.631,0.927,5,-2.787,0,0.0332,0.199,0.119,0.148,0.465,123.962,4,progressive-house,
Chris Brown;Young Thug,Slime & B,Go Crazy,176960,TRUE,0.755,0.578,5,-8.932,0,0.145,0.316,0,0.25,0.581,94.148,4,dance,
Farruko,Pepas,Pepas,287120,TRUE,0.762,0.766,5,-3.955,1,0.0343,0.00776,6.98E-05,0.128,0.442,130.001,4,latin,
Vanessa Carlton,Be Not Nobody,A Thousand Miles,237493,FALSE,0.56,0.825,5,-3.862,1,0.0379,0.323,0,0.161,0.268,94.931,4,piano,
Zedd;Maren Morris;BEAUZ,Make You Say,Make You Say,206000,FALSE,0.687,0.61,5,-4.713,0,0.0499,0.351,0,0.175,0.649,128.15,4,electro,
Kansas,Leftoverture (Expanded Edition),Carry on Wayward Son,323000,FALSE,0.482,0.786,5,-5.735,1,0.032,0.00321,8.88E-05,0.446,0.793,126.755,4,hard-rock,
Lunay;Daddy Yankee;Bad Bunny,Épico,Soltera - Remix,266086,FALSE,0.795,0.783,5,-4.271,1,0.0432,0.361,0,0.437,0.799,92.01,4,reggaeton,
Shawn Mendes;Camila Cabello,Señorita,Señorita,190960,FALSE,0.759,0.54,5,-6.039,0,0.0287,0.037,0,0.0945,0.75,116.947,4,pop,
Kygo;Gryffin;Calum Scott,Woke Up in Love,Woke Up in Love,216873,FALSE,0.643,0.585,5,-5.994,1,0.0369,0.225,0,0.0927,0.188,106.015,4,house,
Feid;Yandel,FELIZ CUMPLEAÑOS FERXXO TE PIRATEAMOS EL ÁLBUM,XQ Te Pones Así,218693,FALSE,0.812,0.697,5,-3.441,1,0.0694,0.134,0,0.147,0.477,92.03,4,reggaeton,
back number,水平線,水平線,285396,FALSE,0.419,0.75,5,-3.546,1,0.0316,0.011,0,0.159,0.436,145.867,4,j-pop,
The Strokes,The New Abnormal,The Adults Are Talking,309053,FALSE,0.593,0.749,5,-5.67,1,0.0475,0.0113,0.106,0.314,0.649,164.959,4,alt-rock,
Iyaz,Replay,Replay,182306,FALSE,0.706,0.751,5,-6.323,1,0.0708,0.173,0,0.168,0.195,91.031,4,dance,
The Chainsmokers;Daya,Don't Let Me Down,Don't Let Me Down,208373,FALSE,0.532,0.869,5,-5.094,1,0.172,0.157,0.00508,0.136,0.422,159.803,4,dance,
The Verve,Urban Hymns (Remastered 2016),Bitter Sweet Symphony,357266,FALSE,0.356,0.917,5,-6.006,1,0.0479,0.0335,0,0.406,0.518,171.176,4,alternative,
J Balvin;Dua Lipa;Bad Bunny;Tainy,UN DIA (ONE DAY) (Feat. Tainy),UN DIA (ONE DAY) (Feat. Tainy),232253,FALSE,0.571,0.693,5,-8.234,0,0.0545,0.00536,0,0.173,0.393,168.169,4,reggaeton,
Kungs;Cookin' On 3 Burners,Layers,This Girl (Kungs Vs. Cookin' On 3 Burners),195546,FALSE,0.792,0.717,5,-4.759,0,0.0393,0.0927,3.59E-05,0.226,0.466,121.985,4,house,
Harry Styles,Harry's House,As It Was,167303,FALSE,0.52,0.731,5,-5.338,0,0.0557,0.342,0.00101,0.311,0.662,173.93,4,pop,
IVE,LOVE DIVE,LOVE DIVE,177186,FALSE,0.703,0.709,5,-4.169,0,0.0433,0.00379,5.43E-05,0.333,0.538,117.941,4,k-pop,
Talking Heads,Talking Heads '77 (Deluxe Version),Psycho Killer - 2005 Remaster,261413,FALSE,0.721,0.521,5,-8.123,1,0.0613,0.0708,0.00545,0.127,0.942,123.118,4,funk,
LISA,LALISA,MONEY,168227,FALSE,0.826,0.553,5,-10.121,0,0.234,0.163,4.12E-05,0.135,0.4,140.037,4,pop,
The Cure,Three Imaginary Boys,Boys Don't Cry,155973,FALSE,0.462,0.836,5,-5.766,0,0.0621,0.00517,0,0.18,0.671,168.766,4,punk-rock,
Joy Again,Looking Out for You,Looking Out for You,179499,FALSE,0.682,0.9,5,-5.028,1,0.0874,0.0884,0.063,0.0685,0.937,100.721,4,garage,
Imagine Dragons,Origins (Deluxe),Natural,189466,FALSE,0.704,0.611,5,-6.112,1,0.0409,0.217,0,0.0812,0.22,100,4,rock,
XXXTENTACION,17,Everybody Dies In Their Nightmares,95466,TRUE,0.734,0.57,5,-7.066,0,0.133,0.847,2.14E-05,0.112,0.689,129.953,4,emo,
X Ambassadors,VHS,Renegades,195200,FALSE,0.526,0.862,5,-6.003,1,0.0905,0.0144,0.0597,0.229,0.528,90.052,4,rock,
The Wanted,Battleground (Deluxe Edition),Glad You Came,197935,FALSE,0.722,0.851,5,-3.873,0,0.0639,0.0319,0,0.108,0.452,126.885,4,rock,
Alejandro Sanz,Más,Corazón partío,343413,FALSE,0.648,0.846,5,-6.731,1,0.0424,0.199,4.23E-06,0.0803,0.815,160.075,4,spanish,
Marshmello;Anne-Marie,FRIENDS,FRIENDS,202620,TRUE,0.626,0.88,5,-2.384,0,0.0504,0.205,0,0.128,0.534,95.079,4,progressive-house,
Calvin Harris;Dua Lipa,One Kiss (with Dua Lipa),One Kiss (with Dua Lipa),214846,FALSE,0.791,0.862,5,-3.24,0,0.11,0.037,2.19E-05,0.0814,0.592,123.994,4,electro,
Ava Max,Heaven & Hell,My Head & My Heart,174760,FALSE,0.614,0.934,5,-3.709,0,0.07,0.0697,0,0.121,0.436,116.001,4,dance,
Arctic Monkeys,Favourite Worst Nightmare,Fluorescent Adolescent,183893,FALSE,0.654,0.828,5,-5.377,0,0.0281,0.00146,0.000144,0.122,0.79,112.056,4,rock,
The Chainsmokers;ILLENIUM;Lennon Stella,World War Joy,Takeaway,209880,FALSE,0.528,0.511,5,-8.144,1,0.0324,0.126,0,0.101,0.351,100.1,4,house,
Calvin Harris;Sam Smith;Jessie Reyez,Promises (with Sam Smith),Promises (with Sam Smith),213309,FALSE,0.781,0.768,5,-5.991,1,0.0394,0.0119,4.91E-06,0.325,0.486,123.07,4,electro,
Marshmello;Halsey,Be Kind (with Halsey),Be Kind (with Halsey),172761,FALSE,0.63,0.633,5,-7.088,1,0.0457,0.00776,0,0.0541,0.452,93.995,4,dance,
Mark Ronson;Bruno Mars,Uptown Special,Uptown Funk (feat. Bruno Mars),269666,TRUE,0.856,0.609,5,-7.223,1,0.0824,0.00801,8.15E-05,0.0344,0.928,114.988,4,dance,
BLACKPINK,BORN PINK,Tally,184248,TRUE,0.693,0.606,5,-5.997,1,0.0308,0.00817,0,0.0942,0.447,129.942,4,k-pop,
Clinton Kane,I GUESS I'M IN LOVE,I GUESS I'M IN LOVE,204093,FALSE,0.422,0.34,5,-6.577,1,0.0351,0.877,1.77E-05,0.149,0.223,77.213,4,singer-songwriter,
Jimi Hendrix,Electric Ladyland,All Along the Watchtower,240800,FALSE,0.438,0.805,5,-6.237,1,0.0624,0.00255,5.69E-05,0.0842,0.564,113.253,4,blues,
The Beatles,Help! (Remastered),Yesterday - Remastered 2009,125666,FALSE,0.332,0.179,5,-11.83,1,0.0326,0.879,0,0.0886,0.315,96.529,4,psych-rock,
AP Dhillon;Gurinder Gill,HIDDEN GEMS,DESIRES,168000,FALSE,0.863,0.387,5,-10.057,0,0.256,0.365,0.00238,0.06,0.39,100.013,4,pop,
Jamie Miller,Here's Your Perfect,Here's Your Perfect,158594,FALSE,0.558,0.454,5,-5.335,1,0.0551,0.499,0,0.146,0.424,113.12,4,soul,
Soolking;Niska,Sans visa,Balader,176120,FALSE,0.603,0.802,5,-5.089,0,0.111,0.306,5.06E-05,0.124,0.787,130.121,4,french,
Billy Joel,The Stranger (Legacy Edition),Vienna,214240,FALSE,0.532,0.495,5,-6.662,1,0.0343,0.659,0,0.0754,0.308,124.936,4,rock,
Neon Trees,Picture Show,Everybody Talks,177280,FALSE,0.471,0.924,5,-3.906,1,0.0586,0.00301,0,0.313,0.725,154.961,4,indie,
Darci,On My Own,On My Own,171692,TRUE,0.767,0.593,5,-5.901,1,0.0413,0.0324,4.50E-06,0.0878,0.579,130.007,4,soul,
BTS,Permission to Dance,Permission to Dance,187585,FALSE,0.702,0.741,5,-5.33,1,0.0427,0.00544,0,0.337,0.646,124.925,4,k-pop,
Martin Garrix;Bebe Rexha,In the Name of Love,In the Name of Love,195706,FALSE,0.501,0.519,5,-5.88,0,0.0409,0.109,0,0.454,0.168,133.99,4,progressive-house,
Paramore,This Is Why,This Is Why,207652,FALSE,0.723,0.737,5,-7.566,0,0.0386,0.00435,0.00261,0.116,0.689,123.039,4,emo,
Josh A,Fearless,Pain,188041,TRUE,0.789,0.509,5,-8.629,0,0.277,0.525,7.55E-06,0.0936,0.61,75.009,4,sad,
Halsey,So Good,So Good,176058,FALSE,0.576,0.627,5,-4.649,0,0.0449,0.0385,0,0.181,0.311,164.998,4,dance,
Metallica,Metallica,Nothing Else Matters,388266,FALSE,0.553,0.362,5,-11.218,0,0.0263,0.0458,6.01E-06,0.075,0.158,142.352,3,hard-rock,
One Direction,Up All Night,What Makes You Beautiful,199986,FALSE,0.726,0.787,5,-2.494,1,0.0737,0.009,0,0.0596,0.888,124.99,4,pop,
David Guetta;Kid Cudi,One More Love,Memories (feat. Kid Cudi),210853,FALSE,0.546,0.916,5,-3.932,1,0.255,0.00144,4.34E-06,0.251,0.375,129.983,4,edm,
SEULGI,28 Reasons - The 1st Mini Album,28 Reasons,189413,FALSE,0.766,0.651,5,-3.546,0,0.0952,0.211,2.51E-06,0.144,0.488,121.995,4,k-pop,
J Balvin;Maria Becerra,Qué Más Pues?,Qué Más Pues?,217773,FALSE,0.891,0.819,5,-3.964,1,0.106,0.0261,0.000354,0.173,0.768,101.968,4,latino,
Luciano;Aitch;BIA,Majestic,Bamba (feat. Aitch & BIA),203560,FALSE,0.797,0.791,5,-6.281,1,0.33,0.119,0,0.113,0.828,138.026,4,german,
Alan Walker;Au/Ra;Tomine Harket,Different World,Darkside,211680,FALSE,0.43,0.606,5,-5.115,0,0.0431,0.131,0,0.173,0.123,169.988,4,house,
Selena Gomez;Marshmello,Wolves,Wolves,197993,FALSE,0.724,0.804,5,-4.614,0,0.0448,0.124,0,0.204,0.306,124.987,4,pop,
Marshmello;Khalid,Numb,Numb,155588,FALSE,0.912,0.774,5,-4.673,0,0.0455,0.121,0.0127,0.101,0.632,119.966,4,house,
Arctic Monkeys,AM,I Wanna Be Yours,183956,FALSE,0.464,0.417,5,-9.345,0,0.0256,0.136,0.022,0.0974,0.479,67.528,4,rock,
Daddy Yankee,Barrio Fino (Bonus Track Version),Gasolina,192600,FALSE,0.852,0.797,5,-6.543,1,0.0614,0.322,2.69E-06,0.0845,0.741,96.008,4,reggaeton,
Natti Natasha;Ozuna,Criminal,Criminal,232549,FALSE,0.814,0.813,5,-3.023,0,0.0561,0.03,9.33E-05,0.255,0.839,79.997,4,reggae,
Shakira;Wyclef Jean,"Oral Fixation, Vol. 2 (Expanded Edition)",Hips Don't Lie (feat. Wyclef Jean),218093,FALSE,0.778,0.824,5,-5.892,0,0.0707,0.284,0,0.405,0.758,100.024,4,dance,
Wallows,Nothing Happens,Remember When,155146,FALSE,0.504,0.708,5,-5.896,0,0.0343,0.00112,0.000424,0.788,0.51,82.009,4,indie,
Tiago PZK;Myke Towers,Portales,Traductor,222857,FALSE,0.845,0.776,5,-3.098,0,0.0488,0.111,0.0321,0.0684,0.528,105.018,4,latino,
Justin Bieber,Justice,Ghost,153190,FALSE,0.601,0.741,5,-5.569,1,0.0478,0.185,2.91E-05,0.415,0.441,153.96,4,pop,
XXXTENTACION,?,SAD!,166605,TRUE,0.74,0.613,5,-4.88,1,0.145,0.258,0.00372,0.123,0.473,75.023,4,emo,
Linkin Park,Meteora,Numb,185586,FALSE,0.496,0.863,5,-4.153,1,0.0381,0.0046,0,0.639,0.243,110.018,4,metal,
Axwell /\ Ingrosso,More Than You Know,More Than You Know,203000,FALSE,0.646,0.741,5,-4.973,0,0.034,0.0275,0,0.312,0.571,123.077,4,dance,
Mitski,Be the Cowboy,Me and My Husband,137141,FALSE,0.497,0.638,5,-5.31,1,0.0274,0.0467,0,0.385,0.77,172.01,4,indie-pop,
Billy Joel,Piano Man (Legacy Edition),Piano Man,339000,FALSE,0.331,0.55,5,-6.483,1,0.0272,0.605,3.96E-06,0.192,0.429,177.734,3,piano,
Sufjan Stevens,Carrie & Lowell,Fourth of July,279316,FALSE,0.435,0.104,5,-22.39,0,0.0445,0.973,0.33,0.119,0.162,120.484,4,songwriter,
Kenshi Yonezu,KICK BACK,KICK BACK,193495,FALSE,0.577,0.941,5,-5.17,1,0.105,0.00207,3.36E-06,0.0891,0.292,101.921,4,anime,
Tiësto;Black Eyed Peas,Pump It Louder,Pump It Louder,158571,FALSE,0.66,0.942,5,-2.273,1,0.185,0.00789,1.76E-05,0.834,0.543,126.017,4,edm,
Foo Fighters,There Is Nothing Left To Lose,Learn to Fly,235293,FALSE,0.465,0.919,5,-4.025,1,0.0408,1.83E-05,2.07E-05,0.262,0.537,135.997,4,grunge,
Pablo Pesadilla;Polimá Westcoast;Nickoog Clk;Fran C,BABY OTAKU,BABY OTAKU,176470,TRUE,0.835,0.747,5,-4.65,1,0.083,0.0492,0,0.055,0.432,102.003,4,latino,
Yusuf / Cat Stevens,Tea For The Tillerman (Remastered 2020),Wild World,200560,FALSE,0.48,0.542,5,-8.51,1,0.0348,0.345,0.000609,0.113,0.567,152.853,4,british,
Katy Perry,Smile,Harleys In Hawaii,185480,FALSE,0.721,0.751,5,-6.203,0,0.125,0.162,6.59E-06,0.118,0.738,140.095,4,dance,
Ozuna;Feid,OzuTochi,Hey Mor,196600,FALSE,0.901,0.589,5,-6.713,0,0.289,0.00302,0.000237,0.0992,0.399,98.002,4,reggae,
MEDUZA;Alok;Goodboys,Piece Of Your Heart (Alok Remix),Piece Of Your Heart - Alok Remix,166451,FALSE,0.797,0.86,5,-4.38,0,0.0413,0.0312,0.0137,0.334,0.192,124.033,4,edm,
"Earth, Wind & Fire",Raise!,Let's Groove,339320,FALSE,0.869,0.648,5,-8.698,0,0.0633,0.121,2.17E-05,0.126,0.9,125.035,4,soul,
No Doubt,Tragic Kingdom,Don't Speak,263560,FALSE,0.52,0.709,5,-7.125,0,0.0352,0.247,1.78E-05,0.18,0.536,76.039,4,alt-rock,
Gerry Rafferty,City to City,Right Down the Line,267773,FALSE,0.783,0.322,5,-15.091,1,0.0343,0.213,0.00243,0.114,0.77,128.226,4,singer-songwriter,
Red Hot Chili Peppers,Blood Sugar Sex Magik (Deluxe Edition),Under the Bridge,264306,FALSE,0.559,0.345,5,-13.496,1,0.0459,0.0576,0.000105,0.141,0.458,84.581,4,funk,
Zedd;Alessia Cara,Stay,Stay,210090,FALSE,0.69,0.622,5,-5.025,0,0.0622,0.253,0,0.116,0.544,102.04,4,edm,
Cigarettes After Sex,Cigarettes After Sex,Sweet,292110,FALSE,0.45,0.511,5,-9.073,1,0.0276,0.353,0.766,0.139,0.115,96.563,4,ambient,
Izzamuzzic;Julien Marchal,Shootout (Sped Up),Shootout (Sped Up),242142,FALSE,0.684,0.605,5,-8.678,0,0.0634,0.216,0.941,0.103,0.768,104.647,4,k-pop,
Limp Bizkit,Chocolate Starfish And The Hot Dog Flavored Water,Take A Look Around,321040,FALSE,0.425,0.852,5,-5.607,1,0.046,0.0175,0.306,0.0935,0.512,101.968,4,funk,
Zedd;Foxes,Clarity,Clarity,271426,FALSE,0.509,0.781,5,-3.48,1,0.072,0.0398,0,0.0749,0.176,128,4,electro,
Shawn Mendes,When You're Gone,When You're Gone,172266,FALSE,0.603,0.691,5,-5.805,1,0.0372,0.0248,0,0.583,0.577,147.148,4,dance,
Tom Odell;Tiësto,Another Love (Tiësto Remix),Another Love - Tiësto Remix,185365,FALSE,0.79,0.764,5,-4.685,0,0.0737,0.0836,0.0871,0.132,0.473,123.046,4,chill,
Eve,Kaikai Kitan / Ao No Waltz,Kaikai Kitan,221426,FALSE,0.584,0.911,5,-3.515,0,0.09,0.0119,0,0.119,0.606,92.502,4,anime,
Melanie Martinez,K-12,Teacher's Pet,241893,TRUE,0.686,0.794,5,-6.136,0,0.0385,0.27,2.25E-05,0.125,0.532,140.952,3,electro,
The Beatles,Please Please Me (Remastered),Twist And Shout - Remastered 2009,155226,FALSE,0.482,0.849,5,-9.198,1,0.0452,0.641,7.74E-06,0.0414,0.937,124.631,4,psych-rock,
Grouplove,Never Trust a Happy Song,Tongue Tied,218013,FALSE,0.56,0.936,5,-5.835,1,0.0439,0.00847,0,0.161,0.371,112.96,4,indie-pop,
Sia,This Is Acting (Deluxe Version),Unstoppable,217746,FALSE,0.468,0.779,5,-4.839,1,0.0779,0.112,0.000373,0.101,0.26,173.799,4,dance,
Calle 13,Calle 13 (Explicit Version),Atrévete-Te-Te,239306,TRUE,0.829,0.878,5,-5.951,1,0.101,0.0959,0,0.776,0.883,87.991,4,afrobeat,
J Balvin;Bad Bunny;Marciano Cantero,OASIS,UN PESO,277106,FALSE,0.627,0.675,5,-7.125,0,0.213,0.125,0,0.0784,0.961,79.31,4,latino,
Bad Bunny;Drake,MIA (feat. Drake),MIA (feat. Drake),210367,FALSE,0.817,0.539,5,-6.349,0,0.0621,0.0141,0.000496,0.099,0.158,97.062,4,reggaeton,
Pink Floyd,Wish You Were Here,Wish You Were Here,334743,FALSE,0.481,0.262,5,-15.73,1,0.0414,0.735,0.0114,0.832,0.375,122.861,4,psych-rock,
Rauw Alejandro;Lyanno;Brray,LOKERA,LOKERA,195294,FALSE,0.834,0.828,5,-2.657,0,0.0452,0.21,5.91E-06,0.103,0.58,102.019,4,latin,
Lil Tjay,Beat the Odds,Beat the Odds,150000,TRUE,0.498,0.625,5,-7.452,0,0.342,0.054,0,0.175,0.478,84.821,4,r-n-b,
Halsey,Without Me,Without Me,201660,TRUE,0.752,0.488,5,-7.05,1,0.0705,0.297,9.11E-06,0.0936,0.533,136.041,4,indie,
KALEO,A/B,Way down We Go,213706,FALSE,0.489,0.505,5,-8.022,0,0.117,0.579,0.000333,0.104,0.337,163.255,4,indie,
Twenty One Pilots,Blurryface,Stressed Out,202333,FALSE,0.734,0.637,5,-5.677,0,0.141,0.0462,2.29E-05,0.0602,0.648,169.977,4,rock,
Melanie Martinez,Cry Baby (Deluxe Edition),Pacify Her,220013,FALSE,0.576,0.593,5,-6.024,0,0.0306,0.0467,0.000767,0.237,0.373,157.993,4,electro,
YOASOBI,夜に駆ける,夜に駆ける,261013,FALSE,0.67,0.874,5,-5.221,1,0.0305,0.00231,1.72E-05,0.3,0.789,130.041,4,j-pop,
Daddy Yankee,Prestige,Limbo,224693,FALSE,0.806,0.875,5,-3.817,1,0.088,0.0838,0.00192,0.065,0.917,125.063,4,reggae,
Current Joys,Wild Heart,Blondie,194733,FALSE,0.776,0.626,5,-12.561,1,0.0396,0.622,0.899,0.086,0.866,122.072,4,indie-pop,
Bryan Adams,Waking Up The Neighbours,(Everything I Do) I Do It For You,393640,FALSE,0.533,0.36,5,-12.633,1,0.0282,0.0805,1.03E-05,0.0631,0.299,131.229,4,rock,
Topic;A7S,Breaking Me,Breaking Me,166793,FALSE,0.789,0.72,5,-5.652,0,0.218,0.223,0,0.129,0.664,122.031,4,edm,
Sara Kays,Remember That Night?,Remember That Night?,227186,FALSE,0.679,0.61,5,-10.936,0,0.0305,0.585,9.51E-05,0.156,0.554,123.978,4,indie,
Seether,Finding Beauty In Negative Spaces (Bonus Track Version),Fake It,193893,TRUE,0.611,0.95,5,-3.509,1,0.0518,0.00141,1.59E-06,0.0543,0.607,132.078,4,metal,
Bring Me The Horizon,sTraNgeRs,sTraNgeRs,195747,TRUE,0.346,0.939,5,-3.061,1,0.182,0.000231,0,0.433,0.526,183.147,3,metal,
Red Hot Chili Peppers,Californication (Deluxe Edition),Scar Tissue,215906,FALSE,0.595,0.717,5,-4.803,1,0.0295,0.0779,0.00274,0.108,0.547,88.969,4,alternative,
Avicii;Sandro Cavazza,AVĪCI (01),Without You (feat. Sandro Cavazza),181672,TRUE,0.662,0.858,5,-4.844,1,0.0428,0.00163,0,0.0456,0.295,133.993,4,dance,
HVME,Goosebumps,Goosebumps,163208,TRUE,0.767,0.659,5,-7.429,1,0.0444,0.325,0,0.13,0.439,124.946,4,house,
blackbear,dead,idfc,207026,TRUE,0.718,0.422,5,-9.115,0,0.0621,0.0764,0,0.17,0.455,144.678,4,electro,
Maluma,PAPI JUANCHO,Hawái,199112,FALSE,0.783,0.727,5,-3.454,0,0.389,0.185,2.46E-05,0.0626,0.558,180.067,4,reggaeton,
Swedish House Mafia;Connie Constance,Paradise Again,Heaven Takes You Home (feat. Connie Constance),214071,FALSE,0.665,0.738,5,-5.931,0,0.0379,0.0124,0.00598,0.0923,0.0389,125.037,4,edm,
Guns N' Roses,Use Your Illusion II,Knockin' On Heaven's Door,336000,FALSE,0.496,0.739,5,-7.193,1,0.0415,0.0211,0.00444,0.106,0.378,132.41,4,rock,
Bad Bunny;Ozuna;Farruko;Arcangel;Ñengo Flow;DJ Luian;Mambo Kingz,Diles,Diles,286040,TRUE,0.813,0.56,5,-5.904,0,0.0618,0.108,0,0.268,0.287,118.033,4,latino,
Buffalo Springfield,Buffalo Springfield,For What It's Worth,153693,FALSE,0.653,0.519,5,-10.164,1,0.0497,0.406,0.0209,0.101,0.822,98.883,4,blues,
Joel Corry;Jax Jones;Charli XCX;Saweetie,OUT OUT (feat. Charli XCX & Saweetie),OUT OUT (feat. Charli XCX & Saweetie),162603,FALSE,0.787,0.833,6,-4.403,1,0.0478,0.018,0.00747,0.0374,0.796,123.97,4,house,
JAWNY,For Abby,Honeypie,135581,FALSE,0.74,0.688,6,-4.361,0,0.0916,0.061,0,0.138,0.935,115.035,4,indie-pop,
Becky Hill;Topic,My Heart Goes (La Di Da) (feat. Topic),My Heart Goes (La Di Da) (feat. Topic),148960,FALSE,0.695,0.781,6,-5.578,0,0.0452,0.0185,3.12E-05,0.295,0.456,124.04,4,house,
Travis Scott,HIGHEST IN THE ROOM,HIGHEST IN THE ROOM,175720,TRUE,0.598,0.427,6,-8.764,0,0.0317,0.0546,5.83E-06,0.21,0.0605,76.469,4,house,
Jasleen Royal;B Praak;Romy;Anvita Dutt,"Ranjha (From ""Shershaah"")","Ranjha (From ""Shershaah"")",228855,FALSE,0.603,0.573,6,-5.843,1,0.0502,0.478,0,0.0971,0.236,82.941,4,indian,
Nicki Minaj,Super Freaky Girl,Super Freaky Girl,170977,TRUE,0.95,0.891,6,-2.653,1,0.241,0.0645,1.77E-05,0.309,0.912,133.01,4,hip-hop,
Radiohead,OK Computer,No Surprises,229120,FALSE,0.255,0.393,6,-10.654,1,0.0278,0.0577,0.00361,0.113,0.118,76.426,4,alt-rock,
Luke Combs,This One's for You Too (Deluxe Edition),Beautiful Crazy,193200,FALSE,0.551,0.402,6,-7.431,1,0.0262,0.676,0,0.0928,0.382,103.313,4,country,
Morgan Wallen,If I Know Me,Whiskey Glasses,234346,FALSE,0.614,0.68,6,-4.58,1,0.0289,0.369,1.84E-06,0.115,0.707,149.959,4,country,
Aerosmith,I Don't Want To Miss A Thing EP,"I Don't Want to Miss a Thing - From ""Armageddon"" Soundtrack",299760,FALSE,0.39,0.649,6,-5.163,1,0.0345,0.172,0,0.216,0.144,121.16,4,hard-rock,
Paloma Faith,Only Love Can Hurt Like This (Slowed Down Version),Only Love Can Hurt Like This - Slowed Down Version,257743,FALSE,0.554,0.854,6,-6.263,0,0.0567,0.102,9.26E-05,0.554,0.387,82.012,4,soul,
Girls' Generation,FOREVER 1 - The 7th Album,FOREVER 1,202533,FALSE,0.615,0.871,6,-1.248,1,0.0516,0.0427,0,0.254,0.297,123.915,4,k-pop,
The Neighbourhood,I Love You.,Afraid,251186,TRUE,0.464,0.701,6,-5.693,0,0.0411,0.00892,0.309,0.335,0.356,83.996,4,alt-rock,
Doja Cat;SZA,Planet Her,Kiss Me More (feat. SZA),208666,TRUE,0.764,0.705,6,-3.463,1,0.0284,0.259,8.92E-05,0.12,0.781,110.97,4,dance,
DJ Snake;Justin Bieber,Encore,Let Me Love You,205946,FALSE,0.649,0.716,6,-5.371,1,0.0349,0.0863,2.63E-05,0.135,0.163,99.988,4,pop,
Bailey Zimmerman,Rock and A Hard Place,Rock and A Hard Place,207540,FALSE,0.582,0.568,6,-7.3,1,0.0275,0.577,0,0.105,0.394,121.991,3,country,
Sam Smith;Kim Petras,Unholy (feat. Kim Petras),Unholy (feat. Kim Petras),156943,FALSE,0.714,0.472,6,-7.375,1,0.0864,0.013,4.51E-06,0.266,0.238,131.121,4,pop,
Red Hot Chili Peppers,Stadium Arcadium,Dani California,282160,FALSE,0.556,0.913,6,-2.36,1,0.0437,0.0193,8.59E-06,0.346,0.73,96.184,4,metal,
Shakira;Freshlyground,Waka Waka (This Time for Africa) [The Official 2010 FIFA World Cup (TM) Song] (feat. Freshlyground),Waka Waka (This Time for Africa) [The Official 2010 FIFA World Cup (TM) Song] (feat. Freshlyground),202626,FALSE,0.766,0.873,6,-6.381,0,0.143,0.00627,0,0.0764,0.743,126.988,4,latin,
Shakira,Laundry Service,"Whenever, Wherever",196160,FALSE,0.794,0.832,6,-4.862,0,0.0407,0.237,1.14E-05,0.203,0.871,107.657,4,latin,
Kygo;Selena Gomez,It Ain't Me (with Selena Gomez),It Ain't Me (with Selena Gomez),220780,FALSE,0.64,0.533,6,-6.596,1,0.0706,0.119,0,0.0864,0.515,99.968,4,house,
Lil Nas X;Billy Ray Cyrus,7 EP,Old Town Road - Remix,157066,FALSE,0.878,0.619,6,-5.56,1,0.102,0.0533,0,0.113,0.639,136.041,4,hip-hop,
The Neighbourhood,Wiped Out!,Daddy Issues,260173,FALSE,0.588,0.521,6,-9.461,1,0.0329,0.0678,0.149,0.123,0.337,85.012,4,alternative,
Dhanush;Anirudh Ravichander,"Thaai Kelavi (From ""Thiruchitrambalam"")","Thaai Kelavi (From ""Thiruchitrambalam"")",258909,FALSE,0.661,0.92,6,-3.469,0,0.188,0.0352,1.40E-05,0.314,0.494,82.508,4,pop-film,
Sam Smith,Love Goes,Fire On Fire,246735,FALSE,0.584,0.408,6,-7.356,0,0.0461,0.476,0,0.18,0.333,115.129,4,dance,
Travis Scott,ASTROWORLD,SICKO MODE,312820,TRUE,0.834,0.73,6,-3.714,1,0.222,0.00513,0,0.124,0.446,155.008,4,hip-hop,
Lord Huron,Strange Trails,The Night We Met,208211,FALSE,0.544,0.369,6,-9.514,1,0.038,0.969,0.279,0.639,0.102,87.01,3,folk,
Ellie Goulding,Fifty Shades Freed (Original Motion Picture Soundtrack),Love Me Like You Do,253520,FALSE,0.489,0.597,6,-6.633,0,0.0292,0.27,0,0.105,0.324,95.012,4,indie,
King,The Carnival,Tu Aake Dekhle,270000,FALSE,0.77,0.84,6,-4.022,1,0.107,0.515,0.00452,0.145,0.192,96.012,4,hip-hop,
BLACKPINK,BORN PINK,The Happiest Girl,222025,FALSE,0.439,0.352,6,-9.632,1,0.057,0.587,0,0.14,0.548,181.517,3,k-pop,
Marshmello;Jonas Brothers,Leave Before You Love Me,Leave Before You Love Me (with Jonas Brothers),154983,FALSE,0.721,0.738,6,-4.77,1,0.0403,0.00226,4.41E-06,0.118,0.637,119.976,4,edm,
Nirvana,Nevermind (Remastered),Something In The Way,232146,FALSE,0.427,0.201,6,-13.044,1,0.0317,0.745,0.263,0.109,0.0668,105.218,4,grunge,
Dua Lipa,Don't Start Now,Don't Start Now,183290,FALSE,0.794,0.793,6,-4.521,0,0.0842,0.0125,0,0.0952,0.677,123.941,4,dance,
George Ezra,Staying at Tamara's,Shotgun,201287,FALSE,0.673,0.735,6,-4.733,1,0.0457,0.286,0,0.242,0.754,115.744,4,songwriter,
benny blanco;Halsey;Khalid,FRIENDS KEEP SECRETS,Eastside (with Halsey & Khalid),170769,FALSE,0.632,0.686,6,-7.665,0,0.243,0.549,0,0.2,0.329,89.949,4,dance,
Bad Bunny,Un Verano Sin Ti,Yo No Soy Celoso,230704,TRUE,0.872,0.588,6,-6.276,1,0.0492,0.275,0,0.17,0.93,142.004,4,latino,
Vundabar,Gawk,Alien Blues,155933,FALSE,0.467,0.757,6,-5.093,1,0.033,0.0807,0.908,0.0876,0.433,82.282,4,garage,
Boston,Boston,More Than a Feeling,285133,FALSE,0.377,0.681,6,-8.039,1,0.0298,0.00088,0.0023,0.0504,0.285,108.789,4,hard-rock,
BTS,Proof,Run BTS,204939,FALSE,0.724,0.818,6,-3.747,1,0.168,0.0201,0,0.0358,0.696,77.004,4,pop,
Aimer,残響散歌,残響散歌,184893,FALSE,0.367,0.896,6,-4.002,1,0.091,0.000627,0,0.207,0.38,170.863,4,anime,
Declan McKenna,What Do You Think About the Car?,Brazil,252306,FALSE,0.687,0.617,6,-5.213,1,0.0287,0.0941,1.27E-05,0.0898,0.665,121.079,4,alternative,
ZICO;HOMIES,Street Man Fighter Original Vol.3 (Mission by Rank),New thing (Prod. ZICO) (Feat. Homies),147426,FALSE,0.775,0.865,6,-2.015,1,0.307,0.0453,0,0.261,0.663,175.12,4,k-pop,
Michael Jackson,Off the Wall,Rock with You - Single Version,220626,FALSE,0.808,0.535,6,-12.521,1,0.0353,0.179,9.91E-05,0.158,0.848,114.031,4,soul,
David Guetta;Afrojack;Bebe Rexha;Nicki Minaj,Listen,"Hey Mama (feat. Nicki Minaj, Bebe Rexha & Afrojack)",192560,FALSE,0.596,0.73,6,-4.091,1,0.151,0.24,0,0.325,0.525,85.979,4,edm,
The Knack,Get The Knack,My Sharona,295400,FALSE,0.586,0.7,6,-9.558,1,0.0363,0.0589,0.00125,0.0318,0.897,147.245,4,power-pop,
Imagine Dragons,Night Visions,Demons,177506,FALSE,0.505,0.71,6,-3.015,1,0.0321,0.19,0.00025,0.269,0.428,89.938,4,rock,
Elton John,Elton John,Your Song,241786,FALSE,0.554,0.315,6,-11.028,1,0.0298,0.828,5.53E-06,0.101,0.325,128.157,4,piano,
SEKAI NO OWARI,Habit,Habit,253153,FALSE,0.749,0.85,6,-5.39,0,0.126,0.203,0,0.18,0.912,117.968,4,j-pop,
Zara Larsson;MNEK,So Good,Never Forget You,213427,FALSE,0.583,0.732,6,-5.728,0,0.0457,0.00312,9.86E-06,0.269,0.276,145.992,4,house,
Rammstein,Zeit,Armee der Tristen,205589,FALSE,0.447,0.901,6,-5.397,1,0.0491,0.000415,0.000103,0.225,0.334,86.01,4,metal,
Swedish House Mafia;Connie Constance,Paradise Again,Heaven Takes You Home (feat. Connie Constance),214071,FALSE,0.665,0.738,6,-5.931,0,0.0379,0.0124,0.00598,0.0923,0.0389,125.037,4,electro,
Beach Bunny,Honeymoon,Cloud 9,147350,FALSE,0.637,0.929,6,-3.593,1,0.0491,0.00167,2.62E-05,0.344,0.902,80.974,4,indie,
The Neighbourhood;Syd,Daddy Issues (Remix) feat. Syd,Daddy Issues (Remix) feat. Syd,181186,FALSE,0.623,0.533,6,-8.164,1,0.0653,0.245,0.00717,0.112,0.247,84.982,4,alt-rock,
Lady Gaga;Bradley Cooper,A Star Is Born Soundtrack,Shallow,215733,FALSE,0.572,0.385,6,-6.362,1,0.0308,0.371,0,0.231,0.323,95.799,4,dance,
Weezer,Weezer (Green Album),Island In The Sun,200306,FALSE,0.654,0.81,6,-6.26,0,0.0288,0.00719,0.00251,0.165,0.661,114.623,4,alternative,
Lola Indigo;Maria Becerra,DISCOTEKA,DISCOTEKA,174801,FALSE,0.795,0.854,6,-5.462,1,0.0444,0.162,1.21E-06,0.0923,0.549,105.992,4,spanish,
Young the Giant,Mirrorball / Mind Over Matter (Reprise),Mind Over Matter (Reprise),230866,FALSE,0.393,0.487,6,-6.348,1,0.0337,0.229,0,0.128,0.3,151.958,4,alternative,
blink-182,Take Off Your Pants And Jacket,First Date,171533,FALSE,0.579,0.928,6,-4.344,1,0.0411,0.000715,0,0.18,0.882,95.594,4,punk-rock,
Thin Lizzy,Jailbreak (Deluxe Edition),The Boys Are Back In Town,266720,FALSE,0.445,0.706,6,-9.803,1,0.0461,0.234,0.000252,0.205,0.768,80.823,4,metal,
WALK THE MOON,TALKING IS HARD,Shut Up and Dance,199080,FALSE,0.578,0.866,6,-3.804,1,0.0619,0.00701,0,0.257,0.619,128.038,4,rock,
Eminem;Juice WRLD,Music To Be Murdered By,Godzilla (feat. Juice WRLD),210800,TRUE,0.808,0.745,6,-5.26,0,0.342,0.145,0,0.292,0.829,165.995,4,hip-hop,
DJ Snake;Ozuna;Megan Thee Stallion;LISA,"SG (with Ozuna, Megan Thee Stallion & LISA of BLACKPINK)","SG (with Ozuna, Megan Thee Stallion & LISA of BLACKPINK)",225600,TRUE,0.8,0.837,6,-2.807,0,0.0491,0.00406,0.00313,0.0904,0.702,100.015,4,dance,
blackbear,deadroses,idfc,245172,TRUE,0.63,0.5,6,-8.755,0,0.0611,0.611,4.04E-05,0.114,0.315,144.871,4,electro,
Phoebe Bridgers,Stranger in the Alps,Motion Sickness,229760,FALSE,0.651,0.546,6,-9.021,1,0.0357,0.774,0.0437,0.0842,0.623,107.021,4,indie-pop,
Labrinth;Zendaya,All For Us (from the HBO Original Series Euphoria),All For Us - from the HBO Original Series Euphoria,192986,FALSE,0.348,0.652,6,-7.145,1,0.0931,0.0165,0.000264,0.33,0.172,70.956,4,indie-pop,
Luciano;Aitch;BIA,Bamba (feat. Aitch & BIA),Bamba (feat. Aitch & BIA),203255,FALSE,0.798,0.806,6,-5.841,1,0.355,0.145,0,0.13,0.82,138.082,4,german,
Charlie Puth,Voicenotes,Attention,208786,FALSE,0.775,0.613,6,-4.586,0,0.0542,0.109,2.33E-05,0.134,0.797,100.066,4,pop,
Bad Bunny,Un Verano Sin Ti,Neverita,173119,FALSE,0.876,0.498,6,-7.511,1,0.0478,0.0706,0,0.143,0.428,122.016,4,reggaeton,
BTS;Halsey,MAP OF THE SOUL : PERSONA,Boy With Luv (feat. Halsey),229773,FALSE,0.645,0.862,6,-4.761,0,0.0845,0.0933,0,0.193,0.803,119.947,4,k-pop,
Jessi,ZOOM,ZOOM,174840,FALSE,0.874,0.6,6,-6.064,1,0.158,0.00942,0,0.126,0.457,100.012,4,k-pop,
Falling In Reverse,Popular Monster,Popular Monster,220537,TRUE,0.461,0.897,6,-3.982,0,0.092,0.00821,0,0.0965,0.358,165.107,4,metalcore,
Suki Waterhouse,Good Looking,Good Looking,214800,FALSE,0.377,0.558,6,-9.076,1,0.0299,0.0789,0.000342,0.125,0.267,149.971,3,indie,
James Hype;Miggy Dela Rosa,Ferrari,Ferrari,186661,FALSE,0.847,0.69,6,-7.877,0,0.0493,0.0127,6.00E-05,0.0526,0.692,125.004,4,house,
Jimmy Eat World,Bleed American,The Middle,165853,FALSE,0.643,0.849,6,-5.428,1,0.0526,0.0371,0,0.058,0.903,162.152,4,alt-rock,
Kate Bush,Hounds Of Love,Running Up That Hill (A Deal With God),298933,FALSE,0.629,0.547,6,-13.123,0,0.055,0.72,0.00314,0.0604,0.197,108.375,4,pop,
Red Hot Chili Peppers,Stadium Arcadium,Snow (Hey Oh),334666,FALSE,0.427,0.9,6,-3.674,1,0.0499,0.116,1.75E-05,0.119,0.599,104.655,4,alt-rock,
XXXTENTACION;Trippie Redd,17,Fuck Love (feat. Trippie Redd),146520,TRUE,0.797,0.533,6,-9.74,0,0.0412,0.0172,0.000152,0.103,0.329,131.036,4,emo,
Calvin Harris;John Newman,Motion,Blame (feat. John Newman),212960,FALSE,0.414,0.857,6,-4.078,0,0.0808,0.0287,0.00574,0.343,0.348,128.024,4,electro,
XXXTENTACION,Riot,Riot,78680,TRUE,0.509,0.542,6,-8.027,0,0.442,0.019,0.00639,0.23,0.151,97.767,4,emo,
Foo Fighters,"Echoes, Silence, Patience & Grace",The Pretender,269373,FALSE,0.433,0.959,6,-4.04,1,0.0431,0.000917,0,0.028,0.365,172.984,4,grunge,
Ellie Goulding;Speed Radio,Lights (Sped Up Version),Lights - Sped Up Version,190053,FALSE,0.653,0.836,6,-5.626,0,0.0457,0.0452,0.299,0.1,0.804,133.182,4,electro,
BTS,Love Yourself 結 'Answer',Euphoria,228615,FALSE,0.637,0.799,6,-4.518,1,0.0338,0.394,0,0.0921,0.57,104.996,4,pop,
Two Feet,A 20 Something Fuck,I Feel Like I'm Drowning,185520,FALSE,0.717,0.577,6,-5.436,1,0.0491,0.708,0.00428,0.0899,0.235,104.927,3,rock,
LISA,LALISA,MONEY,168227,FALSE,0.826,0.553,6,-10.121,0,0.234,0.163,4.12E-05,0.135,0.4,140.037,4,k-pop,
The Beatles,Help! (Remastered),Yesterday - Remastered 2009,125666,FALSE,0.332,0.179,6,-11.83,1,0.0326,0.879,0,0.0886,0.315,96.529,4,british,
Lil Nas X,MONTERO,MONTERO (Call Me By Your Name),137704,TRUE,0.593,0.503,6,-6.725,0,0.22,0.293,0,0.405,0.71,178.781,4,pop,
Guns N' Roses,Use Your Illusion I,Don't Cry (Original),283733,FALSE,0.456,0.59,6,-8.638,1,0.0327,0.00182,0.00379,0.104,0.243,124.635,4,metal,
Kendrick Lamar;SZA,Black Panther The Album Music From And Inspired By,All The Stars (with SZA),232186,TRUE,0.698,0.633,6,-4.946,1,0.0597,0.0605,0.000194,0.0926,0.552,96.924,4,hip-hop,
Billie Eilish,dont smile at me,ocean eyes,200379,FALSE,0.511,0.363,6,-7.65,0,0.041,0.816,0.0317,0.084,0.169,144.892,4,electro,
Daft Punk;Pharrell Williams;Nile Rodgers,Random Access Memories,Get Lucky (feat. Pharrell Williams & Nile Rodgers),369626,FALSE,0.81,0.793,6,-9.404,0,0.0403,0.0378,1.77E-06,0.072,0.863,116.05,4,house,
Måneskin,SUPERMODEL,SUPERMODEL,148064,FALSE,0.636,0.876,6,-3.413,1,0.0555,0.00164,0,0.117,0.799,120.983,4,indie,
Zedd;Maren Morris;Grey,The Middle,The Middle,184732,FALSE,0.753,0.657,6,-3.061,1,0.0449,0.171,0,0.112,0.437,107.01,4,electro,
MEDUZA;Hozier,Tell It To My Heart,Tell It To My Heart,165524,FALSE,0.539,0.715,6,-6.639,0,0.0595,0.0265,0,0.609,0.489,123.854,4,edm,
Musical Youth,Anthology,Pass The Dutchie,205426,FALSE,0.805,0.418,6,-14.374,1,0.0979,0.459,0,0.288,0.966,149.724,4,reggae,
Shawn Mendes,Illuminate,Treat You Better,187973,FALSE,0.444,0.819,6,-4.078,0,0.341,0.106,0,0.107,0.747,82.695,4,dance,
Tainy;Bad Bunny;Julieta Venegas,Lo Siento BB:/ (with Bad Bunny & Julieta Venegas),Lo Siento BB:/ (with Bad Bunny & Julieta Venegas),207301,FALSE,0.639,0.703,6,-6.33,0,0.0794,0.0889,1.78E-06,0.0865,0.138,169.888,4,latino,
Swedish House Mafia;John Martin,Don't You Worry Child,Don't You Worry Child - Radio Edit,212862,FALSE,0.612,0.84,6,-3.145,0,0.0509,0.112,0,0.116,0.438,129.042,4,progressive-house,
Grouplove,Never Trust a Happy Song,Tongue Tied,218013,FALSE,0.56,0.936,6,-5.835,1,0.0439,0.00847,0,0.161,0.371,112.96,4,alternative,
Pritam;Arijit Singh;Amitabh Bhattacharya,"Dance Ka Bhoot (From ""Brahmastra"")","Dance Ka Bhoot (From ""Brahmastra"")",245735,FALSE,0.632,0.929,6,-5.297,1,0.128,0.0503,0,0.271,0.584,136.008,4,indian,
Martin Garrix;Dua Lipa,Scared to Be Lonely,Scared to Be Lonely,220883,FALSE,0.584,0.54,6,-7.786,0,0.0576,0.0895,0,0.261,0.195,137.972,4,progressive-house,
Halsey,Manic,Without Me,201660,TRUE,0.752,0.488,6,-7.05,1,0.0705,0.297,9.11E-06,0.0936,0.533,136.041,4,indie,
Maroon 5;Wiz Khalifa,Overexposed Track By Track,Payphone,231173,TRUE,0.743,0.752,6,-4.813,1,0.0414,0.0188,0,0.287,0.545,110.015,4,pop,
Galantis,Pharmacy,Runaway (U & I),227073,FALSE,0.506,0.805,6,-4.119,1,0.0469,0.00711,0.00193,0.0856,0.383,126.008,4,house,
ABBA,Super Trouper,The Winner Takes It All,294720,FALSE,0.454,0.788,6,-6.748,1,0.0371,0.574,0.000766,0.0859,0.52,126.15,4,swedish,
Hoobastank,The Reason (15th Anniversary Deluxe),The Reason,232800,FALSE,0.472,0.671,6,-4.649,1,0.029,0.0129,0,0.159,0.0681,82.952,4,funk,
The Neighbourhood,Hard To Imagine The Neighbourhood Ever Changing,You Get Me So High,153000,FALSE,0.551,0.881,6,-6.099,0,0.0542,0.186,0.0791,0.152,0.387,88.036,4,alternative,
The Turtles,Happy Together,Happy Together,176293,FALSE,0.584,0.367,6,-9.638,0,0.0328,0.55,1.38E-05,0.0818,0.588,120.175,4,folk,
Ankit Tiwari;Manoj Muntashir,"Galliyan Returns (From ""Ek Villain Returns"")","Galliyan Returns (From ""Ek Villain Returns"")",350011,FALSE,0.43,0.612,6,-5.534,0,0.0392,0.432,2.29E-06,0.0955,0.241,85.959,4,pop,
Marshmello;Jonas Brothers,Leave Before You Love Me,Leave Before You Love Me (with Jonas Brothers),154983,FALSE,0.721,0.738,6,-4.77,1,0.0403,0.00226,4.41E-06,0.118,0.637,119.976,4,progressive-house,
Ozuna;Daddy Yankee;J Balvin;Farruko;Anuel AA,"Baila Baila Baila (Remix) [feat. Farruko, Anuel Aa]",Baila Baila Baila - Remix,235284,FALSE,0.785,0.572,6,-7.504,1,0.123,0.0598,0,0.218,0.49,100.016,4,reggae,
Daddy Yankee;El Alfa;Lil Jon,LEGENDADDY,BOMBÓN,182413,TRUE,0.843,0.789,6,-2.801,1,0.247,0.0028,2.41E-05,0.0322,0.571,125.071,4,latino,
Fall Out Boy,American Beauty/American Psycho,Centuries,228360,FALSE,0.393,0.858,6,-2.868,0,0.0729,0.00359,0,0.102,0.56,176.042,4,rock,
The Offspring,"Rise And Fall, Rage And Grace","You're Gonna Go Far, Kid",177826,TRUE,0.55,0.917,6,-3.159,1,0.0638,0.00428,0,0.197,0.601,126.115,4,punk-rock,
One Direction,Midnight Memories (Deluxe),Story of My Life,245493,FALSE,0.6,0.663,6,-5.802,1,0.0477,0.225,0,0.119,0.286,121.07,4,pop,
Anuel AA;Daddy Yankee;KAROL G;J Balvin;Ozuna,China,China,301714,FALSE,0.786,0.808,6,-3.702,1,0.0882,0.0846,0.000289,0.0822,0.609,105.027,4,latino,
Buffalo Springfield,Buffalo Springfield,For What It's Worth,153693,FALSE,0.653,0.519,6,-10.164,1,0.0497,0.406,0.0209,0.101,0.822,98.883,4,country,
Bad Bunny;Jhayco,Un Verano Sin Ti,Tarot,237894,TRUE,0.795,0.684,6,-3.971,0,0.0419,0.0225,0,0.658,0.419,114.011,4,latino,
BTS;Halsey,MAP OF THE SOUL : PERSONA,Boy With Luv (feat. Halsey),229773,FALSE,0.645,0.862,6,-4.761,0,0.0845,0.0933,0,0.193,0.803,119.947,4,pop,
Nirvana,In Utero - 20th Anniversary Remaster,Dumb,151893,FALSE,0.697,0.395,6,-13.58,1,0.0281,0.428,0.653,0.173,0.876,113.589,4,alternative,
Bad Bunny,YHLQMDLG,Yo Perreo Sola,172127,FALSE,0.86,0.758,6,-5.16,1,0.0695,0.021,6.54E-05,0.344,0.453,97.014,4,latino,
Jax Jones;MNEK,Where Did You Go (feat. MNEK),Where Did You Go? (feat. MNEK),177689,FALSE,0.763,0.782,6,-4.541,0,0.0346,0.182,7.08E-06,0.293,0.502,127.034,4,house,
BLACKPINK,THE ALBUM,How You Like That,180956,FALSE,0.813,0.787,6,-4.254,1,0.0777,0.0452,0.000107,0.0506,0.326,130.018,4,pop,
MKTO,MKTO,Classic,175426,FALSE,0.72,0.791,6,-4.689,1,0.124,0.0384,0,0.157,0.756,102.071,4,rock,
The 1975,Being Funny In A Foreign Language,Oh Caroline,212568,FALSE,0.646,0.85,6,-5.466,1,0.0428,0.363,4.01E-05,0.0994,0.819,96.538,4,rock,
AC/DC,Back In Black,Back In Black,255493,FALSE,0.31,0.7,6,-5.678,1,0.047,0.011,0.00965,0.0828,0.763,188.386,4,hard-rock,
Sleepy Hallow;347aidan,Die Young (feat. 347aidan),Die Young (feat. 347aidan),148816,TRUE,0.808,0.582,6,-6.26,1,0.338,0.827,0,0.111,0.675,77.471,4,r-n-b,
Ludovico Einaudi;Daniel Hope;I Virtuosi Italiani,In A Time Lapse,Experience,315426,FALSE,0.447,0.449,6,-10.634,1,0.0376,0.934,0.961,0.0697,0.036,92.468,4,classical,
Zedd;Foxes,Clarity,Clarity,271426,FALSE,0.509,0.781,6,-3.48,1,0.072,0.0398,0,0.0749,0.176,128,4,techno,
M83,"Hurry up, We're Dreaming",Midnight City,243960,FALSE,0.507,0.729,6,-5.399,0,0.0393,0.0182,1.40E-06,0.0658,0.272,105.013,4,french,
Soundgarden,Superunknown (Deluxe Edition),Black Hole Sun,318586,FALSE,0.35,0.828,6,-5.373,1,0.041,0.000217,0.000161,0.0774,0.147,105.435,4,hard-rock,
Bad Bunny,YHLQMDLG,La Zona,136892,TRUE,0.762,0.801,6,-3.661,0,0.0409,0.2,7.04E-05,0.254,0.81,93.992,4,reggaeton,
George Harrison,All Things Must Pass (Remastered 2014),My Sweet Lord - Remastered 2014,281226,FALSE,0.537,0.701,6,-8.913,0,0.0335,0.0972,0,0.0832,0.583,120.919,4,singer-songwriter,
Bad Bunny;Bomba Estéreo,Un Verano Sin Ti,Ojitos Lindos,258298,FALSE,0.647,0.686,6,-5.745,0,0.0413,0.08,1.34E-06,0.528,0.268,79.928,4,reggae,
Wizkid;Tems,Made In Lagos,Essence (feat. Tems),248040,FALSE,0.849,0.707,6,-6.002,1,0.113,0.0266,8.58E-06,0.618,0.602,104.027,4,dancehall,
Marshmello;Anne-Marie,FRIENDS,FRIENDS,202620,TRUE,0.626,0.88,6,-2.384,0,0.0504,0.205,0,0.128,0.534,95.079,4,dance,
Camilo;Shawn Mendes,KESI (Remix),KESI - Remix,176575,FALSE,0.871,0.815,6,-4.439,1,0.0477,0.127,6.18E-06,0.094,0.823,122.959,4,reggaeton,
The Notorious B.I.G.,Ready to Die (The Remaster),Juicy - 2005 Remaster,302760,TRUE,0.889,0.818,6,-4.639,1,0.253,0.47,0,0.179,0.782,96.063,4,hardcore,
Chris Brown,Indigo (Extended),Under The Influence,184613,TRUE,0.733,0.69,6,-5.529,0,0.0427,0.0635,1.18E-06,0.105,0.31,116.992,4,pop,
Marshmello;Juice WRLD,Bye Bye,Bye Bye,108498,TRUE,0.645,0.525,6,-5.399,0,0.0355,0.0574,0,0.505,0.238,83.018,4,edm,
Lil Peep,Star Shopping,Star Shopping,142000,TRUE,0.538,0.471,6,-9.84,0,0.0955,0.0946,0.0185,0.116,0.307,93.07,4,emo,
DJ Snake;Selena Gomez;Ozuna;Cardi B,"Taki Taki (with Selena Gomez, Ozuna & Cardi B)","Taki Taki (with Selena Gomez, Ozuna & Cardi B)",212500,TRUE,0.842,0.801,6,-4.167,0,0.228,0.157,4.82E-06,0.0642,0.617,95.881,4,electronic,
The Human League,Dare!,Don't You Want Me,236920,FALSE,0.731,0.738,6,-8.125,0,0.0377,0.184,0,0.214,0.958,117.656,4,synth-pop,
Zedd;Alessia Cara,Stay,Stay,210090,FALSE,0.69,0.622,6,-5.025,0,0.0622,0.253,0,0.116,0.544,102.04,4,electro,
G-Eazy;Halsey,The Beautiful & Damned,Him & I (with Halsey),268866,TRUE,0.589,0.731,6,-6.343,1,0.0868,0.0534,0,0.308,0.191,87.908,4,indie,
Muni Long,Public Displays Of Affection,Hrs & Hrs,204316,TRUE,0.523,0.521,6,-4.746,1,0.159,0.607,0,0.107,0.661,133.953,3,indie-pop,
Joy Again,Looking Out for You,Looking Out for You,179499,FALSE,0.682,0.9,6,-5.028,1,0.0874,0.0884,0.063,0.0685,0.937,100.721,4,indie-pop,
Lost Frequencies;Calum Scott,Where Are You Now,Where Are You Now,148197,FALSE,0.671,0.636,6,-8.117,0,0.103,0.515,0.000411,0.172,0.262,120.966,4,dance,
Topic;A7S,Breaking Me,Breaking Me,166793,FALSE,0.789,0.72,6,-5.652,0,0.218,0.223,0,0.129,0.664,122.031,4,german,
SEVENTEEN,SEVENTEEN 4th Album 'Face the Sun',HOT,197586,FALSE,0.765,0.777,6,-4.376,0,0.0399,0.0539,2.58E-06,0.338,0.64,111.944,4,k-pop,
Mitski,Puberty 2,I Bet on Losing Dogs,170240,FALSE,0.398,0.493,6,-9.561,1,0.0303,0.00347,0.000157,0.106,0.412,82.048,4,indie-pop,
Tears For Fears,Songs From The Big Chair (Super Deluxe Edition),Everybody Wants To Rule The World,251488,FALSE,0.645,0.795,6,-12.095,1,0.0527,0.347,0.00389,0.104,0.535,112.067,4,synth-pop,
Cage The Elephant,Melophobia,Cigarette Daydreams,208760,FALSE,0.636,0.676,6,-3.442,1,0.0263,0.0807,0,0.0831,0.273,113.98,4,punk,
Zara Larsson;MNEK,So Good,Never Forget You,213427,FALSE,0.583,0.732,6,-5.728,0,0.0457,0.00312,9.86E-06,0.269,0.276,145.992,4,swedish,
Anuel AA;Daddy Yankee;Zion & Lennox;Farruko;Wisin,Sola (Remix),Sola (Remix),307910,FALSE,0.639,0.869,6,-4.024,1,0.147,0.27,0,0.0802,0.767,169.801,4,latino,
Corinne Bailey Rae,Corinne Bailey Rae,Put Your Records On,215360,FALSE,0.739,0.511,6,-7.844,1,0.0362,0.167,1.34E-06,0.133,0.542,96.038,4,british,
Doja Cat,Planet Her,Need to Know,210560,TRUE,0.664,0.609,6,-6.509,1,0.0707,0.304,0,0.0926,0.194,130.041,4,dance,
Ghost,Seven Inches Of Satanic Panic,Mary On A Cross,244804,FALSE,0.466,0.9,6,-4.469,1,0.0447,0.000235,0.00104,0.103,0.561,130.02,4,rock,
Bad Bunny,Un Verano Sin Ti,Efecto,213061,FALSE,0.801,0.475,6,-8.797,0,0.0516,0.141,1.73E-05,0.0639,0.234,98.047,4,latino,
Imanbek;BYOR,Belly Dancer,Belly Dancer,151475,FALSE,0.845,0.797,6,-4.984,1,0.139,0.0582,5.57E-06,0.167,0.422,121.985,4,edm,
Nirvana,Nevermind (Remastered),Come As You Are,218920,FALSE,0.5,0.824,6,-5.846,0,0.0388,0.00016,0.00161,0.0916,0.539,120.125,4,grunge,
Nio Garcia;J Balvin;Bad Bunny,AM Remix,AM Remix,261334,TRUE,0.743,0.655,6,-5.015,0,0.159,0.114,0,0.0764,0.785,172.031,4,latino,
Jay Wheeler;DJ Nelson;Myke Towers,Platonicos,La Curiosidad,219048,FALSE,0.845,0.677,6,-4.798,0,0.136,0.269,0.000917,0.108,0.68,90.013,4,reggaeton,
De La Ghetto;Rauw Alejandro,Loco Por Perrearte (Remix),Loco Por Perrearte - Remix,199148,TRUE,0.848,0.673,6,-4.034,0,0.058,0.0147,0.00652,0.102,0.39,93.987,4,latino,
なとり,Overdose,Overdose,197093,FALSE,0.733,0.598,6,-9.453,0,0.0377,0.0307,1.70E-05,0.218,0.831,118.012,4,j-pop,
Adele,30,I Drink Wine,376169,FALSE,0.437,0.565,6,-5.596,1,0.0466,0.697,0,0.119,0.306,115.389,4,soul,
Shakira;Freshlyground,Waka Waka (This Time for Africa) [The Official 2010 FIFA World Cup (TM) Song] (feat. Freshlyground),Waka Waka (This Time for Africa) [The Official 2010 FIFA World Cup (TM) Song] (feat. Freshlyground),202626,FALSE,0.766,0.873,6,-6.381,0,0.143,0.00627,0,0.0764,0.743,126.988,4,dance,
Dua Lipa,Future Nostalgia,Levitating,203807,FALSE,0.695,0.884,6,-2.278,0,0.0753,0.0561,0,0.213,0.914,103.014,4,dance,
JVKE,this is what ____ feels like (Vol. 1-4),golden hour,209259,FALSE,0.515,0.593,6,-4.801,1,0.0322,0.653,0.162,0.25,0.153,94.467,3,indie-pop,
Clean Bandit;Sean Paul;Anne-Marie,Rockabye (feat. Sean Paul & Anne-Marie),Rockabye (feat. Sean Paul & Anne-Marie),251088,FALSE,0.72,0.763,6,-4.068,0,0.0523,0.406,0,0.18,0.742,101.965,4,edm,
Bad Bunny,YHLQMDLG,La Difícil,163084,TRUE,0.685,0.848,6,-4.561,0,0.0858,0.0861,7.14E-06,0.0783,0.761,179.87,4,latino,
Ed Sheeran,÷ (Deluxe),Perfect,263400,FALSE,0.599,0.448,6,-6.312,1,0.0232,0.163,0,0.106,0.168,95.05,3,pop,
Nirvana,Nevermind (Remastered),Smells Like Teen Spirit,301920,FALSE,0.502,0.912,6,-4.556,1,0.0564,2.55E-05,0.000173,0.106,0.72,116.761,4,grunge,
The Righteous Brothers,Just Once In My Life,Unchained Melody,218013,FALSE,0.339,0.208,6,-16.725,1,0.0308,0.396,0.000519,0.18,0.288,98.54,3,rockabilly,
Calvin Harris;Dua Lipa;Young Thug,Potion (with Dua Lipa & Young Thug),Potion (with Dua Lipa & Young Thug),214459,TRUE,0.824,0.697,6,-4.869,0,0.0473,0.158,4.11E-05,0.077,0.757,99.988,4,house,
Red Hot Chili Peppers,Stadium Arcadium,Snow (Hey Oh),334666,FALSE,0.427,0.9,6,-3.674,1,0.0499,0.116,1.75E-05,0.119,0.599,104.655,4,alternative,
The Chainsmokers;Halsey,Closer,Closer,244960,FALSE,0.748,0.524,6,-5.599,1,0.0338,0.414,0,0.111,0.661,95.01,4,electro,
The Chainsmokers,So Far So Good,High,175163,TRUE,0.601,0.787,6,-6.178,1,0.031,0.0492,0,0.142,0.525,134.981,4,edm,
Bad Bunny;ROSALÍA,EL ÚLTIMO TOUR DEL MUNDO,LA NOCHE DE ANOCHE,203200,FALSE,0.856,0.618,6,-4.892,1,0.286,0.0303,0,0.0866,0.391,81.993,4,reggae,
Chino & Nacho;Daddy Yankee,Andas En Mi Cabeza,Andas En Mi Cabeza,247493,FALSE,0.671,0.954,6,-1.87,1,0.13,0.0244,0,0.111,0.556,104.114,4,latino,
Cole Swindell,Stereotype,She Had Me At Heads Carolina,206106,FALSE,0.607,0.912,6,-3.449,1,0.0611,0.124,0,0.332,0.722,134.944,4,country,
Alok;Ella Eyre;Kenny Dope;Never Dull,Deep Down (feat. Never Dull),Deep Down (feat. Never Dull),165752,FALSE,0.687,0.818,6,-4.221,1,0.0778,0.0112,0,0.248,0.886,125.952,4,electro,
Cults,Static,Always Forever,223746,FALSE,0.174,0.742,6,-5.93,1,0.0485,0.00181,0.281,0.198,0.36,163.378,4,indie-pop,
Gorillaz,Gorillaz,Clint Eastwood,340920,TRUE,0.663,0.694,6,-8.627,0,0.171,0.0253,0,0.0698,0.525,167.953,4,alternative,
Arctic Monkeys,Favourite Worst Nightmare,505,253586,FALSE,0.526,0.866,6,-5.822,1,0.0568,0.00287,7.78E-05,0.0945,0.248,140.266,4,garage,
Luis Fonsi;Daddy Yankee,VIDA,Despacito,229360,FALSE,0.655,0.797,6,-4.787,1,0.153,0.198,0,0.067,0.839,177.928,4,latin,
Feid,Si Te La Encuentras Por Ahí,Si Te La Encuentras Por Ahí,191573,FALSE,0.743,0.576,6,-3.552,0,0.076,0.151,5.87E-05,0.128,0.455,171.945,4,reggaeton,
MARINA,Electra Heart (Deluxe),Bubblegum Bitch,154666,TRUE,0.495,0.856,6,-5.123,0,0.0311,0.000219,0,0.103,0.609,158.024,4,electro,
Majestic;Boney M.,Rasputin,Rasputin,186209,FALSE,0.758,0.913,6,-2.926,0,0.113,0.00364,6.92E-05,0.193,0.658,128.04,4,dance,
Pritam;Tochi Raina;Rekha Bhardwaj,Yeh Jawaani Hai Deewani,Kabira,223459,FALSE,0.59,0.555,6,-6.861,1,0.0271,0.481,0,0.192,0.191,84.027,4,indian,
Good Charlotte,The Young and The Hopeless,The Anthem,175093,FALSE,0.494,0.939,6,-3.127,1,0.126,0.00666,0,0.139,0.893,177.751,4,metal,
AP Dhillon;Gurinder Gill,HIDDEN GEMS,DESIRES,168000,FALSE,0.863,0.387,6,-10.057,0,0.256,0.365,0.00238,0.06,0.39,100.013,4,hip-hop,
Paramore,After Laughter,Hard Times,182693,FALSE,0.695,0.818,6,-5.379,0,0.0334,0.00647,4.87E-06,0.0219,0.916,119.965,4,punk,
Ellie Goulding,Fifty Shades Freed (Original Motion Picture Soundtrack),Love Me Like You Do,253520,FALSE,0.489,0.597,6,-6.633,0,0.0292,0.27,0,0.105,0.324,95.012,4,edm,
Supertramp,Even In The Quietest Moments,Give A Little Bit,248173,FALSE,0.531,0.818,6,-5.358,1,0.0452,0.0694,0.0096,0.263,0.471,90.767,4,piano,
Lauren Spencer Smith,Fingers Crossed,Fingers Crossed,175344,FALSE,0.56,0.473,6,-7.23,1,0.0533,0.618,0,0.31,0.441,109.414,4,songwriter,
YOASOBI,THE BOOK,夜に駆ける,258838,FALSE,0.663,0.871,6,-5.287,1,0.03,0.00299,1.80E-06,0.337,0.826,130.025,4,j-pop,
Guns N' Roses,Appetite For Destruction,Welcome To The Jungle,272026,TRUE,0.447,0.954,6,-8.069,1,0.0751,0.0235,0.403,0.298,0.331,123.453,4,hard-rock,
Travis Scott,ASTROWORLD,STARGAZING,270714,TRUE,0.487,0.789,6,-3.69,1,0.044,0.00947,4.05E-06,0.189,0.0564,150.007,4,house,
George Harrison,All Things Must Pass (Remastered 2014),My Sweet Lord - Remastered 2014,281226,FALSE,0.537,0.701,6,-8.913,0,0.0335,0.0972,0,0.0832,0.583,120.919,4,songwriter,
Owl City;Carly Rae Jepsen,The Midsummer Station,Good Time,205933,FALSE,0.56,0.872,6,-4.269,1,0.14,0.0239,6.98E-06,0.371,0.682,126.05,4,indie,
White Noise Baby Sleep,White Noise for Sleeping Babies,"White Noise Sleeping Aid to Help My Baby Fall Asleep, Sleep Through the Night",595105,FALSE,0.179,0.00189,6,-25.2,1,0.327,0.982,0.279,0.111,1.00E-05,81.71,4,sleep,
Pritam;Arijit Singh,Chhichhore,Khairiyat,280281,FALSE,0.534,0.481,6,-9.016,0,0.0412,0.697,0,0.142,0.293,124.914,4,indian,
Aaryan Shah,Renegade,Renegade,222576,TRUE,0.551,0.561,6,-10.408,0,0.0559,0.509,0.367,0.369,0.207,103.118,4,soul,
J Balvin;Bad Bunny,OASIS,LA CANCIÓN,242573,FALSE,0.754,0.646,6,-5.795,1,0.317,0.152,1.85E-05,0.108,0.429,176.089,4,latino,
Boza,Más Negro Que Rojo,Hecha Pa' Mi,186133,FALSE,0.725,0.756,6,-5.013,1,0.0572,0.362,0.000685,0.103,0.828,100.07,4,latino,
Leon Bridges,Coming Home (Deluxe),River,240200,FALSE,0.635,0.184,6,-10.785,1,0.0456,0.665,0,0.146,0.177,128.424,4,blues,
Empire of the Sun,Walking On A Dream (10th Anniversary Edition),Walking On A Dream,198440,FALSE,0.871,0.701,6,-5.594,0,0.0458,0.257,7.52E-06,0.0589,0.716,126.975,4,alternative,
Arctic Monkeys,Favourite Worst Nightmare,505,253586,FALSE,0.526,0.866,6,-5.822,1,0.0568,0.00287,7.78E-05,0.0945,0.248,140.266,4,indie,
Nessa Barrett,die first,die first,177108,FALSE,0.444,0.669,6,-6.727,0,0.125,0.0669,0,0.124,0.44,183.441,4,electro,
Guns N' Roses,Use Your Illusion II,Knockin' On Heaven's Door,336000,FALSE,0.496,0.739,6,-7.193,1,0.0415,0.0211,0.00444,0.106,0.378,132.41,4,metal,
Sam Feldt;Rita Ora,Follow Me,Follow Me,169672,FALSE,0.673,0.729,6,-4.879,1,0.0496,0.083,0,0.1,0.675,122.023,4,house,
salem ilese;TOMORROW X TOGETHER;Alan Walker,PS5 (with TOMORROW X TOGETHER & Alan Walker),PS5 (with TOMORROW X TOGETHER & Alan Walker),152214,FALSE,0.602,0.642,6,-5.404,0,0.211,0.0131,5.33E-06,0.0668,0.54,175.978,4,pop,
Soundgarden,Superunknown (Deluxe Edition),Black Hole Sun,318586,FALSE,0.35,0.828,6,-5.373,1,0.041,0.000217,0.000161,0.0774,0.147,105.435,4,grunge,
Ozuna;Daddy Yankee;J Balvin;Farruko;Anuel AA,"Baila Baila Baila (Remix) [feat. Farruko, Anuel Aa]",Baila Baila Baila - Remix,235284,FALSE,0.785,0.572,6,-7.504,1,0.123,0.0598,0,0.218,0.49,100.016,4,latino,
Cardi B;Bad Bunny;J Balvin,Invasion of Privacy,I Like It,253390,TRUE,0.816,0.726,6,-3.998,0,0.129,0.099,0,0.372,0.65,136.048,4,dance,
Guns N' Roses,Appetite For Destruction,Sweet Child O' Mine,354520,TRUE,0.454,0.91,6,-7.766,1,0.0448,0.0866,0.0996,0.116,0.629,125.116,4,metal,
My Chemical Romance,Three Cheers for Sweet Revenge,Helena,204733,FALSE,0.356,0.96,6,-3.487,1,0.104,0.0142,0,0.209,0.0857,125.921,4,emo,
Tove Lo,2 Die 4,2 Die 4,185875,FALSE,0.816,0.8,6,-5.705,0,0.0733,0.0283,6.03E-05,0.129,0.534,118.014,4,swedish,
James Arthur,Back from the Edge,Say You Won't Let Go,211466,FALSE,0.358,0.557,6,-7.398,1,0.059,0.695,0,0.0902,0.494,85.043,4,pop,
flora cash,You're Somebody Else,You're Somebody Else,218883,FALSE,0.713,0.452,6,-9.638,1,0.0295,0.841,0.0038,0.105,0.235,102.963,4,indie,
ENHYPEN,BORDER : CARNIVAL,FEVER,172106,FALSE,0.6,0.713,6,-5.079,0,0.0592,0.0642,0,0.142,0.471,72.999,4,anime,
Jay Wheeler;DJ Nelson;Myke Towers,Platonicos,La Curiosidad,219048,FALSE,0.845,0.677,6,-4.798,0,0.136,0.269,0.000917,0.108,0.68,90.013,4,latino,
Arctic Monkeys,AM,Do I Wanna Know?,272394,FALSE,0.548,0.532,6,-7.596,1,0.0323,0.186,0.000263,0.217,0.405,85.03,4,garage,
Kenny Rogers,The Gambler,The Gambler,214880,FALSE,0.671,0.501,6,-13.119,1,0.0594,0.342,0,0.194,0.86,87.04,4,country,
Skillet,Awake,Monster,178013,FALSE,0.64,0.957,6,-2.336,1,0.0741,0.0431,0,0.0789,0.692,134.992,4,alternative,
Adele,30,I Drink Wine,376169,FALSE,0.437,0.565,6,-5.596,1,0.0466,0.697,0,0.119,0.306,115.389,4,british,
Lauren Spencer Smith,Flowers,Flowers,157373,TRUE,0.684,0.449,6,-9.738,1,0.611,0.869,0,0.0881,0.341,66.165,4,singer-songwriter,
Clairo,Sling,Amoeba,228922,FALSE,0.739,0.491,6,-11.515,1,0.027,0.791,0.0366,0.1,0.707,111.008,4,indie-pop,
Regard;Troye Sivan;Tate McRae,You,You,233386,TRUE,0.691,0.695,6,-5.6,1,0.0367,0.0592,0,0.0647,0.514,106.064,4,edm,
3 Doors Down,Away From The Sun,Here Without You,238733,FALSE,0.557,0.533,6,-6.817,0,0.0252,0.0492,0,0.205,0.233,143.994,4,metal,
Imagine Dragons,Evolve,Believer,204346,FALSE,0.776,0.78,6,-4.374,0,0.128,0.0622,0,0.081,0.666,124.949,4,rock,
Billy Joel,An Innocent Man,Uptown Girl,197706,FALSE,0.701,0.944,6,-2.986,1,0.0455,0.0755,0,0.601,0.792,128.993,4,folk,
Regard;Years & Years,Hallucination,Hallucination,174794,TRUE,0.687,0.788,6,-5.142,0,0.0352,0.0121,0,0.358,0.669,123.02,4,house,
Beret;Estopa,Diablo,Diablo,164669,FALSE,0.542,0.871,6,-2.871,1,0.0456,0.051,0,0.195,0.557,134.983,3,spanish,
Conan Gray,Kid Krow,Heather,198040,FALSE,0.357,0.425,6,-7.301,1,0.0333,0.584,0,0.322,0.27,102.078,3,pop,
Nirvana,MTV Unplugged In New York,The Man Who Sold The World,261093,FALSE,0.483,0.753,6,-8.937,0,0.0832,0.425,0.000142,0.257,0.42,115.102,4,grunge,
Calvin Harris,My Way,My Way,219159,FALSE,0.818,0.913,7,-3.06,0,0.0426,0.093,3.69E-05,0.161,0.536,119.986,4,electro,
Marshmello;Jonas Brothers,Leave Before You Love Me,Leave Before You Love Me (with Jonas Brothers),154983,FALSE,0.721,0.738,7,-4.77,1,0.0403,0.00226,4.41E-06,0.118,0.637,119.976,4,dance,
Lonely God,Marlboro Nights,Marlboro Nights,68522,FALSE,0.466,0.823,7,-6.635,1,0.311,0.00237,0.000321,0.332,0.782,175.797,4,indie-pop,
Shakira;Rauw Alejandro,Te Felicito,Te Felicito,172235,FALSE,0.695,0.636,7,-4.654,1,0.317,0.234,0,0.081,0.575,174.14,4,latin,
Marvin Gaye;Tammi Terrell,United,Ain't No Mountain High Enough,151666,FALSE,0.663,0.6,7,-10.87,1,0.032,0.43,0,0.184,0.8,129.991,4,funk,
KAMRAD,I Believe,I Believe,147007,FALSE,0.711,0.681,7,-7.459,1,0.0263,0.124,0,0.262,0.775,118.021,4,german,
BTS,Proof,Yet To Come,193593,FALSE,0.559,0.885,7,-4.515,1,0.189,0.0432,0,0.333,0.683,172.029,4,pop,
Limp Bizkit,Results May Vary,Behind Blue Eyes,269973,FALSE,0.595,0.489,7,-6.66,1,0.0271,0.497,0,0.119,0.0902,120.315,4,funk,
Marshmello;Juice WRLD,Bye Bye,Bye Bye,108498,TRUE,0.645,0.525,7,-5.399,0,0.0355,0.0574,0,0.505,0.238,83.018,4,dance,
Snoop Dogg;Wiz Khalifa;Bruno Mars,"Young, Wild & Free (feat. Bruno Mars)","Young, Wild & Free (feat. Bruno Mars)",207333,TRUE,0.715,0.655,7,-6.425,1,0.137,0.0525,0,0.115,0.531,95.078,4,funk,
Feid,FELIZ CUMPLEAÑOS FERXXO TE PIRATEAMOS EL ÁLBUM,Prohibidox,166253,FALSE,0.647,0.801,7,-2.946,0,0.249,0.0451,0,0.0628,0.517,180.108,4,reggaeton,
Anuel AA,Brother,Brother,209578,TRUE,0.592,0.625,7,-6.203,0,0.2,0.618,9.71E-05,0.287,0.555,166.018,4,latino,
The Chainsmokers;Coldplay,Something Just Like This,Something Just Like This,247626,FALSE,0.607,0.649,7,-6.695,0,0.0362,0.0306,2.46E-05,0.174,0.505,102.996,4,edm,
Billie Eilish,Bored,Bored,180933,FALSE,0.614,0.318,7,-12.695,1,0.0478,0.896,0.00239,0.0795,0.112,119.959,4,electro,
Franz Ferdinand,This fffire,This fffire - New Version,218080,FALSE,0.442,0.887,7,-5.943,0,0.1,0.0259,4.57E-06,0.0655,0.637,146.358,4,alt-rock,
The Kid LAROI;Justin Bieber,STAY (with Justin Bieber),STAY (with Justin Bieber),141805,TRUE,0.591,0.764,7,-5.484,1,0.0483,0.0383,0,0.103,0.478,169.928,4,hip-hop,
Katy Perry;Juicy J,PRISM,Dark Horse,215672,FALSE,0.647,0.585,7,-6.123,1,0.0512,0.00314,0,0.165,0.353,131.934,4,dance,
Lifehouse,Lifehouse,You And Me,195493,FALSE,0.459,0.427,7,-7.734,1,0.0267,0.114,0,0.168,0.354,139.902,3,alt-rock,
The Kid LAROI,F*CK LOVE (SAVAGE),WITHOUT YOU,161384,TRUE,0.662,0.413,7,-7.357,1,0.0299,0.213,0,0.134,0.467,93.005,4,hip-hop,
Nicky Jam,Sin Novia,Sin Novia,188411,FALSE,0.747,0.752,7,-5.324,1,0.0417,0.116,0,0.128,0.512,106.97,4,reggaeton,
Bring Me The Horizon,Sempiternal (Expanded Edition),Can You Feel My Heart,228146,TRUE,0.15,0.859,7,-2.827,0,0.0595,0.00201,0.194,0.387,0.354,170.527,5,metalcore,
Sidhu Moose Wala;Sunny Malton;The Kidd,Levels,Levels,228705,TRUE,0.592,0.728,7,-6.098,1,0.311,0.00148,0,0.379,0.577,113.17,5,hip-hop,
Falling In Reverse,Popular Monster,Popular Monster,220537,TRUE,0.461,0.897,7,-3.982,0,0.092,0.00821,0,0.0965,0.358,165.107,4,punk,
a-ha,Hunting High and Low,Take on Me,225280,FALSE,0.573,0.902,7,-7.638,0,0.054,0.018,0.00125,0.0928,0.876,84.412,4,rock,
Alex Gaudino;Crystal Waters,Destination Calabria,Destination Calabria - Radio Edit,223111,FALSE,0.627,0.954,7,-4.804,1,0.0425,0.0015,0.000814,0.292,0.312,128.016,4,disco,
Elton John;Dua Lipa;PNAU,The Lockdown Sessions,Cold Heart - PNAU Remix,202735,FALSE,0.795,0.8,7,-6.32,1,0.0309,0.0354,7.25E-05,0.0915,0.934,116.032,4,rock,
The Neighbourhood,I Love You.,Sweater Weather,240400,FALSE,0.612,0.807,7,-2.81,1,0.0336,0.0495,0.0177,0.101,0.398,124.053,4,pop,
Daddy Yankee;Bad Bunny,LEGENDADDY,X ÚLTIMA VEZ,192477,TRUE,0.812,0.855,7,-3.725,1,0.0554,0.0789,0.000167,0.108,0.573,90.04,4,latino,
MARINA,Electra Heart (Deluxe),Bubblegum Bitch,154666,TRUE,0.495,0.856,7,-5.123,0,0.0311,0.000219,0,0.103,0.609,158.024,4,alternative,
The Neighbourhood,Wiped Out!,The Beach,255133,FALSE,0.245,0.64,7,-7.426,0,0.0608,0.131,8.11E-06,0.0766,0.105,135.739,4,alt-rock,
Bad Bunny,Un Verano Sin Ti,Enséñame a Bailar,176000,FALSE,0.81,0.789,7,-5.08,1,0.0846,0.191,1.08E-05,0.467,0.77,105.009,4,latino,
Calvin Harris;Dua Lipa;Young Thug,Potion (with Dua Lipa & Young Thug),Potion (with Dua Lipa & Young Thug),214459,TRUE,0.824,0.697,7,-4.869,0,0.0473,0.158,4.11E-05,0.077,0.757,99.988,4,progressive-house,
Bruno Mars,24K Magic,That's What I Like,206693,FALSE,0.853,0.56,7,-4.961,1,0.0406,0.013,0,0.0944,0.86,134.066,4,dance,
Myke Towers,Luces De Neón,Luces De Neón,219789,TRUE,0.747,0.619,7,-6.009,1,0.0588,0.0865,2.03E-05,0.103,0.567,94.98,4,reggae,
Grouplove,Never Trust a Happy Song,Tongue Tied,218013,FALSE,0.56,0.936,7,-5.835,1,0.0439,0.00847,0,0.161,0.371,112.96,4,alt-rock,
DJ Snake;Bipolar Sunshine,Encore,Middle,220573,FALSE,0.583,0.695,7,-5.336,1,0.0423,0.0141,0,0.0527,0.224,104.879,4,electro,
The Neighbourhood,Hard To Imagine The Neighbourhood Ever Changing,Reflections,244013,FALSE,0.648,0.594,7,-7.027,0,0.0293,0.114,0.0462,0.116,0.544,113.983,4,alt-rock,
Arctic Monkeys,Favourite Worst Nightmare,Fluorescent Adolescent,183893,FALSE,0.654,0.828,7,-5.377,0,0.0281,0.00146,0.000144,0.122,0.79,112.056,4,garage,
Burna Boy,"Love, Damini",Last Last,172342,FALSE,0.795,0.565,7,-4.457,0,0.0948,0.131,0,0.0802,0.55,87.925,4,dancehall,
DJ Snake;Bipolar Sunshine,Encore,Middle,220573,FALSE,0.583,0.695,7,-5.336,1,0.0423,0.0141,0,0.0527,0.224,104.879,4,electronic,
Dr. Dog,"Shame, Shame (Deluxe Edition)",Where'd All the Time Go?,234800,FALSE,0.454,0.82,7,-4.193,1,0.0567,0.132,0.000969,0.115,0.575,166.303,4,folk,
Demi Lovato,Confident,Cool for the Summer,214739,TRUE,0.583,0.61,7,-5.639,0,0.0382,0.00425,0.000105,0.14,0.336,114.06,4,dance,
Mac DeMarco,2,My Kind of Woman,190845,FALSE,0.501,0.765,7,-7.063,0,0.0281,0.00294,0.49,0.184,0.46,91.771,4,edm,
Luar La L,L3tra,Caile,141340,TRUE,0.704,0.756,7,-4.948,1,0.448,0.298,3.75E-06,0.0852,0.461,121.737,3,latino,
Cigarettes After Sex,Cigarettes After Sex,Sunsetz,215150,FALSE,0.405,0.479,7,-9.396,1,0.0301,0.0527,0.795,0.0974,0.131,75.37,4,indie,
Swedish House Mafia;John Martin,Don't You Worry Child,Don't You Worry Child - Radio Edit,212862,FALSE,0.612,0.84,7,-3.145,0,0.0509,0.112,0,0.116,0.438,129.042,4,edm,
Ozuna;Feid,OzuTochi,Hey Mor,196600,FALSE,0.901,0.589,7,-6.713,0,0.289,0.00302,0.000237,0.0992,0.399,98.002,4,latin,
The Chainsmokers;Coldplay,Memories...Do Not Open,Something Just Like This,247160,FALSE,0.617,0.635,7,-6.769,0,0.0317,0.0498,1.44E-05,0.164,0.446,103.019,4,electro,
Seether,Finding Beauty In Negative Spaces (Bonus Track Version),Fake It,193893,TRUE,0.611,0.95,7,-3.509,1,0.0518,0.00141,1.59E-06,0.0543,0.607,132.078,4,grunge,
Twenty One Pilots,Trench,Chlorine,324466,FALSE,0.609,0.674,7,-7.388,0,0.0548,0.0735,0.06,0.345,0.315,90.009,4,rock,
Linkin Park,Meteora,Faint,162600,FALSE,0.554,0.978,7,-3.554,1,0.131,0.111,0,0.0731,0.594,135.095,4,alternative,
Lost Frequencies;James Arthur,Questions,Questions,177156,FALSE,0.599,0.713,7,-7.008,1,0.0542,0.405,2.53E-05,0.266,0.518,123.962,4,house,
blink-182,Enema Of The State,What's My Age Again?,148360,TRUE,0.391,0.951,7,-7.419,1,0.0692,0.0126,0.000378,0.0878,0.468,157.66,4,punk,
Sean Paul;Dua Lipa,Mad Love The Prequel,No Lie,221176,FALSE,0.742,0.882,7,-2.862,1,0.117,0.0466,0,0.206,0.463,102.04,4,pop,
Pink Floyd,Wish You Were Here,Wish You Were Here,334743,FALSE,0.481,0.262,7,-15.73,1,0.0414,0.735,0.0114,0.832,0.375,122.861,4,rock,
Indila,Mini World,Love Story,316280,FALSE,0.375,0.255,7,-12.279,0,0.0376,0.815,0,0.0845,0.331,95.978,3,french,
Madonna;Sickick,Frozen,Frozen,120157,FALSE,0.706,0.633,7,-9.584,1,0.0419,0.267,0.0192,0.175,0.375,110.005,4,dance,
Idina Menzel,Frozen (Original Motion Picture Soundtrack / Deluxe Edition),"Let It Go - From ""Frozen""/Soundtrack Version",223840,FALSE,0.543,0.485,7,-6.85,1,0.0305,0.558,0,0.12,0.371,136.961,4,show-tunes,
Regard;Troye Sivan;Tate McRae,You,You,233386,TRUE,0.691,0.695,7,-5.6,1,0.0367,0.0592,0,0.0647,0.514,106.064,4,house,
Luciano;Central Cee,Majestic,West Connect (feat. Central Cee),212114,FALSE,0.92,0.571,7,-7.133,0,0.494,0.0681,0,0.0969,0.465,139.99,4,german,
Ariana Grande,Positions,34+35,173710,TRUE,0.83,0.585,7,-6.476,1,0.094,0.237,0,0.248,0.485,109.978,4,dance,
Men I Trust,Show Me How,Show Me How,215110,FALSE,0.791,0.267,7,-11.997,1,0.0415,0.674,0.534,0.102,0.544,165.99,4,indie-pop,
Ozuna;Feid,OzuTochi,Hey Mor,196600,FALSE,0.901,0.589,7,-6.713,0,0.289,0.00302,0.000237,0.0992,0.399,98.002,4,latino,
The Chainsmokers;Halsey,Closer,Closer,244960,FALSE,0.748,0.524,7,-5.599,1,0.0338,0.414,0,0.111,0.661,95.01,4,dance,
ENHYPEN,MANIFESTO : DAY 1,Future Perfect (Pass the MIC),180750,FALSE,0.658,0.9,7,-3.479,0,0.264,0.0364,0,0.0771,0.526,156.096,4,anime,
J Balvin;Bad Bunny,OASIS,LA CANCIÓN,242573,FALSE,0.754,0.646,7,-5.795,1,0.317,0.152,1.85E-05,0.108,0.429,176.089,4,reggae,
New West,Those Eyes,Those Eyes,220750,FALSE,0.597,0.351,7,-8.043,1,0.0281,0.727,3.86E-05,0.319,0.243,119.948,3,indie,
David Guetta;Bebe Rexha,I'm Good (Blue),I'm Good (Blue),175238,TRUE,0.561,0.965,7,-3.673,0,0.0343,0.00383,7.07E-06,0.371,0.304,128.04,4,pop,
Sarah Cothran,As the World Caves In,As the World Caves In,161612,FALSE,0.422,0.25,7,-6.836,1,0.0351,0.441,0,0.35,0.246,124.026,4,songwriter,
Gesaffelstein;The Weeknd,Hyperion,Lost in the Fire (feat. The Weeknd),202093,TRUE,0.658,0.671,7,-12.21,1,0.0363,0.0933,0.000927,0.115,0.166,100.966,4,club,
Zedd;Foxes,Clarity,Clarity,271426,FALSE,0.509,0.781,7,-3.48,1,0.072,0.0398,0,0.0749,0.176,128,4,edm,
Billie Eilish,bitches broken hearts,bitches broken hearts,176471,TRUE,0.778,0.422,7,-10.114,1,0.0482,0.921,0.00924,0.0958,0.187,120.033,4,electro,
KAROL G;Maldy,GATÚBELA,GATÚBELA,209160,FALSE,0.627,0.858,7,-2.824,0,0.386,0.263,0,0.21,0.342,92.523,4,reggaeton,
Don Henley,Building The Perfect Beast,The Boys Of Summer,288733,FALSE,0.516,0.549,7,-13.741,1,0.0373,0.501,0.00572,0.184,0.907,176.941,4,songwriter,
Bishop Briggs,Church Of Scars,River,216133,FALSE,0.733,0.477,7,-6.737,0,0.0687,0.302,2.97E-06,0.0579,0.545,62.507,4,rock,
Zack Tabudlo,Episode,Give Me Your Forever,244800,FALSE,0.627,0.363,7,-8.127,1,0.0291,0.279,0,0.0928,0.301,99.905,4,acoustic,
Gorillaz,Plastic Beach,On Melancholy Hill,233866,FALSE,0.689,0.739,7,-5.81,1,0.026,1.51E-05,0.509,0.064,0.578,120.423,4,alternative,
Cavetown,This Is Home,This Is Home,226073,FALSE,0.811,0.266,7,-12.478,1,0.0406,0.56,1.05E-06,0.0962,0.211,130.044,4,indie-pop,
Ariana Grande,"thank u, next",7 rings,178626,TRUE,0.778,0.317,7,-10.732,0,0.334,0.592,0,0.0881,0.327,140.048,4,pop,
Feid,Normal,Normal,171986,TRUE,0.712,0.557,7,-4.861,0,0.115,0.0397,0,0.27,0.594,170.079,4,reggae,
Lykke Li,sex money feelings die (slowed version),sex money feelings die - slowed version,168810,TRUE,0.797,0.44,7,-6.587,0,0.0594,0.471,1.57E-06,0.0849,0.436,111.014,4,indie-pop,
Sachet-Parampara;Sachet Tandon,"Maiyya Mainu (From ""Jersey"")","Maiyya Mainu (From ""Jersey"")",231575,FALSE,0.63,0.739,7,-3.942,1,0.0248,0.194,0,0.113,0.224,109.985,4,pop,
Måneskin,Chosen,Beggin',211560,FALSE,0.714,0.8,7,-4.808,0,0.0504,0.127,0,0.359,0.589,134.002,4,rock,
Yusuf / Cat Stevens,Tea For The Tillerman (Remastered 2020),Wild World,200560,FALSE,0.48,0.542,7,-8.51,1,0.0348,0.345,0.000609,0.113,0.567,152.853,4,folk,
The Verve,Urban Hymns (Remastered 2016),Bitter Sweet Symphony,357266,FALSE,0.356,0.917,7,-6.006,1,0.0479,0.0335,0,0.406,0.518,171.176,4,alt-rock,
Eurythmics;Annie Lennox;Dave Stewart,Sweet Dreams (Are Made Of This),Sweet Dreams (Are Made of This) - Remastered,216933,FALSE,0.692,0.711,7,-7.498,0,0.0317,0.225,0,0.12,0.875,125.135,4,rock,
Halsey,Without Me,Without Me,201660,TRUE,0.752,0.488,7,-7.05,1,0.0705,0.297,9.11E-06,0.0936,0.533,136.041,4,pop,
Feid,FELIZ CUMPLEAÑOS FERXXO TE PIRATEAMOS EL ÁLBUM,Feliz Cumpleaños Ferxxo,155960,FALSE,0.865,0.573,7,-5.501,1,0.0678,0.0863,0,0.305,0.563,94.999,4,reggae,
Dan + Shay;Justin Bieber,"10,000 Hours (with Justin Bieber)","10,000 Hours (with Justin Bieber)",167693,FALSE,0.654,0.63,7,-4.644,1,0.0259,0.153,0,0.111,0.43,89.991,4,country,
Ghost,Seven Inches Of Satanic Panic,Mary On A Cross,244804,FALSE,0.466,0.9,7,-4.469,1,0.0447,0.000235,0.00104,0.103,0.561,130.02,4,metal,
MGMT,Little Dark Age,Little Dark Age,299960,FALSE,0.705,0.712,7,-6.156,1,0.0385,0.0102,0.000855,0.1,0.62,97.512,4,alt-rock,
Novo Amor,Bathing Beach,Anchor,257533,FALSE,0.457,0.407,7,-11.475,1,0.0308,0.805,0.884,0.126,0.126,117.053,4,folk,
Maluma;Chencho Corleone,Nos Comemos Vivos,Nos Comemos Vivos,225365,FALSE,0.822,0.719,7,-3.633,0,0.0576,0.165,2.48E-05,0.174,0.659,82.01,4,latino,
The Chainsmokers;Coldplay,Memories...Do Not Open,Something Just Like This,247160,FALSE,0.617,0.635,7,-6.769,0,0.0317,0.0498,1.44E-05,0.164,0.446,103.019,4,dance,
DJ Snake;Justin Bieber,Encore,Let Me Love You,205946,FALSE,0.649,0.716,7,-5.371,1,0.0349,0.0863,2.63E-05,0.135,0.163,99.988,4,edm,
Fujii Kaze,HELP EVER HURT NEVER,Shinunoga E-Wa,185573,FALSE,0.6,0.76,7,-6.124,0,0.0452,0.166,4.09E-05,0.189,0.519,158.078,4,pop,
Tom Petty,Full Moon Fever,Free Fallin',256000,FALSE,0.623,0.449,7,-13.333,1,0.0253,0.212,0,0.0613,0.572,84.383,4,singer-songwriter,
Shubh,No Love,No Love,170387,FALSE,0.768,0.487,7,-8.936,0,0.0431,0.24,0,0.175,0.722,137.034,4,hip-hop,
Galantis,Pharmacy,Runaway (U & I),227073,FALSE,0.506,0.805,7,-4.119,1,0.0469,0.00711,0.00193,0.0856,0.383,126.008,4,electro,
Norah Jones,Come Away With Me (Super Deluxe Edition),Come Away With Me,198226,FALSE,0.436,0.141,7,-13.271,1,0.0308,0.902,2.81E-06,0.126,0.146,76.64,3,j-pop,
Dhibu Ninan Thomas;Kapil Kapilan,"Adiye (From ""Bachelor"")","Adiye - From ""Bachelor""",272000,FALSE,0.709,0.454,7,-7.843,0,0.167,0.445,0,0.136,0.548,90.038,4,pop,
Clean Bandit;Zara Larsson,Symphony (feat. Zara Larsson),Symphony (feat. Zara Larsson),212459,FALSE,0.707,0.629,7,-4.581,0,0.0563,0.259,1.60E-05,0.138,0.457,122.863,4,house,
Genevieve Stokes,Habits,Habits,136733,FALSE,0.663,0.287,7,-9.469,1,0.0344,0.854,6.85E-06,0.346,0.438,82.457,4,indie-pop,
Travis Scott,HIGHEST IN THE ROOM,HIGHEST IN THE ROOM,175720,TRUE,0.598,0.427,7,-8.764,0,0.0317,0.0546,5.83E-06,0.21,0.0605,76.469,4,hip-hop,
Europe,The Final Countdown (Expanded Edition),The Final Countdown,310333,FALSE,0.529,0.843,7,-6.908,0,0.0616,0.0628,0.000827,0.0608,0.188,117.662,4,rock,
Luke Combs,The Kind of Love We Make,The Kind of Love We Make,224426,FALSE,0.608,0.745,7,-4.13,1,0.0277,0.0226,6.47E-06,0.0942,0.464,102.025,4,country,
Afroman,The Good Times,Crazy Rap (Colt 45 & 2 Zig Zags),328666,TRUE,0.927,0.367,7,-7.797,1,0.382,0.325,0,0.132,0.576,99.053,4,comedy,
Arctic Monkeys,AM,R U Mine?,201726,FALSE,0.288,0.758,7,-5.692,0,0.0371,0.00616,0,0.303,0.619,97.094,4,indie,
Lil Peep;rainy bear,nuts (feat. rainy bear),nuts (feat. rainy bear),85360,TRUE,0.576,0.741,7,-7.404,1,0.0356,0.00831,0,0.111,0.143,124.091,4,emo,
Modjo,Modjo (Remastered),Lady - Hear Me Tonight,307153,FALSE,0.72,0.808,7,-5.627,1,0.0379,0.00793,0.0293,0.0634,0.869,126.041,4,house,
Duki;KHEA,She Don't Give a Fo,She Don't Give a Fo,209531,FALSE,0.854,0.556,7,-4.49,1,0.14,0.345,0,0.165,0.342,119.938,4,latino,
Joy Again,Looking Out for You,Looking Out for You,179499,FALSE,0.682,0.9,7,-5.028,1,0.0874,0.0884,0.063,0.0685,0.937,100.721,4,indie,
Ali Gatie,YOU,It's You,212606,FALSE,0.732,0.463,7,-6.972,0,0.0287,0.374,0,0.194,0.397,95.971,4,pop,
The Chainsmokers;ILLENIUM;Lennon Stella,World War Joy,Takeaway,209880,FALSE,0.528,0.511,7,-8.144,1,0.0324,0.126,0,0.101,0.351,100.1,4,dance,
Matt Sassari,Give It To Me (Full Vocal Mix),Give It To Me - Full Vocal Mix,102860,FALSE,0.874,0.869,7,-5.996,0,0.0315,0.00116,0.00238,0.164,0.726,126.027,4,french,
Mrs. GREEN APPLE,ダンスホール,ダンスホール,203149,FALSE,0.736,0.695,7,-3.87,1,0.0468,0.0209,0,0.0517,0.784,109.976,4,j-rock,
Travis Scott;HVME,Goosebumps (Remix),Goosebumps - Remix,162802,TRUE,0.841,0.593,7,-7.846,1,0.0379,0.418,0,0.124,0.808,124.917,4,hip-hop,
Cage The Elephant,Melophobia,Cigarette Daydreams,208760,FALSE,0.636,0.676,7,-3.442,1,0.0263,0.0807,0,0.0831,0.273,113.98,4,rock,
Sean Paul,The Trinity,Temperature,218573,FALSE,0.951,0.6,7,-4.675,0,0.0685,0.106,0,0.0712,0.822,125.04,4,dance,
Carrie Underwood,Some Hearts,Before He Cheats,199946,FALSE,0.519,0.749,7,-3.318,0,0.0405,0.271,0,0.119,0.29,147.905,4,country,
The Chainsmokers;Halsey,Closer,Closer,244960,FALSE,0.748,0.524,7,-5.599,1,0.0338,0.414,0,0.111,0.661,95.01,4,edm,
John Mayer,Room For Squares,Your Body Is a Wonderland,249626,FALSE,0.647,0.729,7,-6.251,1,0.0236,0.0206,0.0489,0.134,0.687,94.01,4,singer-songwriter,
Marshmello;Khalid,Numb,Numb,155588,FALSE,0.912,0.774,7,-4.673,0,0.0455,0.121,0.0127,0.101,0.632,119.966,4,progressive-house,
Stephen Sanchez,Until I Found You,Until I Found You,177720,FALSE,0.539,0.508,7,-6.05,1,0.0288,0.727,0,0.174,0.227,101.358,3,pop,
Sean Paul;Dua Lipa,Mad Love The Prequel,No Lie,221176,FALSE,0.742,0.882,7,-2.862,1,0.117,0.0466,0,0.206,0.463,102.04,4,dance,
Halsey,Manic,Without Me,201660,TRUE,0.752,0.488,7,-7.05,1,0.0705,0.297,9.11E-06,0.0936,0.533,136.041,4,dance,
Linkin Park,Hybrid Theory (Bonus Edition),One Step Closer,157333,FALSE,0.492,0.969,7,-4.419,1,0.0491,0.0014,1.32E-06,0.0787,0.538,95.136,4,alternative,
Fall Out Boy,From Under The Cork Tree,"Sugar, We're Goin Down",229093,FALSE,0.494,0.842,7,-4.784,1,0.0843,0.00579,0,0.122,0.574,162.011,4,emo,
Bon Jovi,Keep The Faith,Bed Of Roses,394400,FALSE,0.309,0.596,7,-5.599,1,0.0293,0.101,0,0.21,0.161,164.587,3,metal,
Felix Jaehn;Zoe Wees,Do It Better (feat. Zoe Wees),Do It Better (feat. Zoe Wees),170045,FALSE,0.677,0.804,7,-5.337,0,0.0677,0.0818,1.92E-05,0.158,0.41,122.111,4,electro,
ABBA,Arrival,Dancing Queen,230400,FALSE,0.543,0.87,7,-6.514,1,0.0428,0.358,0.000939,0.792,0.754,100.804,4,swedish,
David Guetta;Sia,Nothing but the Beat (Ultimate Edition),Titanium (feat. Sia),245040,FALSE,0.604,0.787,7,-3.674,0,0.103,0.0679,0.15,0.127,0.301,126.062,4,edm,
Sofía Reyes;Jason Derulo;De La Ghetto,"1, 2, 3 (feat. Jason Derulo & De La Ghetto)","1, 2, 3 (feat. Jason Derulo & De La Ghetto)",201526,FALSE,0.792,0.895,7,-3.112,0,0.0589,0.165,0,0.0501,0.794,94.968,4,latin,
Eagles,Eagles (2013 Remaster),Take It Easy - 2013 Remaster,211577,FALSE,0.575,0.67,7,-10.39,1,0.0318,0.343,4.95E-06,0.129,0.74,139.191,4,folk,
Radiohead,OK Computer,No Surprises,229120,FALSE,0.255,0.393,7,-10.654,1,0.0278,0.0577,0.00361,0.113,0.118,76.426,4,indie,
Natti Natasha;Daddy Yankee;Wisin & Yandel,Mayor Que Usted,Mayor Que Usted,233519,FALSE,0.625,0.839,7,-4.824,0,0.0927,0.00762,2.35E-05,0.464,0.771,184.08,4,reggaeton,
TOTO,Toto IV,Africa,295893,FALSE,0.671,0.373,7,-18.064,1,0.0323,0.257,8.01E-05,0.0481,0.732,92.718,4,rock,
Cults,Static,Always Forever,223746,FALSE,0.174,0.742,7,-5.93,1,0.0485,0.00181,0.281,0.198,0.36,163.378,4,indie,
Dhanush;Anirudh Ravichander,"Megham Karukatha (From ""Thiruchitrambalam"")","Megham Karukatha (From ""Thiruchitrambalam"")",290400,FALSE,0.429,0.614,7,-6.573,0,0.0709,0.513,0.000316,0.0922,0.743,149.966,3,pop-film,
Daddy Yankee;El Alfa;Lil Jon,LEGENDADDY,BOMBÓN,182413,TRUE,0.843,0.789,7,-2.801,1,0.247,0.0028,2.41E-05,0.0322,0.571,125.071,4,reggaeton,
Selena Gomez & The Scene,When The Sun Goes Down,Love You Like A Love Song,188453,FALSE,0.858,0.678,7,-3.87,0,0.0469,0.0761,0,0.0741,0.922,117.009,4,dance,
The Red Jumpsuit Apparatus,Don't You Fake It,Face Down,192000,FALSE,0.545,0.932,7,-2.189,0,0.0399,0.000665,0,0.127,0.464,92.956,4,punk,
Radiohead,OK Computer,Karma Police,264066,FALSE,0.36,0.501,7,-9.129,1,0.0258,0.0638,9.32E-05,0.172,0.324,74.807,4,alt-rock,
Izzamuzzic;Julien Marchal,Shootout,Shootout,295308,FALSE,0.663,0.578,7,-9.079,1,0.0687,0.312,0.906,0.109,0.553,86.986,4,k-pop,
A.R. Rahman;A. R. Reihana;Bamba Bakya,"Ponni Nadhi (From ""Ponniyin Selvan Part -1"") [Original Motion Picture Soundtrack]","Ponni Nadhi (From ""Ponniyin Selvan Part -1"") - Tamil",290526,FALSE,0.687,0.637,7,-9.55,0,0.13,0.12,0,0.291,0.56,152,4,pop-film,
Bad Bunny,EL ÚLTIMO TOUR DEL MUNDO,TE MUDASTE,130013,TRUE,0.811,0.637,7,-4.835,0,0.0591,0.234,0.000572,0.118,0.471,92.025,4,latino,
Ozuna;Doja Cat;Sia,Enoc,Del Mar,214506,TRUE,0.759,0.636,7,-5.585,1,0.0369,0.0224,0.000143,0.166,0.536,109.976,4,latin,
Limp Bizkit,Significant Other,Break Stuff,166706,TRUE,0.432,0.884,7,-6.659,1,0.13,0.0127,0.000527,0.166,0.624,108.948,4,metal,
ABBA,The Album,Take A Chance On Me,243933,FALSE,0.684,0.675,7,-8.123,1,0.0257,0.163,0,0.242,0.924,107.064,4,swedish,
salvia palth,melanchole,i was all over her,161462,FALSE,0.529,0.353,7,-12.835,1,0.0292,0.788,0.853,0.116,0.0601,104.557,4,indie-pop,
Korn,Follow The Leader,Freak On a Leash,255733,TRUE,0.353,0.898,7,-5.877,1,0.052,2.23E-05,0.105,0.39,0.525,103.293,4,metal,
Rels B,A Mí,A Mí,209680,FALSE,0.846,0.548,7,-6.397,1,0.256,0.241,0.0713,0.0419,0.516,94.925,4,spanish,
Bruce Springsteen,Born In The U.S.A.,I'm On Fire,155880,FALSE,0.62,0.446,7,-14.451,0,0.0347,0.589,0.0299,0.0727,0.868,88.591,4,singer-songwriter,
The Killers,Sam's Town,When You Were Young,220426,FALSE,0.467,0.988,7,-3.313,1,0.112,0.000152,0.0484,0.28,0.321,130.433,4,alt-rock,
Guns N' Roses,Use Your Illusion II,Knockin' On Heaven's Door,336000,FALSE,0.496,0.739,7,-7.193,1,0.0415,0.0211,0.00444,0.106,0.378,132.41,4,hard-rock,
Arctic Monkeys,AM,Why'd You Only Call Me When You're High?,161123,FALSE,0.691,0.631,7,-6.478,1,0.0368,0.0483,1.13E-05,0.104,0.8,92.004,4,garage,
The Who,Who's Next (Deluxe Edition),Baba O'Riley,300400,FALSE,0.489,0.724,7,-8.367,1,0.0352,0.313,0.185,0.287,0.15,117.292,4,hard-rock,
Thirty Seconds To Mars,A Beautiful Lie,The Kill,231533,FALSE,0.179,0.912,7,-3.881,0,0.0791,0.0014,0.000294,0.582,0.289,182.99,3,grunge,
Lil Tjay;Offset;Moneybagg Yo,Destined 2 Win,Run It Up (feat. Offset & Moneybagg Yo),232048,TRUE,0.88,0.575,7,-6.091,1,0.163,0.415,0,0.109,0.671,120.031,4,r-n-b,
Guns N' Roses,Appetite For Destruction,Sweet Child O' Mine,354520,TRUE,0.454,0.91,7,-7.766,1,0.0448,0.0866,0.0996,0.116,0.629,125.116,4,rock,
Bad Bunny;Chencho Corleone,Un Verano Sin Ti,Me Porto Bonito,178567,TRUE,0.911,0.712,7,-5.105,0,0.0817,0.0901,2.68E-05,0.0933,0.425,92.005,4,latin,
Anuv Jain,Baarishein,Baarishein,207309,FALSE,0.475,0.124,7,-9.463,1,0.0444,0.926,0,0.0972,0.19,94.42,4,songwriter,
Bad Bunny;Daddy Yankee,YHLQMDLG,La Santa,206420,TRUE,0.744,0.868,7,-4.524,1,0.047,0.0326,0,0.0822,0.586,93.037,4,reggaeton,
Alice In Chains,Facelift,Man in the Box,285200,TRUE,0.355,0.791,7,-7.565,1,0.0453,0.00045,0,0.0969,0.758,106.392,4,metal,
Sasha Alex Sloan,Dancing With Your Ghost,Dancing With Your Ghost,197732,FALSE,0.629,0.328,7,-8.284,1,0.029,0.768,2.50E-05,0.103,0.389,74.953,4,pop,
ZAYN;Sia,Icarus Falls,Dusk Till Dawn (feat. Sia) - Radio Edit,239000,FALSE,0.259,0.437,7,-6.589,0,0.0386,0.102,1.32E-06,0.106,0.0951,180.042,4,pop,
Fetty Wap;Remy Boyz,679 (feat. Remy Boyz),679 (feat. Remy Boyz),196693,TRUE,0.618,0.717,7,-5.738,1,0.318,0.00256,0,0.625,0.603,190.05,4,j-dance,
JVKE,this is what ____ feels like (Vol. 1-4),golden hour,209259,FALSE,0.515,0.593,7,-4.801,1,0.0322,0.653,0.162,0.25,0.153,94.467,3,indie,
Eric Clapton,Slowhand 35th Anniversary (Super Deluxe),Wonderful Tonight,225026,FALSE,0.572,0.214,7,-15.625,1,0.0293,0.649,0.129,0.125,0.485,95.542,4,rock,
LE SSERAFIM,ANTIFRAGILE,ANTIFRAGILE,184444,FALSE,0.882,0.797,7,-3.299,0,0.0819,0.0821,0,0.113,0.824,105.025,4,k-pop,
Adele,21,Rolling in the Deep,228093,TRUE,0.73,0.769,7,-5.114,1,0.0298,0.138,0,0.0473,0.507,104.948,4,british,
System Of A Down,Toxicity,Aerials,235053,FALSE,0.364,0.922,7,-4.217,0,0.0567,0.000915,0.0346,0.0697,0.227,79.342,4,alternative,
Billie Eilish,dont smile at me,watch,177523,FALSE,0.441,0.599,7,-8.985,1,0.225,0.333,0.00198,0.103,0.35,165.212,4,electro,
Oliver Heldens;Nile Rodgers;House Gospel Choir,I Was Made For Lovin' You (feat. Nile Rodgers & House Gospel Choir),I Was Made For Lovin' You (feat. Nile Rodgers & House Gospel Choir),157205,FALSE,0.686,0.892,7,-3.186,0,0.0498,0.0577,7.11E-06,0.0838,0.752,126.03,4,house,
The Script;will.i.am,#3 Deluxe Version,Hall of Fame (feat. will.i.am),202533,FALSE,0.421,0.873,7,-4.343,1,0.0564,0.0654,0,0.123,0.629,84.786,4,rock,
Eagles,Hotel California (2013 Remaster),Hotel California - 2013 Remaster,391376,FALSE,0.579,0.508,7,-9.484,1,0.027,0.00574,0.000494,0.0575,0.609,147.125,4,rock,
La Oreja de Van Gogh,Lo Que Te Conte Mientras Te Hacias La Dormida,Rosas,236506,FALSE,0.783,0.685,7,-5.008,1,0.0271,0.627,3.49E-06,0.108,0.54,107.01,4,spanish,
Imanbek;BYOR,Belly Dancer,Belly Dancer,151475,FALSE,0.845,0.797,7,-4.984,1,0.139,0.0582,5.57E-06,0.167,0.422,121.985,4,dance,
Simon & Garfunkel,Bookends,"Mrs. Robinson - From ""The Graduate"" Soundtrack",244026,FALSE,0.606,0.457,7,-14.035,0,0.0497,0.713,2.53E-05,0.0747,0.813,92.033,4,folk,
XXXTENTACION,?,Moonlight,135090,TRUE,0.921,0.537,7,-5.723,0,0.0804,0.556,0.00404,0.102,0.711,128.009,4,emo,
Jordan Davis,Next Thing You Know,Next Thing You Know,175237,FALSE,0.557,0.597,7,-8.296,1,0.048,0.646,0,0.0974,0.414,78.526,4,country,
Thin Lizzy,Jailbreak (Deluxe Edition),The Boys Are Back In Town,266720,FALSE,0.445,0.706,7,-9.803,1,0.0461,0.234,0.000252,0.205,0.768,80.823,4,blues,
Ariana Grande,"thank u, next",7 rings,178626,TRUE,0.778,0.317,7,-10.732,0,0.334,0.592,0,0.0881,0.327,140.048,4,dance,
The Mamas & The Papas,If You Can Believe Your Eyes & Ears,California Dreamin' - Single Version,162373,FALSE,0.552,0.608,7,-9.786,0,0.0345,0.352,0,0.0533,0.637,112.367,4,folk,
Marshmello;Demi Lovato,OK Not To Be OK,OK Not To Be OK,159862,FALSE,0.743,0.837,7,-5.025,0,0.0649,0.0172,0,0.0743,0.263,103.072,4,edm,
blink-182,EDGING,EDGING,151533,TRUE,0.606,0.905,7,-3.117,1,0.0518,0.0044,0,0.151,0.706,143.952,4,punk-rock,
Jax Jones;MNEK,Where Did You Go (feat. MNEK),Where Did You Go? (feat. MNEK),177689,FALSE,0.763,0.782,7,-4.541,0,0.0346,0.182,7.08E-06,0.293,0.502,127.034,4,edm,
Kina;Adriana Proenza,Can We Kiss Forever?,Can We Kiss Forever?,187931,FALSE,0.522,0.128,7,-18.717,1,0.0357,0.894,0.026,0.0941,0.124,109.986,4,sad,
Red Hot Chili Peppers,Californication (Deluxe Edition),Otherside,255373,FALSE,0.458,0.795,7,-3.265,1,0.0574,0.00316,0.000202,0.0756,0.513,123.229,4,alt-rock,
Farruko,Nazareno,Nazareno,223173,TRUE,0.658,0.725,7,-4.604,0,0.0321,0.0292,0.000107,0.163,0.368,128.117,4,latino,
MC Kevin o Chris,Incendeia,Incendeia,239999,TRUE,0.893,0.461,7,-5.708,0,0.422,0.713,0.0406,0.117,0.864,135.136,4,funk,
American Authors,"Oh, What A Life",Best Day Of My Life,194240,FALSE,0.673,0.902,7,-2.392,1,0.0346,0.0591,0.000262,0.0558,0.538,100.012,4,indie-pop,
Paramore,Brand New Eyes,The Only Exception,267653,FALSE,0.452,0.563,7,-6.607,1,0.0272,0.144,0,0.143,0.209,137.715,3,emo,
Nelly Furtado,Loose,Maneater,258893,FALSE,0.796,0.777,7,-4.81,1,0.0397,0.0261,0.000358,0.121,0.787,132.722,4,latin,
Dido,No Angel,Thank You,218360,FALSE,0.725,0.583,7,-9.942,0,0.0427,0.3,0.000238,0.0665,0.762,79.984,4,rock,
Twenty One Pilots,Heathens,Heathens,195920,FALSE,0.732,0.396,7,-9.348,0,0.0286,0.0841,3.58E-05,0.105,0.548,90.024,4,rock,
Bad Bunny,Un Verano Sin Ti,Agosto,139041,FALSE,0.849,0.584,7,-8.195,0,0.115,0.0929,6.18E-06,0.492,0.724,115.018,4,latino,
Kate Bush,Hounds of Love (2018 Remaster),Running Up That Hill (A Deal With God) - 2018 Remaster,300840,FALSE,0.625,0.533,7,-11.903,0,0.0596,0.659,0.00266,0.0546,0.139,108.296,4,songwriter,
Omar Apollo,Ivory,Evergreen (You Didn’t Deserve Me At All),216680,FALSE,0.697,0.336,7,-10.395,1,0.0424,0.598,0.00528,0.107,0.31,82.029,3,soul,
Bad Bunny;Buscabulla,Un Verano Sin Ti,Andrea,339611,TRUE,0.797,0.616,7,-10.229,0,0.375,0.762,0.000293,0.0979,0.451,103.071,4,latino,
George Ezra,Wanted on Voyage (Expanded Edition),Budapest,200733,FALSE,0.717,0.455,7,-8.303,1,0.0276,0.0846,0,0.11,0.389,127.812,4,songwriter,
Bob Marley & The Wailers,Exodus,Three Little Birds,180266,FALSE,0.826,0.49,7,-10.477,1,0.0676,0.00916,4.41E-06,0.0415,0.627,74.126,4,reggae,
Papa Roach,Infest,Last Resort,199906,TRUE,0.589,0.89,7,-3.719,0,0.0603,0.000481,0.00082,0.201,0.692,90.598,4,alternative,
Justin Quiles;Chimbala;Zion & Lennox,Loco,Loco,231603,FALSE,0.77,0.899,7,-2.981,1,0.0494,0.222,1.14E-06,0.0894,0.851,128.05,4,reggaeton,
J Balvin;Bad Bunny,OASIS,LA CANCIÓN,242573,FALSE,0.754,0.646,7,-5.795,1,0.317,0.152,1.85E-05,0.108,0.429,176.089,4,reggaeton,
Soundgarden,Superunknown (Deluxe Edition),Black Hole Sun,318586,FALSE,0.35,0.828,7,-5.373,1,0.041,0.000217,0.000161,0.0774,0.147,105.435,4,metal,
Feid,Si Te La Encuentras Por Ahí,Si Te La Encuentras Por Ahí,191573,FALSE,0.743,0.576,7,-3.552,0,0.076,0.151,5.87E-05,0.128,0.455,171.945,4,reggae,
Lil Nas X,MONTERO,MONTERO (Call Me By Your Name),137704,TRUE,0.593,0.503,7,-6.725,0,0.22,0.293,0,0.405,0.71,178.781,4,hip-hop,
Alan Walker;Au/Ra;Tomine Harket,Different World,Darkside,211680,FALSE,0.43,0.606,7,-5.115,0,0.0431,0.131,0,0.173,0.123,169.988,4,electro,
OneRepublic,Waking Up,Secrets,224693,FALSE,0.516,0.764,7,-6.223,1,0.0366,0.0717,0,0.115,0.376,148.021,4,piano,
dhruv,rapunzel,double take,171743,FALSE,0.656,0.436,7,-11.141,1,0.0744,0.845,0,0.221,0.196,109.239,4,pop,
Anuel AA,Mercedes Tintia,Mercedes Tintia,195348,TRUE,0.815,0.67,7,-4.076,1,0.109,0.0902,0.000854,0.0973,0.768,172.014,4,reggaeton,
Dhanush;Anirudh Ravichander,"Mayakkama Kalakkama (From ""Thiruchitrambalam"")","Mayakkama Kalakkama (From ""Thiruchitrambalam"")",142258,FALSE,0.789,0.536,7,-5.422,0,0.0424,0.604,2.09E-06,0.088,0.877,124.029,4,k-pop,
The Plot In You,DISPOSE,FEEL NOTHING,216826,TRUE,0.448,0.825,7,-5.307,0,0.0621,0.00353,0,0.108,0.226,144.17,4,metalcore,
Jonas Blue;JP Cooper,Blue,Perfect Strangers,196613,FALSE,0.73,0.861,7,-4.1,1,0.0451,0.39,0,0.213,0.704,117.965,4,edm,
AC/DC,Back In Black,Back In Black,255493,FALSE,0.31,0.7,7,-5.678,1,0.047,0.011,0.00965,0.0828,0.763,188.386,4,rock,
Alec Benjamin,Narrated For You,Let Me Down Slowly,169353,FALSE,0.652,0.557,7,-5.714,0,0.0318,0.74,0,0.124,0.483,150.073,4,pop,
Bad Bunny,Un Verano Sin Ti,Efecto,213061,FALSE,0.801,0.475,7,-8.797,0,0.0516,0.141,1.73E-05,0.0639,0.234,98.047,4,reggaeton,
OneRepublic,Run,Run,169010,FALSE,0.682,0.72,7,-8.173,0,0.0381,0.326,0,0.148,0.673,117.003,4,piano,
Sara Kays,Remember That Night?,Remember That Night?,227186,FALSE,0.679,0.61,7,-10.936,0,0.0305,0.585,9.51E-05,0.156,0.554,123.978,4,singer-songwriter,
Lauren Daigle,Look Up Child,You Say,274693,FALSE,0.494,0.632,7,-6.89,1,0.0342,0.682,0,0.0869,0.0797,147.873,4,alt-rock,
System Of A Down,Toxicity,Aerials,235053,FALSE,0.364,0.922,7,-4.217,0,0.0567,0.000915,0.0346,0.0697,0.227,79.342,4,metal,
Melanie Martinez,Cry Baby (Deluxe Edition),Play Date,179867,TRUE,0.68,0.729,7,-5.077,1,0.0475,0.612,0,0.224,0.446,123.97,4,pop,
Lil Tjay,In My Head,In My Head,135264,TRUE,0.684,0.545,7,-6.885,1,0.121,0.159,0,0.102,0.407,143.049,4,r-n-b,
Piso 21;Manuel Turizo,Los Cachos,Los Cachos,212304,FALSE,0.774,0.73,7,-3.865,1,0.134,0.108,0,0.194,0.421,91.966,4,reggaeton,
Halsey,Manic,Without Me,201660,TRUE,0.752,0.488,7,-7.05,1,0.0705,0.297,9.11E-06,0.0936,0.533,136.041,4,electro,
Danzig,Danzig,Mother,204866,TRUE,0.365,0.763,7,-9.45,0,0.0591,0.00726,0.000457,0.0865,0.342,148.366,4,hard-rock,
The Chainsmokers,So Far So Good,High,175163,TRUE,0.601,0.787,7,-6.178,1,0.031,0.0492,0,0.142,0.525,134.981,4,house,
Beret;Morat,Porfa no te vayas,Porfa no te vayas,209712,FALSE,0.589,0.853,7,-5.14,1,0.0581,0.371,0,0.137,0.792,171.976,4,spanish,
Jason Derulo;Nicki Minaj;Ty Dolla $ign,Swalla (feat. Nicki Minaj & Ty Dolla $ign),Swalla (feat. Nicki Minaj & Ty Dolla $ign),216408,TRUE,0.696,0.817,7,-3.862,1,0.109,0.075,0,0.187,0.782,98.064,4,dance,
Bad Bunny;Bomba Estéreo,Un Verano Sin Ti,Ojitos Lindos,258298,FALSE,0.647,0.686,7,-5.745,0,0.0413,0.08,1.34E-06,0.528,0.268,79.928,4,latin,
My Chemical Romance,Three Cheers for Sweet Revenge,I'm Not Okay (I Promise),186480,TRUE,0.21,0.94,7,-3.427,1,0.123,0.00602,0,0.269,0.255,179.722,4,punk,
Taylor Swift,reputation,Don’t Blame Me,236413,FALSE,0.615,0.534,7,-6.719,0,0.0386,0.106,1.76E-05,0.0607,0.193,135.917,4,pop,
Calvin Harris,Motion,Summer,222533,FALSE,0.596,0.856,7,-3.556,0,0.0346,0.0211,0.0178,0.141,0.743,127.949,4,progressive-house,
Dr. Dre;Eminem;Xzibit,2001,What's The Difference,244200,TRUE,0.772,0.821,7,-0.14,0,0.25,0.223,0,0.148,0.77,91.921,4,funk,
OneRepublic,"I Ain’t Worried (Music From The Motion Picture ""Top Gun: Maverick"")",I Ain't Worried,148485,FALSE,0.704,0.797,7,-5.927,1,0.0475,0.0826,0.000745,0.0546,0.825,139.994,4,piano,
Doja Cat,Hot Pink,Streets,226986,TRUE,0.749,0.463,7,-8.433,1,0.0842,0.21,0.0382,0.338,0.189,90.035,4,dance,
Survivor,Rocky IV,Eye of the Tiger,245640,FALSE,0.817,0.599,7,-9.249,0,0.0328,0.132,0.000311,0.0873,0.548,108.873,4,rock,
The Neighbourhood,I Love You.,Sweater Weather,240400,FALSE,0.612,0.807,7,-2.81,1,0.0336,0.0495,0.0177,0.101,0.398,124.053,4,rock,
Ricky Montgomery,Montgomery Ricky,Line Without a Hook,249586,FALSE,0.432,0.652,7,-4.969,1,0.0285,0.262,0,0.258,0.507,190.028,3,indie-pop,
ABBA,Voulez-Vous,Gimme! Gimme! Gimme! (A Man After Midnight),292613,FALSE,0.749,0.491,7,-9.655,1,0.0403,0.02,0.00899,0.159,0.536,119.528,4,swedish,
Snoop Dogg;Pharrell Williams,R&G (Rhythm & Gangsta): The Masterpiece,Drop It Like It's Hot,266066,TRUE,0.888,0.632,7,-3.872,1,0.219,0.19,0,0.101,0.662,91.979,4,funk,
Ofenbach;Lagique,Wasted Love (feat. Lagique),Wasted Love (feat. Lagique),139563,FALSE,0.734,0.855,7,-4.578,0,0.135,0.0821,4.73E-06,0.0901,0.54,121.955,4,electro,
The Offspring,Americana,The Kids Aren't Alright,180160,FALSE,0.523,0.943,7,-4.203,1,0.0337,0.00704,3.81E-05,0.0579,0.766,99.607,4,punk-rock,
Calvin Harris;Tom Grennan,By Your Side (feat. Tom Grennan),By Your Side (feat. Tom Grennan),189671,FALSE,0.733,0.96,7,-3.597,1,0.0295,0.0514,0.00199,0.287,0.811,124.01,4,house,
THE ANXIETY;WILLOW;Tyler Cole,THE ANXIETY,Meet Me At Our Spot,162680,TRUE,0.773,0.47,7,-7.93,1,0.0299,0.0153,0.000193,0.0851,0.399,94.995,4,alternative,
Luke Combs,What You See Ain't Always What You Get (Deluxe Edition),Forever After All,232533,FALSE,0.487,0.65,7,-5.195,1,0.0253,0.191,0,0.0933,0.456,151.964,4,country,
Anitta,Versions of Me,Envolver,193805,FALSE,0.812,0.736,7,-5.421,0,0.0833,0.152,0.00254,0.0914,0.396,91.993,4,pagode,
Plain White T's,All That We Needed,Hey There Delilah,232533,FALSE,0.656,0.291,7,-10.572,1,0.0293,0.872,0,0.114,0.298,103.971,4,rock,
Armaan Malik;Vishal Mishra,Kabir Singh,Pehla Pyaar,272532,FALSE,0.607,0.713,7,-5.105,1,0.03,0.56,4.98E-05,0.101,0.611,124.868,4,pop,
Metallica,Master Of Puppets (Remastered),Master Of Puppets,515386,FALSE,0.543,0.836,7,-9.11,0,0.0353,0.000647,0.431,0.153,0.56,105.173,4,hard-rock,
Dua Lipa,Dua Lipa (Deluxe),IDGAF,217946,TRUE,0.836,0.544,7,-5.975,1,0.0943,0.0403,0,0.0824,0.51,97.028,4,dance,
Calvin Harris;John Newman,Motion,Blame (feat. John Newman),212960,FALSE,0.414,0.857,7,-4.078,0,0.0808,0.0287,0.00574,0.343,0.348,128.024,4,house,
Commodores,Commodores,Easy,256426,FALSE,0.589,0.384,7,-15.075,0,0.0332,0.112,2.80E-05,0.0596,0.354,132.909,4,disco,
Clairo,Immunity,Bags,260519,FALSE,0.742,0.546,7,-7.694,1,0.0315,0.172,0.38,0.115,0.868,104.996,4,indie-pop,
Lil Peep,"Come Over When You're Sober, Pt. 1",Save That Shit,231546,TRUE,0.534,0.583,7,-8.672,1,0.0288,0.0262,0,0.421,0.145,106,4,emo,
Bad Bunny,Un Verano Sin Ti,Moscow Mule,245939,TRUE,0.804,0.674,8,-5.453,0,0.0333,0.294,1.18E-06,0.115,0.292,99.968,4,latin,
Billie Eilish,Happier Than Ever,Your Power,245896,FALSE,0.632,0.284,8,-14.025,0,0.0801,0.932,0.000476,0.233,0.208,129.642,4,electro,
BTS,"Butter (Hotter, Sweeter, Cooler)",Butter,164441,FALSE,0.759,0.459,8,-5.187,1,0.0948,0.00323,0,0.0906,0.695,109.997,4,k-pop,
Foo Fighters,"Echoes, Silence, Patience & Grace",The Pretender,269373,FALSE,0.433,0.959,8,-4.04,1,0.0431,0.000917,0,0.028,0.365,172.984,4,metal,
DJ Snake;J Balvin;Tyga,Carte Blanche,Loco Contigo (feat. J. Balvin & Tyga),185194,FALSE,0.694,0.758,8,-2.986,1,0.218,0.278,1.34E-06,0.102,0.371,192.091,4,edm,
Robin Schulz;Francesco Yates,Sugar,Sugar (feat. Francesco Yates),219043,FALSE,0.636,0.815,8,-5.098,0,0.0581,0.0185,0,0.163,0.636,123.063,4,house,
Metallica,Metallica,Nothing Else Matters,388266,FALSE,0.553,0.362,8,-11.218,0,0.0263,0.0458,6.01E-06,0.075,0.158,142.352,3,rock,
George Ezra,Staying at Tamara's,Shotgun,201287,FALSE,0.673,0.735,8,-4.733,1,0.0457,0.286,0,0.242,0.754,115.744,4,folk,
Labrinth,Euphoria (Original Score from the HBO Series),Formula,91869,FALSE,0.574,0.664,8,-6.068,1,0.0409,0.0448,0.0553,0.146,0.226,144.654,4,indie,
Calvin Harris;Justin Timberlake;Halsey;Pharrell Williams,"Stay With Me (with Justin Timberlake, Halsey, & Pharrell)","Stay With Me (with Justin Timberlake, Halsey, & Pharrell)",229282,FALSE,0.81,0.733,8,-6.338,1,0.0444,0.276,6.73E-06,0.288,0.9,125.975,4,progressive-house,
Bring Me The Horizon,Sempiternal (Expanded Edition),Can You Feel My Heart,228146,TRUE,0.15,0.859,8,-2.827,0,0.0595,0.00201,0.194,0.387,0.354,170.527,5,rock,
Topic;A7S,Breaking Me,Breaking Me,166793,FALSE,0.789,0.72,8,-5.652,0,0.218,0.223,0,0.129,0.664,122.031,4,electro,
Manuel Turizo,La Bachata,La Bachata,162637,FALSE,0.835,0.679,8,-5.329,0,0.0364,0.583,1.98E-06,0.218,0.85,124.98,4,latin,
Bad Bunny;Tony Dize,Un Verano Sin Ti,La Corriente,198367,TRUE,0.663,0.786,8,-3.51,0,0.195,0.229,0,0.219,0.579,196.12,4,reggaeton,
girl in red,we fell in love in october / forget her,we fell in love in october,184153,FALSE,0.566,0.366,8,-12.808,1,0.028,0.113,0.181,0.155,0.237,129.96,4,indie-pop,
Arctic Monkeys,There’d Better Be A Mirrorball,There’d Better Be A Mirrorball,265798,FALSE,0.513,0.369,8,-10.899,1,0.0307,0.634,0.0139,0.186,0.311,72.062,4,garage,
Guns N' Roses,Use Your Illusion I,November Rain,536066,FALSE,0.294,0.641,8,-9.316,1,0.0291,0.0163,0.22,0.112,0.226,79.759,4,rock,
The Neighbourhood,Hard To Imagine The Neighbourhood Ever Changing,Softcore,206280,FALSE,0.575,0.568,8,-5.509,0,0.03,0.0484,0.000417,0.286,0.37,93.986,4,alt-rock,
Anne-Marie,Speak Your Mind (Deluxe),2002,186986,FALSE,0.697,0.683,8,-2.881,0,0.117,0.0372,0,0.137,0.603,96.133,4,house,
Foo Fighters,The Colour And The Shape,My Hero,260026,FALSE,0.398,0.927,8,-4.212,1,0.0567,6.20E-05,0.000177,0.0575,0.311,77.106,4,grunge,
Anuv Jain,Baarishein,Baarishein,207309,FALSE,0.475,0.124,8,-9.463,1,0.0444,0.926,0,0.0972,0.19,94.42,4,indian,
BUMP OF CHICKEN,SOUVENIR,SOUVENIR,264126,FALSE,0.622,0.94,8,-4.997,1,0.0413,0.0094,6.48E-06,0.0957,0.96,158.056,4,j-rock,
Glass Animals,Dreamland (+ Bonus Levels),Heat Waves,238805,FALSE,0.761,0.525,8,-6.9,1,0.0944,0.44,6.70E-06,0.0921,0.531,80.87,4,indie,
Ghost,[MESSAGE FROM THE CLERGY],Mary On A Cross,244804,FALSE,0.467,0.9,8,-4.505,1,0.0451,0.000187,0.000493,0.105,0.554,130.027,4,metal,
Queen,News Of The World (2011 Remaster),We Will Rock You - Remastered 2011,122066,FALSE,0.692,0.497,8,-7.316,1,0.119,0.676,0,0.259,0.475,81.308,4,rock,
Mitski,Bury Me At Makeout Creek,First Love / Late Spring,278640,FALSE,0.445,0.543,8,-8.196,1,0.0272,0.000825,0.0137,0.202,0.102,99.963,4,indie,
Clean Bandit;Sean Paul;Anne-Marie,Rockabye (feat. Sean Paul & Anne-Marie),Rockabye (feat. Sean Paul & Anne-Marie),251088,FALSE,0.72,0.763,8,-4.068,0,0.0523,0.406,0,0.18,0.742,101.965,4,dance,
The Weeknd;Gesaffelstein,"My Dear Melancholy,",I Was Never There,241066,FALSE,0.323,0.737,8,-4.008,1,0.0338,0.142,0.000162,0.163,0.155,113.26,4,pop,
BTS,Love Yourself 結 'Answer',IDOL,222732,FALSE,0.733,0.855,8,-3.211,1,0.118,0.00481,0,0.123,0.42,126.035,4,k-pop,
M.I.A.,Matangi,Bad Girls,227520,FALSE,0.639,0.912,8,-2.621,1,0.0615,0.00107,0,0.097,0.343,143.448,4,indie,
XXXTENTACION;PnB Rock;Trippie Redd,Bad Vibes Forever,bad vibes forever,150475,TRUE,0.8,0.526,8,-5.153,1,0.0716,0.334,0.00174,0.0571,0.746,129.874,4,emo,
Lost Frequencies,Less Is More,Are You With Me,138013,FALSE,0.763,0.608,8,-8.1,0,0.035,0.262,2.50E-05,0.12,0.393,121.02,4,edm,
The Fray,How To Save A Life,How to Save a Life,262533,FALSE,0.64,0.743,8,-4.08,1,0.0379,0.269,0,0.101,0.361,122.035,4,rock,
Bad Bunny;Bomba Estéreo,Un Verano Sin Ti,Ojitos Lindos,258298,FALSE,0.647,0.686,8,-5.745,0,0.0413,0.08,1.34E-06,0.528,0.268,79.928,4,reggaeton,
Sarah Cothran,As the World Caves In,As the World Caves In,161612,FALSE,0.422,0.25,8,-6.836,1,0.0351,0.441,0,0.35,0.246,124.026,4,singer-songwriter,
Swedish House Mafia;Connie Constance,Paradise Again,Heaven Takes You Home (feat. Connie Constance),214071,FALSE,0.665,0.738,8,-5.931,0,0.0379,0.0124,0.00598,0.0923,0.0389,125.037,4,house,
Billie Eilish,everything i wanted,everything i wanted,245425,FALSE,0.704,0.225,8,-14.454,0,0.0994,0.902,0.657,0.106,0.243,120.006,4,electro,
The Chainsmokers;Coldplay,Memories...Do Not Open,Something Just Like This,247160,FALSE,0.617,0.635,8,-6.769,0,0.0317,0.0498,1.44E-05,0.164,0.446,103.019,4,edm,
Radiohead,Pablo Honey,Creep,238640,TRUE,0.515,0.43,8,-9.935,1,0.0372,0.0097,0.000133,0.129,0.104,91.844,4,alt-rock,
Bizarrap;Quevedo,"Quevedo: Bzrp Music Sessions, Vol. 52","Quevedo: Bzrp Music Sessions, Vol. 52",198937,FALSE,0.621,0.782,8,-5.548,1,0.044,0.0125,0.033,0.23,0.55,128.033,4,hip-hop,
Labrinth,Euphoria (Original Score from the HBO Series),Still Don't Know My Name,153294,FALSE,0.316,0.63,8,-5.963,1,0.117,0.471,0.262,0.205,0.313,89.643,1,indie,
XXXTENTACION;Ski Mask The Slump God,Revenge,RIP Roach,169978,TRUE,0.727,0.62,8,-6.443,1,0.306,0.398,0,0.0926,0.555,105.003,4,emo,
Eric Carmen,The Definitive Collection,"Hungry Eyes - From ""Dirty Dancing"" Soundtrack",251066,FALSE,0.712,0.549,8,-9.484,1,0.0254,0.011,0,0.118,0.552,109.882,4,disco,
Halsey,So Good,So Good,176058,FALSE,0.576,0.627,8,-4.649,0,0.0449,0.0385,0,0.181,0.311,164.998,4,indie,
Alan Walker;Sabrina Carpenter;Farruko,On My Way,On My Way,193797,TRUE,0.509,0.689,8,-4.929,0,0.102,0.0209,0,0.301,0.297,170.087,4,electro,
Daddy Yankee;El Alfa;Lil Jon,LEGENDADDY,BOMBÓN,182413,TRUE,0.843,0.789,8,-2.801,1,0.247,0.0028,2.41E-05,0.0322,0.571,125.071,4,reggae,
Boston,Boston,More Than a Feeling,285133,FALSE,0.377,0.681,8,-8.039,1,0.0298,0.00088,0.0023,0.0504,0.285,108.789,4,country,
Clairo,Immunity,Sofia,188386,FALSE,0.744,0.619,8,-9.805,1,0.039,0.598,0.00372,0.231,0.641,112.997,4,indie,
Zedd;Maren Morris;Grey,The Middle,The Middle,184732,FALSE,0.753,0.657,8,-3.061,1,0.0449,0.171,0,0.112,0.437,107.01,4,german,
Cavetown,Animal Kingdom,Juliet,278991,TRUE,0.546,0.586,8,-8.488,1,0.0313,0.00346,0.00114,0.0562,0.364,131.778,4,indie,
Halsey,Manic,Without Me,201660,TRUE,0.752,0.488,8,-7.05,1,0.0705,0.297,9.11E-06,0.0936,0.533,136.041,4,pop,
Adele,21,Someone Like You,285240,FALSE,0.556,0.319,8,-8.251,1,0.0281,0.893,0,0.0996,0.294,135.187,4,british,
Shakira;Wyclef Jean,"Oral Fixation, Vol. 2 (Expanded Edition)",Hips Don't Lie (feat. Wyclef Jean),218093,FALSE,0.778,0.824,8,-5.892,0,0.0707,0.284,0,0.405,0.758,100.024,4,latin,
Vundabar,Gawk,Alien Blues,155933,FALSE,0.467,0.757,8,-5.093,1,0.033,0.0807,0.908,0.0876,0.433,82.282,4,indie-pop,
Kodaline,Politics of Living,Brother,203186,FALSE,0.519,0.625,8,-5.909,1,0.0482,0.349,0,0.121,0.21,120.103,4,rock,
2Pac;Outlawz,Greatest Hits,Hit 'Em Up - Single Version,312626,TRUE,0.916,0.844,8,-3.967,1,0.236,0.0394,0,0.0778,0.586,95.19,4,funk,
"Grover Washington, Jr.;Bill Withers",Anthology,Just the Two of Us (feat. Bill Withers),438493,FALSE,0.749,0.497,8,-12.609,0,0.105,0.41,0.0499,0.0504,0.585,95.818,4,jazz,
Young the Giant,Mirrorball / Mind Over Matter (Reprise),Mind Over Matter (Reprise),230866,FALSE,0.393,0.487,8,-6.348,1,0.0337,0.229,0,0.128,0.3,151.958,4,alt-rock,
Abraham Mateo;Ana Mena,Quiero Decirte,Quiero Decirte,222348,FALSE,0.751,0.772,8,-3.853,1,0.0383,0.039,0,0.102,0.923,117.941,4,reggaeton,
AP Dhillon,Summer High,Summer High,177391,FALSE,0.86,0.541,8,-6.51,0,0.0325,0.165,0.163,0.0663,0.952,114.984,4,pop,
Clean Bandit;Sean Paul;Anne-Marie,Rockabye (feat. Sean Paul & Anne-Marie),Rockabye (feat. Sean Paul & Anne-Marie),251088,FALSE,0.72,0.763,8,-4.068,0,0.0523,0.406,0,0.18,0.742,101.965,4,house,
Lauren Spencer Smith,Narcissist,Narcissist,172878,TRUE,0.58,0.485,8,-5.438,1,0.0312,0.696,0,0.0959,0.158,113.797,4,songwriter,
Cigarettes After Sex,Cigarettes After Sex,Apocalypse,290616,FALSE,0.37,0.467,8,-9.013,1,0.0273,0.0205,0.572,0.109,0.182,94.485,4,ambient,
Duke & Jones;Louis Theroux,Jiggle Jiggle,Jiggle Jiggle,97208,FALSE,0.864,0.412,8,-5.886,1,0.273,0.458,0.00087,0.124,0.654,99.992,4,dance,
Keane,Hopes And Fears,Somewhere Only We Know,237146,FALSE,0.448,0.665,8,-4.203,1,0.026,0.06,2.55E-05,0.0828,0.304,172.004,4,piano,
MEDUZA;Becky Hill;Goodboys,Lose Control,Lose Control,168387,FALSE,0.598,0.526,8,-8.659,0,0.0415,0.129,0,0.14,0.529,123.935,4,dance,
Two Feet,Love Is a Bitch,Love Is a Bitch,181466,TRUE,0.532,0.178,8,-9.754,0,0.0541,0.614,0.14,0.0985,0.103,149.879,3,rock,
Billie Eilish,"WHEN WE ALL FALL ASLEEP, WHERE DO WE GO?",all the good girls go to hell,168839,FALSE,0.726,0.444,8,-8.922,0,0.372,0.283,0.143,0.177,0.569,185.044,4,electro,
Carlos Baute;Marta Sánchez,De mi puño y letra - Edicion Coleccionista,Colgando en tus manos (con Marta Sánchez),230280,FALSE,0.836,0.637,8,-4.803,1,0.0367,0.535,0,0.129,0.875,120.025,4,spanish,
Lil Nas X;Jack Harlow,MONTERO,INDUSTRY BABY (feat. Jack Harlow),212352,TRUE,0.741,0.691,8,-7.395,0,0.0672,0.0221,0,0.0476,0.892,150.087,4,hip-hop,
System Of A Down,Toxicity,Chop Suey!,210240,FALSE,0.417,0.934,8,-3.908,0,0.119,0.000278,0.0015,0.132,0.287,127.066,4,alternative,
Bill Withers,Menagerie,Lovely Day,254560,FALSE,0.692,0.651,8,-8.267,1,0.0324,0.292,0.00241,0.105,0.706,97.923,4,soul,
Skillet,Awake,Monster,178013,FALSE,0.64,0.957,8,-2.336,1,0.0741,0.0431,0,0.0789,0.692,134.992,4,alt-rock,
Kansas,Point Of Know Return (Expanded Edition),Dust in the Wind,206266,FALSE,0.475,0.322,8,-10.687,1,0.0283,0.367,0.00056,0.11,0.387,93.503,4,hard-rock,
M.I.A.,Kala,Paper Planes,205200,FALSE,0.447,0.848,8,-6.175,1,0.222,0.033,7.46E-05,0.65,0.485,172.253,4,indie-pop,
Genevieve Stokes,Habits,Habits,136733,FALSE,0.663,0.287,8,-9.469,1,0.0344,0.854,6.85E-06,0.346,0.438,82.457,4,alternative,
Nirvana,In Utero - 20th Anniversary - Deluxe Edition,Heart-Shaped Box,281160,FALSE,0.256,0.641,8,-10.283,1,0.0552,0.199,0.0329,0.0853,0.382,203.006,4,alternative,
The Beatles,Abbey Road (Remastered),Here Comes The Sun - Remastered 2009,185733,FALSE,0.557,0.54,8,-10.484,1,0.0347,0.0339,0.00248,0.179,0.394,129.171,4,british,
David Guetta;Akon,One More Love,Sexy Bitch (feat. Akon),195853,TRUE,0.813,0.627,8,-5.018,0,0.0486,0.0771,0.000616,0.131,0.801,130.011,4,edm,
Loren Allred,The Greatest Showman (Original Motion Picture Soundtrack),Never Enough,207786,FALSE,0.277,0.394,8,-8.903,1,0.0336,0.423,0,0.0952,0.227,86.777,3,show-tunes,
Red Hot Chili Peppers,Californication (Deluxe Edition),Scar Tissue,215906,FALSE,0.595,0.717,8,-4.803,1,0.0295,0.0779,0.00274,0.108,0.547,88.969,4,metal,
Skillet,Awake,Monster,178013,FALSE,0.64,0.957,8,-2.336,1,0.0741,0.0431,0,0.0789,0.692,134.992,4,metal,
Doja Cat;SZA,Kiss Me More (feat. SZA),Kiss Me More (feat. SZA),208866,TRUE,0.762,0.701,8,-3.541,1,0.0286,0.235,0.000158,0.123,0.742,110.968,4,dance,
J Balvin;Dua Lipa;Bad Bunny;Tainy,UN DIA (ONE DAY) (Feat. Tainy),UN DIA (ONE DAY) (Feat. Tainy),232253,FALSE,0.571,0.693,8,-8.234,0,0.0545,0.00536,0,0.173,0.393,168.169,4,reggae,
Bring Me The Horizon,That's The Spirit,Throne,191520,FALSE,0.426,0.888,8,-3.72,0,0.0987,0.000455,0,0.306,0.387,144.111,4,metalcore,
Adele,30,Oh My God,225148,FALSE,0.534,0.725,8,-3.906,1,0.046,0.091,0,0.0264,0.55,88.098,4,british,
Rob Zombie,Hellbilly Deluxe,Dragula,222826,FALSE,0.591,0.963,8,-6.489,0,0.0531,8.74E-05,0.000107,0.0781,0.609,125.03,4,industrial,
Brett Young,Brett Young,In Case You Didn't Know,224853,FALSE,0.607,0.536,8,-7.306,1,0.0305,0.386,0,0.102,0.434,147.986,4,country,
JAWNY,For Abby,Honeypie,135581,FALSE,0.74,0.688,8,-4.361,0,0.0916,0.061,0,0.138,0.935,115.035,4,indie,
Billy Joel,The Stranger (Legacy Edition),Vienna,214240,FALSE,0.532,0.495,8,-6.662,1,0.0343,0.659,0,0.0754,0.308,124.936,4,songwriter,
Bad Bunny;Bomba Estéreo,Un Verano Sin Ti,Ojitos Lindos,258298,FALSE,0.647,0.686,8,-5.745,0,0.0413,0.08,1.34E-06,0.528,0.268,79.928,4,latino,
The Smashing Pumpkins,Mellon Collie And The Infinite Sadness (Deluxe Edition),Bullet With Butterfly Wings - Remastered 2012,258466,FALSE,0.404,0.72,8,-9.18,0,0.0623,5.59E-05,0.836,0.0466,0.475,121.864,4,grunge,
Rick Astley,Whenever You Need Somebody,Never Gonna Give You Up,213573,FALSE,0.721,0.939,8,-11.823,1,0.0376,0.115,3.79E-05,0.108,0.914,113.309,4,disco,
Van Morrison,Blowin' Your Mind!,Brown Eyed Girl,183306,FALSE,0.491,0.583,8,-10.964,1,0.0376,0.185,0,0.406,0.908,150.566,4,singer-songwriter,
The Backseat Lovers,When We Were Friends,Kilby Girl,282205,FALSE,0.329,0.444,8,-9.973,1,0.0417,0.0578,0.0352,0.113,0.225,162.279,4,indie,
George Ezra,Green Green Grass,Green Green Grass,167613,FALSE,0.685,0.738,8,-4.413,1,0.0595,0.0695,0,0.128,0.8,112.972,4,folk,
J. Cole;Cults;Amber Coffman,Born Sinner (Deluxe Version),She Knows (feat. Amber Coffman & Cults),296520,TRUE,0.766,0.74,8,-10.363,1,0.0807,0.0193,0.0784,0.229,0.183,118.008,4,hip-hop,
Rammstein,Sehnsucht,Du hast,234226,FALSE,0.64,0.922,8,-6.283,0,0.0385,0.00369,0.055,0.332,0.716,125.105,4,alt-rock,
Dr. Dre;Snoop Dogg,2001,The Next Episode,161506,TRUE,0.922,0.909,8,-2.429,0,0.27,0.0281,0,0.0856,0.309,95.295,4,funk,
Feid,FELIZ CUMPLEAÑOS FERXXO TE PIRATEAMOS EL ÁLBUM,Normal,171880,TRUE,0.709,0.56,8,-4.867,0,0.171,0.034,0,0.315,0.541,170.082,4,reggaeton,
Maluma,Sobrio,Sobrio,201180,FALSE,0.762,0.77,8,-2.758,1,0.223,0.138,0,0.15,0.631,177.998,4,reggae,
BTS,Love Yourself 轉 'Tear',FAKE LOVE,242333,FALSE,0.557,0.719,8,-4.515,0,0.0371,0.00267,0,0.306,0.345,77.502,4,pop,
The Beatles,Please Please Me (Remastered),Twist And Shout - Remastered 2009,155226,FALSE,0.482,0.849,8,-9.198,1,0.0452,0.641,7.74E-06,0.0414,0.937,124.631,4,british,
Feid,Feliz Cumpleaños Ferxxo,Feliz Cumpleaños Ferxxo,156400,FALSE,0.87,0.55,8,-5.537,1,0.0722,0.102,0,0.293,0.566,95.019,4,reggae,
Two Feet,First Steps,Go Fuck Yourself,129599,TRUE,0.765,0.327,8,-8.029,1,0.277,0.571,0.0479,0.0787,0.292,74.931,4,indie,
J Balvin;Bad Bunny,OASIS,QUE PRETENDES,222346,FALSE,0.639,0.791,8,-4.443,0,0.253,0.0275,0,0.362,0.939,92.603,4,reggae,
Seafret,Tell Me It's Real (Expanded Edition),Atlantis,229173,FALSE,0.4,0.479,8,-7.989,0,0.0308,0.0529,2.14E-06,0.115,0.213,166.159,4,folk,
Calvin Harris,My Way,My Way,219159,FALSE,0.818,0.913,8,-3.06,0,0.0426,0.093,3.69E-05,0.161,0.536,119.986,4,house,
Ms Krazie;Chino Grande,Smile Now Cry Never,A Gangster's Wife,229640,TRUE,0.822,0.59,8,-8.005,0,0.18,0.429,0,0.102,0.383,89.995,4,latin,
George Ezra,Gold Rush Kid,Green Green Grass,167613,FALSE,0.685,0.738,8,-4.413,1,0.0595,0.0695,0,0.128,0.8,112.972,4,singer-songwriter,
Adele,30,Easy On Me,224694,FALSE,0.604,0.366,8,-7.519,1,0.0282,0.578,0,0.133,0.13,141.981,4,british,
Don McLean,American Pie,American Pie,516893,FALSE,0.531,0.481,8,-11.709,0,0.06,0.699,0,0.0842,0.491,138.45,4,folk,
George Ezra,Gold Rush Kid,Green Green Grass,167613,FALSE,0.685,0.738,8,-4.413,1,0.0595,0.0695,0,0.128,0.8,112.972,4,songwriter,
Blackstreet;Dr. Dre;Queen Pen,Another Level,No Diggity,304600,FALSE,0.867,0.646,8,-4.674,0,0.288,0.303,0,0.279,0.67,88.634,4,j-pop,
The Kid LAROI,Thousand Miles,Thousand Miles,164781,TRUE,0.376,0.657,8,-4.658,1,0.0768,0.0858,0,0.0884,0.203,80.565,4,hip-hop,
J Balvin;Maria Becerra,JOSE,Qué Más Pues?,217360,FALSE,0.903,0.817,8,-3.972,1,0.095,0.0272,0.000311,0.242,0.732,102.014,4,reggaeton,
3 Doors Down,The Better Life,Kryptonite,233933,FALSE,0.545,0.865,8,-5.708,0,0.0286,0.00664,1.10E-05,0.168,0.543,99.009,4,grunge,
Deftones,White Pony,Change (In the House of Flies),299533,FALSE,0.269,0.853,8,-4.647,0,0.0854,0.000249,0.000246,0.118,0.179,141.581,4,metal,
Arctic Monkeys,AM,Do I Wanna Know?,272394,FALSE,0.548,0.532,8,-7.596,1,0.0323,0.186,0.000263,0.217,0.405,85.03,4,indie,
Akon,Trouble Deluxe Edition,Lonely,235800,TRUE,0.634,0.526,8,-7.881,0,0.0333,0.339,0,0.257,0.623,90.087,4,dance,
Alonzo;Ninho;Naps,QUARTIERS NORD,TOUT VA BIEN (feat. Ninho & Naps),192960,TRUE,0.66,0.72,8,-5.874,0,0.0753,0.301,0,0.226,0.628,99.937,4,french,
FISHER,Losing It,Losing It,248035,FALSE,0.76,0.964,8,-5.844,1,0.0577,0.00181,0.703,0.0975,0.643,125.003,4,house,
The Neighbourhood,Hard To Imagine The Neighbourhood Ever Changing,You Get Me So High,153000,FALSE,0.551,0.881,8,-6.099,0,0.0542,0.186,0.0791,0.152,0.387,88.036,4,alt-rock,
Rammstein,Sehnsucht,Du hast,234226,FALSE,0.64,0.922,8,-6.283,0,0.0385,0.00369,0.055,0.332,0.716,125.105,4,industrial,
Scorpions,Comeblack,Still Loving You,403453,FALSE,0.282,0.605,8,-4.916,0,0.0294,0.0047,0.00144,0.103,0.0783,103.929,4,metal,
aleemrk;Umair,Cold Hours,Cold Hours,206117,FALSE,0.737,0.613,8,-7.304,0,0.358,0.316,1.26E-06,0.343,0.493,170.14,4,hip-hop,
Sam Tinnesz;Yacht Money,Play with Fire (feat. Yacht Money),Play with Fire (feat. Yacht Money),180690,FALSE,0.573,0.539,8,-6.091,0,0.0322,0.0162,1.16E-05,0.105,0.39,75.012,4,blues,
Yusuf / Cat Stevens,Tea For The Tillerman (Remastered 2020),Wild World,200560,FALSE,0.48,0.542,8,-8.51,1,0.0348,0.345,0.000609,0.113,0.567,152.853,4,singer-songwriter,
The Neighbourhood,Chip Chrome & The Mono-Tones (Deluxe),Stargazing,217026,FALSE,0.512,0.483,8,-7.798,1,0.0298,0.00304,0.0011,0.12,0.367,160.009,4,alternative,
girl in red,we fell in love in october / forget her,we fell in love in october,184153,FALSE,0.566,0.366,8,-12.808,1,0.028,0.113,0.181,0.155,0.237,129.96,4,indie,
Jennifer Lopez;Pitbull,Love?,On The Floor,284866,FALSE,0.73,0.777,8,-5.194,0,0.0496,0.105,0.000478,0.0691,0.575,130,4,dance,
Limp Bizkit,Chocolate Starfish And The Hot Dog Flavored Water,Take A Look Around,321040,FALSE,0.425,0.852,8,-5.607,1,0.046,0.0175,0.306,0.0935,0.512,101.968,4,metal,
BLACKPINK,Pink Venom,Pink Venom,186964,FALSE,0.794,0.719,8,-7.227,1,0.0761,0.0119,0,0.276,0.69,90.016,4,pop,
Crystal Castles,(III),Transgender,184760,FALSE,0.522,0.914,8,-8.285,1,0.0379,0.000164,0.847,0.24,0.0364,137.939,3,alternative,
Iron Maiden,Piece of Mind (2015 Remaster),The Trooper - 2015 Remaster,252733,FALSE,0.285,0.908,8,-4.601,0,0.0705,0.0318,0.00909,0.311,0.669,159.756,4,metal,
Stray Kids,MAXIDENT,CASE 143,191964,FALSE,0.812,0.89,8,-2.661,0,0.209,0.0961,0,0.0222,0.69,100.006,4,k-pop,
ABBA,Abba,Mamma Mia,213266,FALSE,0.749,0.748,8,-7.011,1,0.0323,0.295,0.000443,0.469,0.827,137.547,4,swedish,
Shawn Mendes,Illuminate (Deluxe),There's Nothing Holdin' Me Back,199440,FALSE,0.866,0.813,8,-4.063,0,0.0554,0.38,0,0.0779,0.969,121.998,4,dance,
XXXTENTACION,?,the remedy for a broken heart (why am I so in love),160184,TRUE,0.699,0.304,8,-11.192,1,0.0993,0.779,0.000993,0.137,0.271,119.705,4,hip-hop,
Alice In Chains,Facelift,Man in the Box,285200,TRUE,0.355,0.791,8,-7.565,1,0.0453,0.00045,0,0.0969,0.758,106.392,4,hard-rock,
Doja Cat;The Weeknd,Planet Her,You Right,186173,TRUE,0.828,0.621,8,-6.414,1,0.0565,0.0164,0.00233,0.0845,0.436,128.986,4,dance,
Ellie Goulding;Speed Radio,Lights (Sped Up Version),Lights - Sped Up Version,190053,FALSE,0.653,0.836,8,-5.626,0,0.0457,0.0452,0.299,0.1,0.804,133.182,4,edm,
Anuel AA;KAROL G,Secreto,Secreto,258800,FALSE,0.807,0.803,8,-4.156,1,0.126,0.602,0.00853,0.136,0.706,91.987,4,latino,
James Hype;Miggy Dela Rosa,Ferrari,Ferrari,186661,FALSE,0.847,0.69,8,-7.877,0,0.0493,0.0127,6.00E-05,0.0526,0.692,125.004,4,groove,
Jax,Victoria’s Secret,Victoria’s Secret,176124,TRUE,0.586,0.556,8,-7.639,1,0.0592,0.00655,0,0.0836,0.517,167.018,4,singer-songwriter,
(G)I-DLE,I NEVER DIE,TOMBOY,174386,FALSE,0.755,0.87,8,-2.414,0,0.0936,0.00988,0,0.0917,0.645,124.032,4,k-pop,
Penelope Scott,Public Void,Rät,194165,TRUE,0.609,0.449,8,-13.291,0,0.249,0.326,0.000115,0.147,0.309,143.854,4,indie,
80purppp,Hex,Hex,122221,FALSE,0.845,0.398,8,-15.781,1,0.268,0.872,0.00713,0.159,0.482,109.996,4,sad,
Lauv;BTS,~how i'm feeling~,Who (feat. BTS),180413,FALSE,0.632,0.339,8,-7.983,0,0.0337,0.546,0,0.104,0.0969,141.642,3,dance,
Gorillaz,Plastic Beach,Rhinestone Eyes,200173,FALSE,0.676,0.703,8,-5.815,0,0.0302,0.0869,0.000687,0.0463,0.852,92.761,4,alternative,
Avicii,Stories,Waiting For Love,230613,FALSE,0.579,0.736,8,-3.863,0,0.0527,0.31,0,0.198,0.613,127.999,4,edm,
Topic;A7S,Kernkraft 400 (A Better Day),Kernkraft 400 (A Better Day),165800,FALSE,0.623,0.727,8,-5.57,0,0.0562,0.184,2.02E-05,0.309,0.4,125.975,4,german,
OneRepublic,Native,Counting Stars,257266,FALSE,0.664,0.705,8,-4.972,0,0.0382,0.0654,0,0.118,0.477,122.016,4,pop,
Pink Sweat$,PINK PLANET,At My Worst,170344,FALSE,0.813,0.415,8,-5.926,1,0.0349,0.777,0,0.131,0.667,91.921,4,chill,
Mimi Webb,Ghost of You,Ghost of You,158063,FALSE,0.737,0.858,8,-4.1,1,0.0648,0.0537,0,0.0825,0.65,126.254,4,singer-songwriter,
Pritam;Shreya Ghoshal;TUSHAR JOSHI,"Rasiya (From ""Brahmastra"")","Rasiya (From ""Brahmastra"")",265063,FALSE,0.54,0.796,8,-7.538,1,0.0521,0.371,0.00165,0.11,0.636,78.99,4,indian,
Calvin Harris;Dua Lipa,One Kiss (with Dua Lipa),One Kiss (with Dua Lipa),214846,FALSE,0.791,0.862,8,-3.24,0,0.11,0.037,2.19E-05,0.0814,0.592,123.994,4,progressive-house,
AP Dhillon;Shinda Kahlon;Gurinder Gill;Gminxr,Insane,Insane,206060,FALSE,0.796,0.572,8,-7.03,0,0.0545,0.416,2.55E-05,0.0975,0.304,98.967,4,hip-hop,
Cigarettes After Sex,Cigarettes After Sex,Apocalypse,290616,FALSE,0.37,0.467,8,-9.013,1,0.0273,0.0205,0.572,0.109,0.182,94.485,4,indie,
Billie Eilish,"WHEN WE ALL FALL ASLEEP, WHERE DO WE GO?",wish you were gay,221543,FALSE,0.853,0.351,8,-10.198,1,0.241,0.39,9.38E-06,0.752,0.282,118.028,4,electro,
The Neighbourhood,Wiped Out!,Daddy Issues,260173,FALSE,0.588,0.521,8,-9.461,1,0.0329,0.0678,0.149,0.123,0.337,85.012,4,alt-rock,
Daddy Yankee,Prestige,Limbo,224693,FALSE,0.806,0.875,8,-3.817,1,0.088,0.0838,0.00192,0.065,0.917,125.063,4,latin,
Foo Fighters,There Is Nothing Left To Lose,Learn to Fly,235293,FALSE,0.465,0.919,8,-4.025,1,0.0408,1.83E-05,2.07E-05,0.262,0.537,135.997,4,alt-rock,
Scorpions,Crazy World,Wind Of Change,312360,FALSE,0.452,0.524,8,-10.108,1,0.0351,0.315,0,0.103,0.246,151.505,4,hard-rock,
Zedd;Alessia Cara,Stay,Stay,210090,FALSE,0.69,0.622,8,-5.025,0,0.0622,0.253,0,0.116,0.544,102.04,4,dance,
Sidhu Moose Wala,Moosetape,295,270000,FALSE,0.557,0.794,8,-5.698,0,0.2,0.179,0,0.106,0.432,91.366,4,pop,
Calvin Harris;Justin Timberlake;Halsey;Pharrell Williams,"Stay With Me (with Justin Timberlake, Halsey, & Pharrell)","Stay With Me (with Justin Timberlake, Halsey, & Pharrell)",229282,FALSE,0.81,0.733,8,-6.338,1,0.0444,0.276,6.73E-06,0.288,0.9,125.975,4,electro,
Alesso;Katy Perry,When I’m Gone (with Katy Perry),When I’m Gone (with Katy Perry),161266,FALSE,0.685,0.886,8,-4.179,1,0.034,0.028,0,0.481,0.615,125.034,4,house,
Jack Harlow;Tory Lanez;DaBaby;Lil Wayne,"WHATS POPPIN (feat. DaBaby, Tory Lanez & Lil Wayne) [Remix]","WHATS POPPIN (feat. DaBaby, Tory Lanez & Lil Wayne) - Remix",227478,TRUE,0.904,0.723,8,-5.224,0,0.26,0.0631,0,0.185,0.835,145.013,4,k-pop,
Foo Fighters,In Your Honor,Best of You,255626,FALSE,0.366,0.94,8,-5.119,0,0.0696,0.000769,9.42E-05,0.188,0.369,130.198,4,metal,
Disclosure;Sam Smith,Settle (Special Edition),Latch,255631,FALSE,0.503,0.727,8,-5.456,1,0.167,0.0159,9.45E-05,0.0895,0.521,121.985,4,house,
Metallica,Metallica,Enter Sandman,331266,FALSE,0.577,0.828,8,-8.691,0,0.0298,0.00213,0.0114,0.0581,0.604,123.257,4,hard-rock,
Clean Bandit;Sean Paul;Anne-Marie,Rockabye (feat. Sean Paul & Anne-Marie),Rockabye (feat. Sean Paul & Anne-Marie),251088,FALSE,0.72,0.763,8,-4.068,0,0.0523,0.406,0,0.18,0.742,101.965,4,funk,
Ed Sheeran,x (Deluxe Edition),Photograph,258986,FALSE,0.614,0.379,8,-10.48,1,0.0476,0.607,0.000464,0.0986,0.201,107.989,4,pop,
Amy Winehouse,Back To Black (Deluxe Edition),"Valerie - Live At BBC Radio 1 Live Lounge, London / 2007",233733,FALSE,0.772,0.371,8,-5.743,0,0.0348,0.744,0,0.167,0.684,96.574,4,soul,
Novo Amor,Bathing Beach,Anchor,257533,FALSE,0.457,0.407,8,-11.475,1,0.0308,0.805,0.884,0.126,0.126,117.053,4,ambient,
The Chainsmokers,Memories...Do Not Open,Paris,221506,FALSE,0.653,0.658,8,-6.428,1,0.0304,0.0215,1.66E-06,0.0939,0.219,99.99,4,edm,
OneRepublic,Human (Deluxe),Run,168259,FALSE,0.682,0.72,8,-8.176,0,0.0382,0.321,0,0.205,0.649,116.988,4,piano,
Ellie Goulding,Delirium (Deluxe),"Love Me Like You Do - From ""Fifty Shades Of Grey""",252534,FALSE,0.262,0.606,8,-6.646,1,0.0484,0.247,0,0.125,0.275,189.857,4,indie-pop,
Sara Kays,Remember That Night?,Remember That Night?,227186,FALSE,0.679,0.61,8,-10.936,0,0.0305,0.585,9.51E-05,0.156,0.554,123.978,4,songwriter,
BTS,You Never Walk Alone,Spring Day,274097,FALSE,0.539,0.846,8,-3.192,1,0.0354,0.00631,1.71E-06,0.13,0.462,106.994,4,k-pop,
flora cash,You're Somebody Else,You're Somebody Else,218883,FALSE,0.713,0.452,8,-9.638,1,0.0295,0.841,0.0038,0.105,0.235,102.963,4,folk,
Skillet,Awake,Monster,178013,FALSE,0.64,0.957,8,-2.336,1,0.0741,0.0431,0,0.0789,0.692,134.992,4,rock,
Mazzy Star,So Tonight That I Might See,Fade Into You,295600,FALSE,0.42,0.33,8,-13.925,1,0.0275,0.245,0.000679,0.0677,0.175,157.143,3,alternative,
The Cure,Wish,Friday I'm In Love,215160,FALSE,0.526,0.763,8,-12.663,0,0.0341,0.00126,6.75E-05,0.359,0.514,136.205,4,punk-rock,
Robin Thicke;T.I.;Pharrell Williams,Blurred Lines (Deluxe),Blurred Lines,263826,FALSE,0.853,0.599,8,-4.756,1,0.0411,0.00334,7.93E-06,0.0759,0.843,119.993,4,soul,
Avicii,Levels,Levels - Radio Edit,199906,FALSE,0.584,0.889,8,-5.941,0,0.0343,0.0462,0.828,0.309,0.464,126.04,4,edm,
Rema;Selena Gomez,Calm Down (with Selena Gomez),Calm Down (with Selena Gomez),239317,FALSE,0.801,0.806,8,-5.206,1,0.0381,0.382,0.000669,0.114,0.802,106.999,4,pop,
BLACKPINK,BORN PINK,Pink Venom,186964,FALSE,0.794,0.719,8,-7.227,1,0.0761,0.0119,0,0.276,0.69,90.016,4,k-pop,
The Neighbourhood,I Love You.,Sweater Weather,240400,FALSE,0.612,0.807,8,-2.81,1,0.0336,0.0495,0.0177,0.101,0.398,124.053,4,alt-rock,
The Vamps,Meet The Vamps,Somebody To You,185097,FALSE,0.526,0.818,8,-5.952,1,0.0358,0.0587,0,0.333,0.896,171.96,4,dance,
Neil Diamond,Sweet Caroline,Sweet Caroline,203573,FALSE,0.529,0.127,8,-16.066,1,0.0274,0.611,0.000109,0.237,0.578,63.05,4,singer-songwriter,
Mora;Jhayco,MICRODOSIS,MEMORIAS,228750,FALSE,0.771,0.707,8,-6.404,0,0.055,0.389,0,0.0745,0.317,127.963,4,latino,
Martin Garrix;Bebe Rexha,In the Name of Love,In the Name of Love,195706,FALSE,0.501,0.519,8,-5.88,0,0.0409,0.109,0,0.454,0.168,133.99,4,edm,
America;George Martin,America,A Horse with No Name,252239,FALSE,0.654,0.506,8,-17.18,0,0.0535,0.686,0.0155,0.155,0.831,123.179,4,folk,
Spice;Shaggy;Sean Paul,Go Down Deh (feat. Shaggy and Sean Paul),Go Down Deh (feat. Shaggy and Sean Paul),154666,FALSE,0.817,0.8,8,-4.475,1,0.108,0.12,3.90E-05,0.187,0.534,90.016,4,j-dance,
Ellie Goulding,Fifty Shades Freed (Original Motion Picture Soundtrack),Love Me Like You Do,253520,FALSE,0.489,0.597,8,-6.633,0,0.0292,0.27,0,0.105,0.324,95.012,4,indie-pop,
Måneskin,Chosen,Beggin',211560,FALSE,0.714,0.8,8,-4.808,0,0.0504,0.127,0,0.359,0.589,134.002,4,indie,
Billie Eilish,Happier Than Ever,NDA,195776,TRUE,0.765,0.373,8,-9.921,1,0.0713,0.341,0.525,0.112,0.554,85.016,4,electro,
M.I.A.,Kala,Paper Planes,205200,FALSE,0.447,0.848,8,-6.175,1,0.222,0.033,7.46E-05,0.65,0.485,172.253,4,indie,
Elvis Presley,Blue Hawaii,Can't Help Falling in Love,182360,FALSE,0.396,0.293,8,-14.062,1,0.0275,0.941,0.000196,0.105,0.343,100.307,3,rockabilly,
Kanishk Seth;Kavita Seth,"Rangisari (From ""Jugjugg Jeeyo"")","Rangisari (From ""Jugjugg Jeeyo"")",223271,FALSE,0.524,0.758,8,-9.28,1,0.0538,0.27,0.13,0.106,0.319,140.012,4,indie,
Culture Club,Colour By Numbers,Karma Chameleon - Remastered 2002,252773,FALSE,0.668,0.73,8,-7.182,1,0.0366,0.225,0,0.188,0.894,92.049,4,disco,
Pink Floyd,The Wall,"Another Brick in the Wall, Pt. 2",238746,FALSE,0.693,0.394,8,-15.882,1,0.0428,0.0782,0.000694,0.247,0.721,104.114,4,rock,
Stray Kids,ODDINARY,MANIAC,182757,FALSE,0.581,0.8,8,-2.613,1,0.411,0.154,0,0.0697,0.709,119.872,5,k-pop,
The Chainsmokers;Coldplay,Memories...Do Not Open,Something Just Like This,247160,FALSE,0.617,0.635,8,-6.769,0,0.0317,0.0498,1.44E-05,0.164,0.446,103.019,4,pop,
Maluma,Junio,Junio,168601,FALSE,0.85,0.756,8,-3.439,0,0.0407,0.0999,0,0.0873,0.896,120.024,4,latino,
Robin Schulz;Francesco Yates,Sugar,Sugar (feat. Francesco Yates),219043,FALSE,0.636,0.815,8,-5.098,0,0.0581,0.0185,0,0.163,0.636,123.063,4,german,
Nirvana,In Utero - 20th Anniversary - Deluxe Edition,Heart-Shaped Box,281160,FALSE,0.256,0.641,8,-10.283,1,0.0552,0.199,0.0329,0.0853,0.382,203.006,4,alt-rock,
OneRepublic,West Coast,West Coast,192947,FALSE,0.685,0.699,8,-7.803,0,0.0349,0.317,0,0.0895,0.884,134.057,4,rock,
Doja Cat,Planet Her,Need to Know,210560,TRUE,0.664,0.609,8,-6.509,1,0.0707,0.304,0,0.0926,0.194,130.041,4,pop,
David Guetta;Bebe Rexha,I'm Good (Blue),I'm Good (Blue),175238,TRUE,0.561,0.965,8,-3.673,0,0.0343,0.00383,7.07E-06,0.371,0.304,128.04,4,edm,
Lynyrd Skynyrd,Second Helping (Expanded Edition),Sweet Home Alabama,283800,TRUE,0.596,0.605,8,-12.145,1,0.0255,0.181,0.000331,0.0863,0.886,97.798,4,hard-rock,
Corinne Bailey Rae,Corinne Bailey Rae,Put Your Records On,215360,FALSE,0.739,0.511,8,-7.844,1,0.0362,0.167,1.34E-06,0.133,0.542,96.038,4,r-n-b,
BTS,Proof,Yet To Come,193593,FALSE,0.559,0.885,8,-4.515,1,0.189,0.0432,0,0.333,0.683,172.029,4,k-pop,
Blind Melon,Blind Melon,No Rain,217106,FALSE,0.389,0.476,8,-9.342,1,0.0316,0.619,5.09E-05,0.255,0.566,148.117,4,grunge,
Incubus,Make Yourself,Drive,232453,FALSE,0.645,0.792,8,-7.34,0,0.036,0.0562,0.0121,0.119,0.666,90.565,4,grunge,
R. City;Adam Levine,What Dreams Are Made Of,Locked Away (feat. Adam Levine),227480,FALSE,0.509,0.671,8,-5.709,1,0.0678,0.304,0,0.0452,0.55,118.413,5,reggae,
Tom Rosenthal,Z-Sides,Lights Are On,193749,FALSE,0.44,0.04,8,-16.887,1,0.0322,0.981,0.465,0.111,0.249,135.965,4,singer-songwriter,
Green Day,Dookie,When I Come Around,178000,FALSE,0.531,0.909,8,-4.236,1,0.034,0.0175,0,0.231,0.814,97.546,4,punk,
Red Hot Chili Peppers,By the Way (Deluxe Edition),Can't Stop,269000,FALSE,0.618,0.938,8,-3.442,1,0.0456,0.0179,0,0.167,0.875,91.455,4,alt-rock,
Imagine Dragons,Mercury - Acts 1 & 2,Bones,165264,FALSE,0.772,0.75,8,-3.67,0,0.0455,0.0201,0,0.074,0.587,114.061,4,rock,
Burna Boy;Ed Sheeran,"Love, Damini",For My Hand (feat. Ed Sheeran),159123,FALSE,0.87,0.479,8,-7.779,1,0.165,0.161,0.000157,0.209,0.717,104.059,4,dance,
AC/DC,Back In Black,You Shook Me All Night Long,210173,FALSE,0.532,0.767,8,-5.509,1,0.0574,0.00287,0.000513,0.39,0.755,127.361,4,hard-rock,
Glass Animals,Heat Waves,Heat Waves,238805,FALSE,0.761,0.525,8,-6.9,1,0.0944,0.44,6.70E-06,0.0921,0.531,80.87,4,indie-pop,
System Of A Down,Mezmerize,B.Y.O.B.,255466,TRUE,0.538,0.981,8,-2.688,0,0.14,0.00662,0,0.219,0.711,101.414,4,alternative,
A Great Big World;Christina Aguilera,Is There Anybody Out There?,Say Something,229400,FALSE,0.407,0.147,8,-8.822,1,0.0355,0.857,2.89E-06,0.0913,0.0765,141.284,3,acoustic,
The Neighbourhood,Chip Chrome & The Mono-Tones (Deluxe),Stargazing,217026,FALSE,0.512,0.483,8,-7.798,1,0.0298,0.00304,0.0011,0.12,0.367,160.009,4,alt-rock,
Passenger,All the Little Lights (Deluxe),Let Her Go,252733,FALSE,0.445,0.541,8,-7.36,1,0.0736,0.359,0,0.109,0.217,76.289,4,folk,
R.E.M.,Automatic For The People,Everybody Hurts,320266,FALSE,0.467,0.324,8,-10.451,1,0.0255,0.615,0.0248,0.118,0.166,94.301,3,alternative,
Red Hot Chili Peppers,The Getaway,Dark Necessities,302000,FALSE,0.7,0.742,8,-6.777,0,0.0716,0.0722,0.0199,0.11,0.197,91.959,4,metal,
The Strokes,The New Abnormal,The Adults Are Talking,309053,FALSE,0.593,0.749,8,-5.67,1,0.0475,0.0113,0.106,0.314,0.649,164.959,4,rock,
Ava Max,Heaven & Hell,Sweet but Psycho,187436,FALSE,0.72,0.706,8,-4.719,1,0.0473,0.0684,0,0.166,0.62,133.002,4,dance,
Ozuna;Feid,OzuTochi,Hey Mor,196600,FALSE,0.901,0.589,8,-6.713,0,0.289,0.00302,0.000237,0.0992,0.399,98.002,4,reggaeton,
Cigarettes After Sex,Cigarettes After Sex,Apocalypse,290616,FALSE,0.37,0.467,8,-9.013,1,0.0273,0.0205,0.572,0.109,0.182,94.485,4,indie-pop,
Kate Bush,Hounds of Love (2018 Remaster),Running Up That Hill (A Deal With God) - 2018 Remaster,300840,FALSE,0.625,0.533,8,-11.903,0,0.0596,0.659,0.00266,0.0546,0.139,108.296,4,singer-songwriter,
Bryan Adams,Waking Up The Neighbours,(Everything I Do) I Do It For You,393640,FALSE,0.533,0.36,8,-12.633,1,0.0282,0.0805,1.03E-05,0.0631,0.299,131.229,4,singer-songwriter,
Sum 41,"All Killer, No Filler",In Too Deep,207093,FALSE,0.568,0.844,8,-5.875,1,0.0505,0.000189,0,0.0607,0.766,116.046,4,punk,
Bad Bunny;Drake,MIA (feat. Drake),MIA (feat. Drake),210367,FALSE,0.817,0.539,8,-6.349,0,0.0621,0.0141,0.000496,0.099,0.158,97.062,4,latino,
MEDUZA;James Carter;Elley Duhé;FAST BOY,Bad Memories (feat. Elley Duhé & FAST BOY),Bad Memories (feat. Elley Duhé & FAST BOY),148629,FALSE,0.607,0.767,8,-6.069,0,0.0474,0.118,0,0.122,0.662,123.998,3,electro,
The Supremes,The Supremes A' Go-Go (Expanded Edition),You Can't Hurry Love,167933,FALSE,0.63,0.711,8,-9.34,1,0.0472,0.299,0,0.0813,0.659,96.912,4,disco,
Martin Garrix;Dua Lipa,Scared to Be Lonely,Scared to Be Lonely,220883,FALSE,0.584,0.54,8,-7.786,0,0.0576,0.0895,0,0.261,0.195,137.972,4,house,
Bonnie Tyler,The Very Best of Bonnie Tyler,Total Eclipse of the Heart,267360,FALSE,0.431,0.723,8,-5.887,1,0.0568,0.145,0,0.374,0.19,130.141,4,disco,
Nirvana,Nevermind (Remastered),Smells Like Teen Spirit,301920,FALSE,0.502,0.912,8,-4.556,1,0.0564,2.55E-05,0.000173,0.106,0.72,116.761,4,alt-rock,
flora cash,You're Somebody Else,You're Somebody Else,218883,FALSE,0.713,0.452,8,-9.638,1,0.0295,0.841,0.0038,0.105,0.235,102.963,4,swedish,
Labrinth,Euphoria (Original Score from the HBO Series),When I R.I.P.,174567,TRUE,0.417,0.551,8,-6.456,0,0.174,0.73,0.00166,0.0907,0.444,87.614,4,indie,
Stephen Sanchez,Until I Found You,Until I Found You,177720,FALSE,0.539,0.508,8,-6.05,1,0.0288,0.727,0,0.174,0.227,101.358,3,songwriter,
Jimi Hendrix,Electric Ladyland,All Along the Watchtower,240800,FALSE,0.438,0.805,8,-6.237,1,0.0624,0.00255,5.69E-05,0.0842,0.564,113.253,4,psych-rock,
blink-182,EDGING,EDGING,151533,TRUE,0.606,0.905,8,-3.117,1,0.0518,0.0044,0,0.151,0.706,143.952,4,punk,
Dexys Midnight Runners,Too Rye Ay,Come On Eileen,287306,FALSE,0.45,0.656,8,-7.049,1,0.0472,0.664,3.02E-06,0.259,0.782,106.61,4,ska,
Ariana Grande;Social House,boyfriend,boyfriend (with Social House),186106,TRUE,0.4,0.795,8,-3.731,0,0.461,0.119,0,0.159,0.702,190.097,4,dance,
Giveon,TAKE TIME,Heartbreak Anniversary,198370,FALSE,0.449,0.465,8,-8.964,1,0.0791,0.524,1.02E-06,0.303,0.543,89.087,3,pop,
Amy Macdonald,This Is The Life (eDeluxe),This Is The Life,184413,FALSE,0.628,0.882,8,-5.024,0,0.0323,0.259,0,0.065,0.853,95.083,4,songwriter,
Jonas Blue;Why Don't We,Don’t Wake Me Up,Don’t Wake Me Up,188894,FALSE,0.621,0.747,8,-5.084,1,0.0337,0.222,0.000194,0.147,0.426,124.015,4,house,
dhruv,double take,double take,171743,FALSE,0.456,0.437,8,-11.156,1,0.0867,0.839,0,0.218,0.209,108.678,4,chill,
AP Dhillon;Shinda Kahlon;Gurinder Gill;Gminxr,Insane,Insane,206060,FALSE,0.796,0.572,8,-7.03,0,0.0545,0.416,2.55E-05,0.0975,0.304,98.967,4,pop,
Van Morrison,Blowin' Your Mind!,Brown Eyed Girl,183306,FALSE,0.491,0.583,8,-10.964,1,0.0376,0.185,0,0.406,0.908,150.566,4,songwriter,
Travis Scott,ASTROWORLD,5% TINT,196138,TRUE,0.712,0.481,9,-5.415,0,0.0487,0.173,0,0.241,0.062,140,4,house,
Clinton Kane,I GUESS I'M IN LOVE,I GUESS I'M IN LOVE,204093,FALSE,0.422,0.34,9,-6.577,1,0.0351,0.877,1.77E-05,0.149,0.223,77.213,4,songwriter,
The Beatles,Let It Be (Remastered),Let It Be - Remastered 2009,243026,FALSE,0.443,0.403,9,-8.339,1,0.0322,0.631,0,0.111,0.41,143.462,4,psych-rock,
Jhayco;Bad Bunny,CÓMO SE SIENTE (Remix),CÓMO SE SIENTE - Remix,227520,TRUE,0.807,0.606,9,-8.871,0,0.088,0.0946,0,0.119,0.304,92.988,4,reggaeton,
Kenshi Yonezu,KICK BACK,KICK BACK,193495,FALSE,0.577,0.941,9,-5.17,1,0.105,0.00207,3.36E-06,0.0891,0.292,101.921,4,j-pop,
Strawberry Guy,Mrs Magic,Mrs Magic,208500,FALSE,0.471,0.634,9,-7.406,1,0.031,0.159,0.365,0.374,0.366,132.542,4,indie-pop,
BTS,Yet To Come (Hyundai Ver.),Yet To Come (Hyundai Ver.),223535,FALSE,0.508,0.842,9,-3.992,1,0.0612,0.078,0,0.0858,0.44,86.041,4,k-pop,
Izzamuzzic;Julien Marchal,Shootout (Sped Up),Shootout (Sped Up),242142,FALSE,0.684,0.605,9,-8.678,0,0.0634,0.216,0.941,0.103,0.768,104.647,4,electro,
Megadeth,Countdown To Extinction,Symphony Of Destruction,246733,FALSE,0.61,0.891,9,-5.452,0,0.0587,0.000805,0.0928,0.0657,0.51,139.903,4,metal,
BLACKPINK,BORN PINK,Hard to Love,162569,TRUE,0.647,0.723,9,-6.214,1,0.0491,0.00503,0,0.176,0.443,105.001,4,pop,
Pixies,Surfer Rosa,Where Is My Mind? - Remastered,234973,FALSE,0.519,0.441,9,-14.178,1,0.0353,0.0204,0.000453,0.076,0.25,81.334,4,alt-rock,
Adolescent's Orquesta,Ahora Más Que Nunca,Virgen,271766,FALSE,0.662,0.776,9,-4.707,1,0.0457,0.715,0.000411,0.106,0.724,90.838,4,salsa,
James Hype;Miggy Dela Rosa,Ferrari,Ferrari,186661,FALSE,0.847,0.69,9,-7.877,0,0.0493,0.0127,6.00E-05,0.0526,0.692,125.004,4,deep-house,
Adele,25,Love In The Dark,285935,FALSE,0.331,0.341,9,-6.057,0,0.0309,0.528,0,0.109,0.152,109.821,4,british,
Billie Eilish,Happier Than Ever,I Didn't Change My Number,158463,TRUE,0.849,0.48,9,-5.835,1,0.226,0.612,0.269,0.295,0.677,142.021,4,electro,
Bad Bunny;ROSALÍA,EL ÚLTIMO TOUR DEL MUNDO,LA NOCHE DE ANOCHE,203200,FALSE,0.856,0.618,9,-4.892,1,0.286,0.0303,0,0.0866,0.391,81.993,4,reggaeton,
Jasleen Royal;B Praak;Romy;Anvita Dutt,"Ranjha (From ""Shershaah"")","Ranjha (From ""Shershaah"")",228855,FALSE,0.603,0.573,9,-5.843,1,0.0502,0.478,0,0.0971,0.236,82.941,4,singer-songwriter,
Cyndi Lauper,She's So Unusual,Time After Time,241333,FALSE,0.726,0.449,9,-9.206,1,0.0286,0.487,1.34E-06,0.0824,0.294,130.388,4,disco,
Ariana Grande;Justin Bieber,Stuck with U,Stuck with U (with Justin Bieber),228482,FALSE,0.597,0.45,9,-6.658,1,0.0418,0.223,0,0.382,0.537,178.765,3,dance,
Anirudh Ravichander;Kamal Haasan,"Pathala Pathala (From ""Vikram"")","Pathala Pathala (From ""Vikram"")",211384,FALSE,0.826,0.779,9,-5.609,1,0.375,0.35,0,0.0657,0.936,130.091,4,hip-hop,
Jhayco;J Balvin;Bad Bunny,Famouz,No Me Conoce - Remix,309120,FALSE,0.806,0.786,9,-3.831,0,0.0741,0.145,0,0.0935,0.58,91.973,4,reggaeton,
awfultune,I Met Sarah in the Bathroom,I Met Sarah in the Bathroom,121374,TRUE,0.675,0.408,9,-10.861,1,0.142,0.901,0.000714,0.16,0.229,90.111,4,indie,
The Who,Who's Next (Deluxe Edition),Baba O'Riley,300400,FALSE,0.489,0.724,9,-8.367,1,0.0352,0.313,0.185,0.287,0.15,117.292,4,british,
Måneskin,Teatro d'ira - Vol. I,I WANNA BE YOUR SLAVE,173346,TRUE,0.75,0.608,9,-4.008,1,0.0387,0.00165,0,0.178,0.958,132.507,4,rock,
itssvd;Shiloh Dynasty,Missing,Losing Interest,120546,FALSE,0.753,0.355,9,-13.295,0,0.0898,0.48,0.87,0.122,0.506,111.863,4,chill,
Beach Bunny,Prom Queen,Prom Queen,136562,FALSE,0.528,0.797,9,-7.487,1,0.0485,0.000391,0.011,0.14,0.751,143.785,4,rock,
Sidhu Moose Wala,Moosetape,295,270000,FALSE,0.557,0.794,9,-5.698,0,0.2,0.179,0,0.106,0.432,91.366,4,hip-hop,
Bryan Adams,Reckless (30th Anniversary / Deluxe Edition),Heaven,243360,FALSE,0.382,0.589,9,-7.315,0,0.0267,0.0465,0,0.122,0.335,140.059,4,rock,
Galantis;David Guetta;Little Mix,Heartbreak Anthem (with David Guetta & Little Mix),Heartbreak Anthem (with David Guetta & Little Mix),183725,FALSE,0.595,0.784,9,-4.878,1,0.102,0.216,0,0.0608,0.479,124.111,4,edm,
Peter Bjorn and John,Writer's Block,Young Folks,276693,FALSE,0.699,0.812,9,-6.005,1,0.0377,0.0164,0.000763,0.105,0.662,138.185,4,swedish,
R.E.M.,Out Of Time (25th Anniversary Edition),Losing My Religion,268426,FALSE,0.666,0.855,9,-5.051,0,0.0295,0.179,1.20E-06,0.0987,0.803,125.639,4,alt-rock,
Stealers Wheel,Stealers Wheel,Stuck In The Middle With You,208946,FALSE,0.82,0.575,9,-9.144,1,0.0408,0.0936,0.000135,0.109,0.964,123.765,4,folk,
Melanie Martinez,Cry Baby (Deluxe Edition),Training Wheels,205680,TRUE,0.571,0.481,9,-7.179,1,0.0444,0.697,0,0.089,0.0807,113.753,4,electro,
Zedd;Maren Morris;Grey,The Middle,The Middle,184732,FALSE,0.753,0.657,9,-3.061,1,0.0449,0.171,0,0.112,0.437,107.01,4,techno,
Felix Jaehn;Ray Dalton,Call It Love,Call It Love,154560,FALSE,0.616,0.841,9,-4.779,0,0.076,0.0559,0.00217,0.417,0.714,110.029,4,electro,
Culture Club,Colour By Numbers,Karma Chameleon - Remastered 2002,252773,FALSE,0.668,0.73,9,-7.182,1,0.0366,0.225,0,0.188,0.894,92.049,4,synth-pop,
Anitta,Versions of Me,Envolver,193805,FALSE,0.812,0.736,9,-5.421,0,0.0833,0.152,0.00254,0.0914,0.396,91.993,4,funk,
MGMT,Oracular Spectacular,Electric Feel,229640,FALSE,0.763,0.803,9,-3.713,1,0.0351,0.0709,0.285,0.348,0.561,103.04,3,alt-rock,
Taylor Swift,folklore,august,261922,FALSE,0.532,0.623,9,-9.208,1,0.0331,0.538,7.28E-05,0.0925,0.403,89.937,4,pop,
Lost Frequencies;Calum Scott,Where Are You Now,Where Are You Now,148197,FALSE,0.671,0.636,9,-8.117,0,0.103,0.515,0.000411,0.172,0.262,120.966,4,edm,
Bon Jovi,Slippery When Wet,Livin' On A Prayer,249293,FALSE,0.532,0.887,9,-3.757,1,0.0335,0.0778,0.000214,0.294,0.795,122.511,4,rock,
Doja Cat,Planet Her,Woman,172626,TRUE,0.824,0.764,9,-4.175,0,0.0854,0.0888,0.00294,0.117,0.881,107.998,4,dance,
Cigarettes After Sex,Cigarettes After Sex,Sunsetz,215150,FALSE,0.405,0.479,9,-9.396,1,0.0301,0.0527,0.795,0.0974,0.131,75.37,4,indie-pop,
The Chainsmokers;ROZES,Roses,Roses,226738,FALSE,0.713,0.802,9,-7.055,1,0.0561,0.0435,0.00377,0.309,0.343,100.001,4,house,
The Strokes,The New Abnormal,The Adults Are Talking,309053,FALSE,0.593,0.749,9,-5.67,1,0.0475,0.0113,0.106,0.314,0.649,164.959,4,garage,
Lunay;Daddy Yankee;Bad Bunny,Épico,Soltera - Remix,266086,FALSE,0.795,0.783,9,-4.271,1,0.0432,0.361,0,0.437,0.799,92.01,4,latino,
Dr. Dre;Snoop Dogg,2001,Still D.R.E.,270586,TRUE,0.816,0.775,9,-3.323,1,0.234,0.16,0.00031,0.0543,0.527,93.431,4,funk,
Lynyrd Skynyrd,Pronounced' Leh-'Nerd 'Skin-'Nerd,Free Bird,547106,FALSE,0.249,0.834,9,-8.21,1,0.0577,0.0738,9.48E-05,0.0924,0.338,118.223,4,blues,
The Chainsmokers;Bebe Rexha,World War Joy,Call You Mine,217640,FALSE,0.585,0.696,9,-5.6,0,0.0307,0.204,0,0.344,0.522,104.01,4,house,
KAMRAD,I Believe,I Believe,147007,FALSE,0.711,0.681,9,-7.459,1,0.0263,0.124,0,0.262,0.775,118.021,4,folk,
Anirudh Ravichander;Jonita Gandhi,"Arabic Kuthu - Halamithi Habibo (From ""Beast"")","Arabic Kuthu - Halamithi Habibo (From ""Beast"")",279677,FALSE,0.608,0.757,9,-6.945,1,0.164,0.259,0.00216,0.259,0.625,124.078,4,hip-hop,
itssvd;Shiloh Dynasty,Missing,Losing Interest,120546,FALSE,0.753,0.355,9,-13.295,0,0.0898,0.48,0.87,0.122,0.506,111.863,4,sad,
Jet,Get Born,Are You Gonna Be My Girl,213800,FALSE,0.613,0.953,9,-3.435,1,0.0855,0.00148,0.000582,0.152,0.537,105.046,4,alternative,
Bad Bunny;Tony Dize,Un Verano Sin Ti,La Corriente,198367,TRUE,0.663,0.786,9,-3.51,0,0.195,0.229,0,0.219,0.579,196.12,4,reggae,
Echosmith,Talking Dreams (Deluxe Edition),Cool Kids,237626,FALSE,0.719,0.671,9,-6.279,1,0.0336,0.0372,8.21E-06,0.12,0.786,130.027,4,indie-pop,
Jordan Davis;Luke Bryan,Buy Dirt,Buy Dirt,167480,FALSE,0.586,0.559,9,-6.725,1,0.05,0.639,0,0.0872,0.437,177.945,4,country,
Felix Jaehn;Ray Dalton,Call It Love,Call It Love,154560,FALSE,0.616,0.841,9,-4.779,0,0.076,0.0559,0.00217,0.417,0.714,110.029,4,german,
Hans Zimmer,Interstellar (Original Motion Picture Soundtrack) [Expanded Edition],Cornfield Chase,126959,FALSE,0.18,0.226,9,-16.457,0,0.042,0.951,0.982,0.0998,0.048,94.079,4,german,
Eagles,Hotel California (2013 Remaster),Hotel California - 2013 Remaster,391376,FALSE,0.579,0.508,9,-9.484,1,0.027,0.00574,0.000494,0.0575,0.609,147.125,4,folk,
Mora;Bad Bunny;Sech,Volando (Remix),Volando - Remix,273474,TRUE,0.659,0.688,9,-4.649,1,0.0673,0.207,0,0.113,0.632,153.979,4,latino,
Iron Maiden,Piece of Mind (2015 Remaster),The Trooper - 2015 Remaster,252733,FALSE,0.285,0.908,9,-4.601,0,0.0705,0.0318,0.00909,0.311,0.669,159.756,4,hard-rock,
Måneskin,THE LONELIEST,THE LONELIEST,247067,FALSE,0.519,0.595,9,-5.001,1,0.0283,0.00151,0,0.0762,0.237,129.786,4,indie,
Billie Eilish,"WHEN WE ALL FALL ASLEEP, WHERE DO WE GO?",bury a friend,193143,FALSE,0.905,0.389,9,-14.505,1,0.332,0.74,0.162,0.106,0.196,120.046,4,electro,
Tainy;Bad Bunny;Julieta Venegas,Lo Siento BB:/ (with Bad Bunny & Julieta Venegas),Lo Siento BB:/ (with Bad Bunny & Julieta Venegas),207301,FALSE,0.639,0.703,9,-6.33,0,0.0794,0.0889,1.78E-06,0.0865,0.138,169.888,4,reggaeton,
Foster The People,Torches,Pumped Up Kicks,239600,FALSE,0.733,0.71,9,-5.849,0,0.0292,0.145,0.115,0.0956,0.965,127.975,4,indie,
Bill Withers,Just As I Am,Ain't No Sunshine,125093,FALSE,0.527,0.415,9,-11.451,0,0.122,0.457,1.72E-05,0.117,0.515,78.169,4,funk,
Neil Young,"Eat, Pray, Love",Heart Of Gold,188440,FALSE,0.55,0.525,9,-8.754,1,0.0275,0.288,0.0172,0.106,0.806,171.172,4,singer-songwriter,
AC/DC,High Voltage,T.N.T.,214666,FALSE,0.754,0.759,9,-5.218,1,0.302,0.153,0.000108,0.101,0.435,126.366,4,hard-rock,
Oasis,(What's The Story) Morning Glory? [Remastered],Wonderwall - Remastered,258773,FALSE,0.378,0.896,9,-4.066,1,0.0407,0.000452,0,0.194,0.469,174.302,4,rock,
6ix9ine;Anuel AA,DUMMY BOY,MALA,206550,TRUE,0.72,0.825,9,-3.627,0,0.0424,0.689,0,0.103,0.789,100.008,4,emo,
Aerosmith,Aerosmith,Dream On,266960,FALSE,0.307,0.433,9,-10.057,1,0.029,0.388,9.08E-05,0.332,0.224,160.9,4,rock,
blackbear,dead,idfc,207026,TRUE,0.718,0.422,9,-9.115,0,0.0621,0.0764,0,0.17,0.455,144.678,4,pop,
Rvfv;Rels B,NASTU,Mi Luz (ft. Rels B),168000,FALSE,0.705,0.526,9,-6.359,1,0.327,0.509,0.000106,0.0742,0.671,200.031,4,latino,
Bad Bunny;Jhayco,DÁKITI,DÁKITI,205090,TRUE,0.731,0.573,9,-10.059,0,0.0544,0.401,5.22E-05,0.113,0.145,109.928,4,reggaeton,
Billie Eilish,Happier Than Ever,Billie Bossa Nova,196730,FALSE,0.895,0.389,9,-11.036,0,0.11,0.222,0.0346,0.105,0.549,110.023,4,electro,
Rvfv;Pablo Mas,NASTU,Mami,168367,FALSE,0.707,0.572,9,-5.378,1,0.157,0.497,4.06E-06,0.126,0.456,98.003,4,latino,
Anuel AA;Romeo Santos,Ella Quiere Beber (Remix),Ella Quiere Beber - Remix,219357,FALSE,0.75,0.665,9,-3.083,1,0.124,0.265,0,0.0515,0.697,95.239,4,latino,
Pav Dharia,Na Ja,Na Ja,208000,FALSE,0.772,0.649,9,-6.411,1,0.143,0.0724,0,0.0761,0.824,90.072,4,pop,
El Alfa;Noriel;Trueno,LOS APARATOS,LOS APARATOS,232843,FALSE,0.868,0.878,9,-3.294,1,0.038,0.0509,0.00052,0.0857,0.899,112.987,4,reggaeton,
Feid,Si Te La Encuentras Por Ahí,Si Te La Encuentras Por Ahí,191573,FALSE,0.743,0.576,9,-3.552,0,0.076,0.151,5.87E-05,0.128,0.455,171.945,4,latino,
blink-182,blink-182,I Miss You,227250,FALSE,0.423,0.714,9,-8.295,1,0.045,0.00113,6.28E-06,0.0855,0.593,110.017,4,punk-rock,
OneRepublic,Dreaming Out Loud,Apologize,208106,FALSE,0.593,0.74,9,-6.12,1,0.0339,0.363,2.22E-05,0.102,0.502,118.008,4,rock,
Beach Bunny,Prom Queen,Prom Queen,136562,FALSE,0.528,0.797,9,-7.487,1,0.0485,0.000391,0.011,0.14,0.751,143.785,4,indie-pop,
KALEO,A/B,Way down We Go,213706,FALSE,0.489,0.505,9,-8.022,0,0.117,0.579,0.000333,0.104,0.337,163.255,4,rock,
Bad Bunny;Jhay Cortez,EL ÚLTIMO TOUR DEL MUNDO,DÁKITI,205090,TRUE,0.731,0.573,9,-10.059,0,0.0544,0.401,5.22E-05,0.113,0.145,109.928,4,latin,
Slipknot,All Hope Is Gone (10th Anniversary),Psychosocial,284120,FALSE,0.568,0.981,9,-3.889,1,0.0887,0.00269,0.00275,0.0243,0.307,135.146,4,alternative,
Kendrick Lamar;Blxst;Amanda Reifer,Mr. Morale & The Big Steppers,Die Hard,239026,TRUE,0.775,0.736,9,-8.072,0,0.247,0.319,0.00116,0.127,0.362,100.988,4,hip-hop,
Clairo,Flaming Hot Cheetos,Flaming Hot Cheetos,123884,FALSE,0.817,0.551,9,-9.33,0,0.133,0.865,0.000151,0.101,0.142,109.966,4,indie,
Wiz Khalifa;Charlie Puth,See You Again (feat. Charlie Puth),See You Again (feat. Charlie Puth),229525,FALSE,0.689,0.481,9,-7.503,1,0.0815,0.369,1.03E-06,0.0649,0.283,80.025,4,dance,
Jason Derulo,Acapulco,Acapulco,139672,FALSE,0.774,0.792,9,-4.021,1,0.0523,0.051,0,0.155,0.507,122.062,4,dance,
R.E.M.,Out Of Time (25th Anniversary Edition),Losing My Religion,268426,FALSE,0.666,0.855,9,-5.051,0,0.0295,0.179,1.20E-06,0.0987,0.803,125.639,4,indie-pop,
John Lennon,Imagine,Imagine - Remastered 2010,187866,FALSE,0.547,0.257,9,-12.358,1,0.0252,0.907,0.183,0.0935,0.169,75.752,4,rock,
The Beatles,Let It Be (Remastered),Let It Be - Remastered 2009,243026,FALSE,0.443,0.403,9,-8.339,1,0.0322,0.631,0,0.111,0.41,143.462,4,british,
Nirvana,In Utero - 20th Anniversary - Deluxe Edition,Heart-Shaped Box,281160,FALSE,0.256,0.641,9,-10.283,1,0.0552,0.199,0.0329,0.0853,0.382,203.006,4,grunge,
Mac DeMarco,Salad Days,Chamber Of Reflection,231723,FALSE,0.538,0.557,9,-8.678,1,0.0914,0.262,0.914,0.102,0.506,131.03,4,edm,
Harry Styles,Fine Line,Watermelon Sugar,174000,FALSE,0.548,0.816,9,-4.209,1,0.0465,0.122,0,0.335,0.557,95.39,4,pop,
NEIKED;Mae Muller;Polo G,Better Days (NEIKED x Mae Muller x Polo G),Better Days (NEIKED x Mae Muller x Polo G),160656,FALSE,0.717,0.671,9,-5.077,0,0.0337,0.0018,2.54E-06,0.0921,0.699,110.054,4,house,
Survivor,Eye Of The Tiger,Eye of the Tiger,243773,FALSE,0.815,0.438,9,-14.522,0,0.0346,0.216,0.000466,0.0787,0.552,108.965,4,rock,
Dynoro;Gigi D'Agostino,In My Mind,In My Mind,184560,FALSE,0.694,0.77,9,-5.335,1,0.149,0.176,1.10E-05,0.118,0.163,125.905,4,edm,
Green Day,Greatest Hits: God's Favorite Band,Boulevard of Broken Dreams,262333,TRUE,0.496,0.682,9,-4.095,1,0.0294,0.00552,2.94E-05,0.0589,0.474,167.06,4,punk,
Beendo Z,L'Élu,Pas bête,143525,TRUE,0.734,0.532,9,-9.038,0,0.102,0.361,0,0.105,0.491,138.043,4,french,
Otis Redding,The Dock of the Bay (Mono),(Sittin' On) the Dock of the Bay,163755,FALSE,0.769,0.367,9,-11.226,1,0.0312,0.684,1.62E-05,0.081,0.535,103.621,4,soul,
Bad Bunny,Un Verano Sin Ti,Moscow Mule,245939,TRUE,0.804,0.674,9,-5.453,0,0.0333,0.294,1.18E-06,0.115,0.292,99.968,4,latino,
Clean Bandit;Zara Larsson,What Is Love? (Deluxe Edition),Symphony (feat. Zara Larsson),212733,FALSE,0.715,0.605,9,-5.128,0,0.0428,0.239,1.41E-05,0.189,0.454,122.956,4,dance,
MEDUZA;Goodboys,Piece Of Your Heart,Piece Of Your Heart,152913,FALSE,0.677,0.744,9,-6.806,0,0.0295,0.0404,0.00016,0.074,0.631,124.08,4,electro,
Melanie Martinez,Cry Baby (Deluxe Edition),Cake,199681,FALSE,0.518,0.655,9,-6.255,1,0.0826,0.381,0,0.271,0.29,156.992,4,electro,
Beach Weather,Chit Chat,"Sex, Drugs, Etc.",196784,FALSE,0.572,0.839,9,-5.083,0,0.0377,0.013,0.00976,0.522,0.465,143.969,4,rock,
Hollow Coves,Wanderlust,Coastline,233973,FALSE,0.67,0.496,9,-11.23,1,0.0277,0.627,0.00319,0.0584,0.427,100.17,4,indie,
Joel Corry;David Guetta;Bryson Tiller,What Would You Do?,What Would You Do?,174215,FALSE,0.687,0.895,9,-2.983,1,0.0474,0.149,0.00592,0.121,0.686,124.041,4,edm,
BLACKPINK,BORN PINK,Hard to Love,162569,TRUE,0.647,0.723,9,-6.214,1,0.0491,0.00503,0,0.176,0.443,105.001,4,k-pop,
J Balvin;Skrillex,In Da Getto,In Da Getto,131065,FALSE,0.915,0.72,9,-3.126,1,0.0459,0.025,1.42E-05,0.0942,0.631,126.986,4,latin,
Alec Benjamin,(Un)Commentary,Devil Doesn’t Bargain,163613,FALSE,0.448,0.606,9,-4.565,1,0.0609,0.577,0,0.217,0.483,121.15,4,electro,
MGMT,Oracular Spectacular,Kids,302840,FALSE,0.451,0.931,9,-3.871,1,0.0719,0.00076,0.0049,0.361,0.172,122.961,4,alternative,
Stephen Sanchez,Until I Found You (Piano Version),Until I Found You - Piano Version,184895,FALSE,0.603,0.148,9,-10.449,1,0.0279,0.927,0,0.101,0.228,95.451,3,songwriter,
Jack Harlow,Come Home The Kids Miss You,First Class,173947,TRUE,0.902,0.582,9,-5.902,0,0.109,0.111,3.18E-06,0.111,0.332,107.005,4,k-pop,
XXXTENTACION,?,Hope,110886,TRUE,0.592,0.457,9,-6.081,0,0.0603,0.661,0.000331,0.146,0.225,146.04,4,emo,
Rage Against The Machine,Evil Empire,Bulls On Parade,229466,TRUE,0.412,0.919,9,-7.291,1,0.184,0.0124,0.0601,0.424,0.572,166.367,4,alt-rock,
Avicii;Sandro Cavazza,AVĪCI (01),Without You (feat. Sandro Cavazza),181672,TRUE,0.662,0.858,9,-4.844,1,0.0428,0.00163,0,0.0456,0.295,133.993,4,edm,
The Cure,Wish,Friday I'm In Love,215160,FALSE,0.526,0.763,9,-12.663,0,0.0341,0.00126,6.75E-05,0.359,0.514,136.205,4,punk,
Wisin & Yandel;ROSALÍA,La Última Misión,Besos Moja2,229064,FALSE,0.736,0.727,9,-4.642,0,0.0571,0.0584,1.91E-06,0.0976,0.644,94.048,4,reggaeton,
Crystal Castles,(III),Transgender,184760,FALSE,0.522,0.914,9,-8.285,1,0.0379,0.000164,0.847,0.24,0.0364,137.939,3,hardcore,
Bad Bunny,Un Verano Sin Ti,Me Fui de Vacaciones,180929,FALSE,0.714,0.645,9,-5.493,1,0.0514,0.229,0.00083,0.0942,0.434,85.046,4,latino,
Billie Eilish,Therefore I Am,Therefore I Am,174321,FALSE,0.889,0.34,9,-7.773,0,0.0697,0.218,0.13,0.055,0.716,94.009,4,electro,
Maluma,11:11,11:00 PM,175733,FALSE,0.777,0.712,9,-4.84,1,0.277,0.217,0,0.091,0.68,95.692,4,reggae,
Tiësto,Baila Conmigo,Baila Conmigo,146249,FALSE,0.652,0.855,9,-6.411,1,0.0775,0.00658,0.409,0.341,0.0834,127.964,4,edm,
Lil Tjay;6LACK,Destined 2 Win,Calling My Phone,205458,TRUE,0.907,0.393,9,-7.636,0,0.0539,0.451,1.35E-06,0.135,0.202,104.949,4,r-n-b,
Becky G;KAROL G,ESQUEMAS,MAMIII,226093,FALSE,0.836,0.703,9,-3.554,0,0.0657,0.0845,0,0.138,0.902,94.048,4,reggae,
Tove Lo,2 Die 4,2 Die 4,185875,FALSE,0.816,0.8,9,-5.705,0,0.0733,0.0283,6.03E-05,0.129,0.534,118.014,4,synth-pop,
Tiësto,The Business,The Business,164000,FALSE,0.798,0.62,9,-7.079,0,0.232,0.414,0.0192,0.112,0.235,120.031,4,trance,
Bon Jovi,Crush,It's My Life,224493,FALSE,0.551,0.913,9,-4.063,0,0.0466,0.0263,1.35E-05,0.347,0.544,119.992,4,metal,
Peter Bjorn and John,Writer's Block,Young Folks,276693,FALSE,0.699,0.812,9,-6.005,1,0.0377,0.0164,0.000763,0.105,0.662,138.185,4,r-n-b,
Luar La L,L3tra,Caile,141340,TRUE,0.704,0.756,9,-4.948,1,0.448,0.298,3.75E-06,0.0852,0.461,121.737,3,latin,
LeeHi,4 ONLY,ONLY,240906,FALSE,0.536,0.296,9,-7.451,1,0.0346,0.892,0,0.0873,0.151,122.907,3,k-pop,
Jay Sean;Lil Wayne,All Or Nothing,Down,212506,FALSE,0.727,0.68,9,-4.498,1,0.0286,0.0101,0,0.0821,0.728,132.012,4,dance,
Bruce Springsteen,Born In The U.S.A.,Born in the U.S.A.,278680,FALSE,0.398,0.952,9,-6.042,1,0.061,0.000373,7.75E-05,0.1,0.584,122.093,4,singer-songwriter,
Ozuna;Manuel Turizo,Aura,Vaina Loca,176133,FALSE,0.754,0.805,9,-4.249,1,0.0752,0.315,0,0.203,0.555,93.982,4,reggaeton,
J. Cole,2014 Forest Hills Drive,No Role Modelz,292799,TRUE,0.69,0.521,9,-8.492,0,0.339,0.324,0,0.0534,0.494,100.028,4,hip-hop,
Luniz;Michael Marshall,Operation Stackola,I Got 5 On It,253533,FALSE,0.6,0.706,9,-7.899,0,0.361,0.209,0,0.125,0.58,173.926,4,funk,
Katy Perry,Smile,Harleys In Hawaii,185480,FALSE,0.721,0.751,9,-6.203,0,0.125,0.162,6.59E-06,0.118,0.738,140.095,4,pop,
benny blanco;BTS;Snoop Dogg,Bad Decisions (with BTS & Snoop Dogg),Bad Decisions (with BTS & Snoop Dogg),172714,FALSE,0.762,0.861,9,-3.296,1,0.0955,0.0185,0,0.264,0.955,120.048,4,pop,
Jhayco;Bad Bunny,CÓMO SE SIENTE (Remix),CÓMO SE SIENTE - Remix,227520,TRUE,0.807,0.606,9,-8.871,0,0.088,0.0946,0,0.119,0.304,92.988,4,latino,
347aidan,TROUBLED MEMORIES!,MEMORIES!,137806,FALSE,0.835,0.381,9,-6.121,1,0.342,0.757,4.59E-06,0.121,0.31,154.973,4,sad,
Alesso;Zara Larsson,Words (feat. Zara Larsson),Words (feat. Zara Larsson),142677,FALSE,0.739,0.586,9,-5.079,0,0.0472,0.0245,0.000252,0.308,0.444,124.026,4,house,
Marshmello;CHVRCHES,Here With Me,Here With Me,156346,FALSE,0.791,0.565,9,-3.933,0,0.0439,0.0623,0,0.156,0.181,99.961,4,progressive-house,
Charlie Puth;Jung Kook;BTS,Left and Right (Feat. Jung Kook of BTS),Left and Right (Feat. Jung Kook of BTS),154486,FALSE,0.881,0.592,9,-4.898,1,0.0324,0.619,1.32E-05,0.0901,0.719,101.058,4,dance,
Alesso;Zara Larsson,Words (feat. Zara Larsson),Words (feat. Zara Larsson),142677,FALSE,0.739,0.586,9,-5.079,0,0.0472,0.0245,0.000252,0.308,0.444,124.026,4,electro,
Akhil Sachdeva;Mansheel Gujral,"Channa Ve (From ""Bhoot - Part One: The Haunted Ship"")",Channa Ve,211578,FALSE,0.676,0.696,9,-6.68,1,0.0452,0.666,0,0.0931,0.606,94.945,4,pop,
Green Day,American Idiot,Wake Me up When September Ends,285653,FALSE,0.546,0.814,9,-5.146,1,0.0314,0.023,0,0.0972,0.146,104.98,4,punk,
Jonas Blue;Why Don't We,Don’t Wake Me Up,Don’t Wake Me Up,188894,FALSE,0.621,0.747,9,-5.084,1,0.0337,0.222,0.000194,0.147,0.426,124.015,4,edm,
Bon Jovi,Cross Road,Always,353026,FALSE,0.383,0.659,9,-5.558,1,0.0312,0.117,0,0.0778,0.327,140.795,4,metal,
DJ Snake;Bipolar Sunshine,Encore,Middle,220573,FALSE,0.583,0.695,9,-5.336,1,0.0423,0.0141,0,0.0527,0.224,104.879,4,edm,
Jimmy Eat World,Bleed American,The Middle,165853,FALSE,0.643,0.849,9,-5.428,1,0.0526,0.0371,0,0.058,0.903,162.152,4,emo,
Katy Perry,Teenage Dream,The One That Got Away,227333,FALSE,0.691,0.795,9,-4.021,0,0.0355,0.000812,1.02E-06,0.156,0.876,133.971,4,dance,
Radiohead,Pablo Honey,Creep,238640,TRUE,0.515,0.43,9,-9.935,1,0.0372,0.0097,0.000133,0.129,0.104,91.844,4,indie,
Mike Posner;Gigamesh,31 Minutes to Takeoff,Cooler Than Me - Single Mix,213293,FALSE,0.768,0.82,9,-4.63,0,0.0474,0.179,0,0.689,0.625,129.965,4,edm,
Bee Gees,Greatest,How Deep Is Your Love,245200,FALSE,0.633,0.357,9,-9.366,0,0.0264,0.105,0,0.133,0.674,104.938,4,disco,
Anuel AA;Daddy Yankee;KAROL G;J Balvin;Ozuna,China,China,301714,FALSE,0.786,0.808,9,-3.702,1,0.0882,0.0846,0.000289,0.0822,0.609,105.027,4,reggae,
AC/DC,The Razors Edge,Thunderstruck,292880,FALSE,0.502,0.89,9,-5.175,1,0.0364,0.000147,0.0117,0.217,0.259,133.52,4,hard-rock,
Jasleen Royal;B Praak;Romy;Anvita Dutt,"Ranjha (From ""Shershaah"")","Ranjha (From ""Shershaah"")",228855,FALSE,0.603,0.573,9,-5.843,1,0.0502,0.478,0,0.0971,0.236,82.941,4,songwriter,
Jennifer Lopez;Pitbull,Love?,On The Floor,284866,FALSE,0.73,0.777,9,-5.194,0,0.0496,0.105,0.000478,0.0691,0.575,130,4,pop,
Doja Cat,Hot Pink,Say So,237893,TRUE,0.787,0.673,9,-4.583,0,0.159,0.264,3.35E-06,0.0904,0.779,110.962,4,dance,
Fall Out Boy,American Beauty/American Psycho,Centuries,228360,FALSE,0.393,0.858,9,-2.868,0,0.0729,0.00359,0,0.102,0.56,176.042,4,emo,
Rammstein,Sehnsucht,Du hast,234226,FALSE,0.64,0.922,9,-6.283,0,0.0385,0.00369,0.055,0.332,0.716,125.105,4,german,
The Offspring,Smash,Self Esteem,257826,FALSE,0.488,0.862,9,-7.595,1,0.0476,0.0204,0,0.359,0.706,104.56,4,punk-rock,
Bad Bunny;Jhayco,Un Verano Sin Ti,Tarot,237894,TRUE,0.795,0.684,9,-3.971,0,0.0419,0.0225,0,0.658,0.419,114.011,4,reggae,
Snow Patrol,Eyes Open,Chasing Cars,267960,FALSE,0.56,0.595,9,-4.53,1,0.0274,0.199,6.47E-05,0.132,0.144,104.011,4,rock,
MEDUZA;Goodboys,Piece Of Your Heart,Piece Of Your Heart,152913,FALSE,0.677,0.744,9,-6.806,0,0.0295,0.0404,0.00016,0.074,0.631,124.08,4,house,
The Red Jumpsuit Apparatus,Don't You Fake It,Face Down,192000,FALSE,0.545,0.932,9,-2.189,0,0.0399,0.000665,0,0.127,0.464,92.956,4,punk-rock,
Foo Fighters,The Colour And The Shape,My Hero,260026,FALSE,0.398,0.927,9,-4.212,1,0.0567,6.20E-05,0.000177,0.0575,0.311,77.106,4,metal,
Armani White,BILLIE EILISH.,BILLIE EILISH.,99282,TRUE,0.9,0.509,9,-6.647,1,0.257,0.115,1.67E-06,0.0937,0.765,100.007,4,indie,
Farruko,Pepas,Pepas,287120,TRUE,0.762,0.766,9,-3.955,1,0.0343,0.00776,6.98E-05,0.128,0.442,130.001,4,reggae,
Jeremy Zucker,"summer,",comethru,181613,FALSE,0.795,0.178,9,-11.991,1,0.0574,0.607,0,0.623,0.608,93.982,4,pop,
Rage Against The Machine,Rage Against The Machine - XX (20th Anniversary Special Edition),Killing In The Name,313573,TRUE,0.466,0.833,9,-4.215,1,0.304,0.0266,0,0.0327,0.661,88.785,4,metal,
Bad Bunny;Jhay Cortez,EL ÚLTIMO TOUR DEL MUNDO,DÁKITI,205090,TRUE,0.731,0.573,9,-10.059,0,0.0544,0.401,5.22E-05,0.113,0.145,109.928,4,latino,
Bad Bunny,Un Verano Sin Ti,Me Fui de Vacaciones,180929,FALSE,0.714,0.645,9,-5.493,1,0.0514,0.229,0.00083,0.0942,0.434,85.046,4,reggaeton,
Still Woozy,Goodie Bag,Goodie Bag,146390,TRUE,0.739,0.522,9,-12.304,0,0.151,0.821,0.00124,0.233,0.619,138.263,4,indie-pop,
Wallows;Clairo,Nothing Happens,Are You Bored Yet? (feat. Clairo),178000,FALSE,0.682,0.683,9,-6.444,0,0.0287,0.156,2.32E-05,0.273,0.64,120.023,4,indie,
Mora;Feid,MICRODOSIS,LA INOCENTE,202173,TRUE,0.757,0.789,9,-3.46,0,0.0583,0.307,0,0.0717,0.464,91.911,4,latino,
The Monkees,More of The Monkees (Deluxe Edition),I'm a Believer - 2006 Remaster,167373,FALSE,0.526,0.775,9,-6.05,1,0.0352,0.707,2.05E-05,0.217,0.962,80.106,4,singer-songwriter,
Ghost,[MESSAGE FROM THE CLERGY],Mary On A Cross,244804,FALSE,0.467,0.9,9,-4.505,1,0.0451,0.000187,0.000493,0.105,0.554,130.027,4,hard-rock,
Avicii,The Days / Nights,The Nights,176658,FALSE,0.527,0.835,9,-5.298,1,0.0433,0.0166,0,0.249,0.654,125.983,4,dance,
Evanescence,Fallen,Bring Me To Life,235893,FALSE,0.331,0.943,9,-3.188,0,0.0698,0.00721,2.06E-06,0.242,0.296,94.612,4,alternative,
Labrinth,Euphoria (Original Score from the HBO Series),When I R.I.P.,174567,TRUE,0.417,0.551,9,-6.456,0,0.174,0.73,0.00166,0.0907,0.444,87.614,4,indie-pop,
The Weeknd;Daft Punk,Starboy,Starboy,230453,TRUE,0.679,0.587,9,-7.015,1,0.276,0.141,6.35E-06,0.137,0.486,186.003,4,pop,
The Kid LAROI;Justin Bieber,STAY (with Justin Bieber),STAY (with Justin Bieber),141805,TRUE,0.591,0.764,9,-5.484,1,0.0483,0.0383,0,0.103,0.478,169.928,4,pop,
Bad Bunny,YHLQMDLG,Yo Perreo Sola,172127,FALSE,0.86,0.758,9,-5.16,1,0.0695,0.021,6.54E-05,0.344,0.453,97.014,4,reggaeton,
ITZY,CRAZY IN LOVE,LOCO,191462,FALSE,0.759,0.886,9,-3.067,1,0.187,0.0103,2.04E-05,0.342,0.489,102.065,4,k-pop,
The Walters,I Love You So,I Love You So,160239,FALSE,0.575,0.648,9,-4.891,1,0.0358,0.583,0,0.115,0.466,75.977,4,indie,
Kenny Loggins,"Yesterday, Today, Tomorrow - The Greatest Hits Of Kenny Loggins","Danger Zone - From ""Top Gun"" Original Soundtrack",215133,FALSE,0.544,0.897,9,-6.056,0,0.0471,0.241,0,0.13,0.647,157.17,4,rock,
Aimer,残響散歌,残響散歌,184893,FALSE,0.367,0.896,9,-4.002,1,0.091,0.000627,0,0.207,0.38,170.863,4,rock,
Doja Cat,Planet Her,Woman,172626,TRUE,0.824,0.764,9,-4.175,0,0.0854,0.0888,0.00294,0.117,0.881,107.998,4,pop,
Morgan Wallen,You Proof,You Proof,157477,FALSE,0.731,0.85,9,-4.913,1,0.0336,0.252,0,0.605,0.644,119.706,4,country,
Eric Prydz,Call on Me (Radio Mix),Call on Me - Radio Mix,171360,FALSE,0.597,0.837,9,-6.518,1,0.375,0.00427,0.00115,0.839,0.447,126.342,4,disco,
XXXTENTACION,?,the remedy for a broken heart (why am I so in love),160184,TRUE,0.699,0.304,9,-11.192,1,0.0993,0.779,0.000993,0.137,0.271,119.705,4,emo,
GAYLE,abcdefu,abcdefu,168601,TRUE,0.695,0.54,9,-5.692,1,0.0493,0.299,0,0.367,0.415,121.932,4,alternative,
Queen,Bohemian Rhapsody (The Original Soundtrack),Bohemian Rhapsody,354947,FALSE,0.39,0.397,9,-9.963,0,0.0513,0.287,0,0.207,0.246,144.031,4,rock,
Öwnboss;Sevek,Move Your Body,Move Your Body,157444,FALSE,0.848,0.821,9,-5.408,0,0.0527,0.0169,0.000403,0.0962,0.249,125.051,4,brazil,
Cheriimoya;Sierra Kidd,"Living Life, In The Night","Living Life, In The Night",122517,TRUE,0.624,0.499,9,-9.962,0,0.0495,0.82,0,0.12,0.298,143.249,4,sad,
One Direction,Made In The A.M. (Deluxe Edition),Drag Me Down,192120,FALSE,0.73,0.703,9,-5.672,0,0.0369,0.109,0,0.0657,0.595,138.113,4,pop,
Jubël;NEIMY,Dancing In The Moonlight (feat. NEIMY),Dancing In The Moonlight (feat. NEIMY),164009,FALSE,0.659,0.615,9,-5.865,0,0.0644,0.27,0,0.187,0.193,119.843,4,swedish,
Nirvana,Nevermind (Remastered),Smells Like Teen Spirit,301920,FALSE,0.502,0.912,9,-4.556,1,0.0564,2.55E-05,0.000173,0.106,0.72,116.761,4,rock,
The Offspring,"Rise And Fall, Rage And Grace","You're Gonna Go Far, Kid",177826,TRUE,0.55,0.917,9,-3.159,1,0.0638,0.00428,0,0.197,0.601,126.115,4,alt-rock,
Europe,The Final Countdown (Expanded Edition),The Final Countdown,310333,FALSE,0.529,0.843,9,-6.908,0,0.0616,0.0628,0.000827,0.0608,0.188,117.662,4,metal,
Marshmello;Demi Lovato,OK Not To Be OK,OK Not To Be OK,159862,FALSE,0.743,0.837,9,-5.025,0,0.0649,0.0172,0,0.0743,0.263,103.072,4,house,
Evanescence,Fallen,Bring Me To Life,235893,FALSE,0.331,0.943,9,-3.188,0,0.0698,0.00721,2.06E-06,0.242,0.296,94.612,4,metal,
James Hype;Miggy Dela Rosa;Lazza,Ferrari (Remix),Ferrari - Remix,172000,FALSE,0.818,0.728,9,-5.705,0,0.0724,0.0985,0,0.0917,0.597,124.974,4,groove,
Bee Gees,How Can You Mend A Broken Heart,"How Deep Is Your Love - From ""Saturday Night Fever"" Soundtrack",241093,FALSE,0.594,0.5,9,-5.586,0,0.0255,0.076,9.86E-05,0.184,0.537,104.996,4,disco,
Far East Movement;The Cataracs;DEV,Free Wired,Like A G6,216893,FALSE,0.435,0.837,9,-8.126,1,0.449,0.00676,0,0.117,0.778,124.913,4,edm,
Ellie Goulding,Delirium (Deluxe),"Love Me Like You Do - From ""Fifty Shades Of Grey""",252534,FALSE,0.262,0.606,9,-6.646,1,0.0484,0.247,0,0.125,0.275,189.857,4,dance,
Stephen Sanchez,Easy On My Eyes,Until I Found You,176666,FALSE,0.346,0.5,9,-6.097,1,0.0388,0.757,0,0.189,0.191,202.466,3,singer-songwriter,
Anirudh Ravichander;Anthony Daasan,"Dippam Dappam (From ""Kaathuvaakula Rendu Kaadhal"")","Dippam Dappam (From ""Kaathuvaakula Rendu Kaadhal"")",209032,FALSE,0.827,0.717,9,-7.755,0,0.111,0.0908,0.000523,0.0511,0.772,123.987,4,hip-hop,
Anne-Marie,Speak Your Mind (Deluxe),2002,186986,FALSE,0.697,0.683,9,-2.881,0,0.117,0.0372,0,0.137,0.603,96.133,4,pop,
Bad Bunny;Chencho Corleone,Un Verano Sin Ti,Me Porto Bonito,178567,TRUE,0.911,0.712,9,-5.105,0,0.0817,0.0901,2.68E-05,0.0933,0.425,92.005,4,latino,
Guns N' Roses,Appetite For Destruction,Welcome To The Jungle,272026,TRUE,0.447,0.954,9,-8.069,1,0.0751,0.0235,0.403,0.298,0.331,123.453,4,metal,
Mora;Sech,MICRODOSIS,TUS LÁGRIMAS,174482,TRUE,0.683,0.714,9,-4.898,1,0.252,0.181,1.00E-06,0.111,0.448,173.963,4,latino,
Imagine Dragons;JID;Arcane;League of Legends,Enemy (with JID) [from the series Arcane League of Legends],Enemy (with JID) - from the series Arcane League of Legends,173381,FALSE,0.728,0.783,9,-4.424,0,0.266,0.237,0,0.434,0.555,77.011,4,rock,
Owl City,Ocean Eyes,Fireflies,228346,FALSE,0.512,0.662,9,-6.797,1,0.0439,0.0275,0,0.118,0.472,180.114,4,rock,
Blue Öyster Cult,Agents Of Fortune,(Don't Fear) The Reaper,308120,FALSE,0.333,0.927,9,-8.55,0,0.0733,0.0029,0.000208,0.297,0.385,141.466,4,metal,
Chris Brown,Under The Influence,Under The Influence (Body Language),148750,TRUE,0.62,0.62,9,-6.322,0,0.0375,0.0388,0.000213,0.129,0.459,144.835,4,pop,
Bruno Mars,Doo-Wops & Hooligans,Talking to the Moon,217866,FALSE,0.498,0.59,9,-4.721,0,0.032,0.511,0,0.107,0.0784,145.867,4,pop,
Olivia Rodrigo,SOUR,good 4 u,178146,TRUE,0.563,0.664,9,-5.044,1,0.154,0.335,0,0.0849,0.688,166.928,4,pop,
Darius Rucker,True Believers,Wagon Wheel,298373,FALSE,0.537,0.66,9,-7.174,1,0.0296,0.455,0,0.135,0.574,148.096,4,country,
Rvssian;Rauw Alejandro;Chris Brown,Nostálgico,Nostálgico,209883,TRUE,0.734,0.846,9,-3.425,0,0.0489,0.166,1.74E-06,0.235,0.604,98.026,4,reggaeton,
Clean Bandit;Zara Larsson,Symphony (feat. Zara Larsson),Symphony (feat. Zara Larsson),212459,FALSE,0.707,0.629,9,-4.581,0,0.0563,0.259,1.60E-05,0.138,0.457,122.863,4,funk,
Ankit Tiwari;Manoj Muntashir,"Galliyan Returns (From ""Ek Villain Returns"")","Galliyan Returns (From ""Ek Villain Returns"")",350011,FALSE,0.43,0.612,9,-5.534,0,0.0392,0.432,2.29E-06,0.0955,0.241,85.959,4,pop-film,
Kygo;Selena Gomez,It Ain't Me (with Selena Gomez),It Ain't Me (with Selena Gomez),220780,FALSE,0.64,0.533,9,-6.596,1,0.0706,0.119,0,0.0864,0.515,99.968,4,dance,
Avicii,TRUE,Wake Me Up,247426,FALSE,0.532,0.783,9,-5.697,1,0.0523,0.0038,0.0012,0.161,0.643,124.08,4,dance,
TWICE,Formula of Love: O+T=<3,The Feels,198053,FALSE,0.808,0.903,9,-2.179,1,0.0729,0.0899,0,0.0816,0.922,120.044,4,k-pop,
Rvfv;Duki,Pantera,Pantera,181333,TRUE,0.817,0.64,9,-4.397,0,0.1,0.254,0,0.197,0.398,90.011,4,latino,
KAROL G;Nicki Minaj,Tusa,Tusa,200960,FALSE,0.803,0.715,9,-3.28,1,0.298,0.295,0.000134,0.0574,0.574,101.085,4,reggae,
Bad Bunny,Yonaguni,Yonaguni,206710,TRUE,0.644,0.648,9,-4.601,1,0.118,0.276,0,0.135,0.44,179.951,4,reggaeton,
ENHYPEN,BORDER : CARNIVAL,Drunk-Dazed,193260,FALSE,0.599,0.869,9,-5.174,0,0.0618,0.000707,0,0.0911,0.453,132.889,4,anime,
Bad Bunny;The Marías,Un Verano Sin Ti,Otro Atardecer,244444,FALSE,0.777,0.595,9,-6.79,1,0.0375,0.59,0.00139,0.0669,0.546,108.02,4,latino,
5 Seconds of Summer,Youngblood (Deluxe),Youngblood,203417,FALSE,0.596,0.854,9,-5.114,0,0.463,0.0169,0,0.124,0.152,120.274,4,dance,
Halsey,Without Me,Without Me,201660,TRUE,0.752,0.488,9,-7.05,1,0.0705,0.297,9.11E-06,0.0936,0.533,136.041,4,dance,
Norah Jones,Come Away With Me (Super Deluxe Edition),Don't Know Why,186251,FALSE,0.745,0.219,9,-11.216,1,0.0276,0.851,1.80E-05,0.0678,0.635,88.609,4,jazz,
Jack Harlow;Drake,Come Home The Kids Miss You,Churchill Downs (feat. Drake),309327,TRUE,0.71,0.522,9,-9.102,1,0.36,0.615,0,0.11,0.37,96.448,4,k-pop,
King,The Carnival,Tu Aake Dekhle,270000,FALSE,0.77,0.84,9,-4.022,1,0.107,0.515,0.00452,0.145,0.192,96.012,4,pop,
Alok;Ella Eyre;Kenny Dope;Never Dull,Deep Down (feat. Never Dull),Deep Down (feat. Never Dull),165752,FALSE,0.687,0.818,9,-4.221,1,0.0778,0.0112,0,0.248,0.886,125.952,4,house,
Halsey,hopeless fountain kingdom (Deluxe),Walls Could Talk,101789,TRUE,0.626,0.423,9,-6.035,1,0.0513,0.128,0,0.18,0.571,95.162,4,dance,
Feid,Normal,Normal,171986,TRUE,0.712,0.557,9,-4.861,0,0.115,0.0397,0,0.27,0.594,170.079,4,latino,
Elton John,Honky Chateau,"Rocket Man (I Think It's Going To Be A Long, Long Time)",281613,FALSE,0.601,0.532,9,-9.119,1,0.0286,0.432,6.25E-06,0.0925,0.341,136.571,4,piano,
Elvis Presley,From Elvis in Memphis,Suspicious Minds,261279,FALSE,0.487,0.382,9,-10.889,1,0.0309,0.0422,4.74E-06,0.411,0.714,116.557,4,rock-n-roll,
ZZ Top,Tres Hombres (Expanded 2006 Remaster),La Grange - 2005 Remaster,230480,FALSE,0.545,0.64,9,-9.937,0,0.224,0.00249,0.0304,0.196,0.606,80.544,4,country,
DJ Snake;Justin Bieber,Encore,Let Me Love You,205946,FALSE,0.649,0.716,9,-5.371,1,0.0349,0.0863,2.63E-05,0.135,0.163,99.988,4,electronic,
benny blanco;Halsey;Khalid,FRIENDS KEEP SECRETS,Eastside (with Halsey & Khalid),170769,FALSE,0.632,0.686,9,-7.665,0,0.243,0.549,0,0.2,0.329,89.949,4,electro,
BØRNS,Dopamine,Electric Love,218106,FALSE,0.611,0.797,9,-7.627,0,0.0533,0.00543,0.00137,0.26,0.518,120.041,4,rock,
Zedd;Foxes,Clarity,Clarity,271426,FALSE,0.509,0.781,9,-3.48,1,0.072,0.0398,0,0.0749,0.176,128,4,house,
Arctic Monkeys,AM,I Wanna Be Yours,183956,FALSE,0.464,0.417,9,-9.345,0,0.0256,0.136,0.022,0.0974,0.479,67.528,4,garage,
OneRepublic,"I Ain’t Worried (Music From The Motion Picture ""Top Gun: Maverick"")",I Ain't Worried,148485,FALSE,0.704,0.797,9,-5.927,1,0.0475,0.0826,0.000745,0.0546,0.825,139.994,4,pop,
George Ezra,Wanted on Voyage (Expanded Edition),Budapest,200733,FALSE,0.717,0.455,9,-8.303,1,0.0276,0.0846,0,0.11,0.389,127.812,4,folk,
3 Doors Down,Away From The Sun,Here Without You,238733,FALSE,0.557,0.533,9,-6.817,0,0.0252,0.0492,0,0.205,0.233,143.994,4,alt-rock,
grandson,Blood // Water,Blood // Water,216720,FALSE,0.51,0.882,9,-5.659,0,0.159,0.00158,0.00206,0.0764,0.653,154.029,4,rock,
Ariana Grande,Sweetener,God is a woman,197546,TRUE,0.602,0.658,9,-5.934,1,0.0558,0.0233,6.00E-05,0.237,0.268,145.031,4,dance,
Martin Garrix;Bebe Rexha,In the Name of Love,In the Name of Love,195706,FALSE,0.501,0.519,9,-5.88,0,0.0409,0.109,0,0.454,0.168,133.99,4,dance,
Luar La L,L3tra,Caile,141340,TRUE,0.704,0.756,9,-4.948,1,0.448,0.298,3.75E-06,0.0852,0.461,121.737,3,reggae,
ENHYPEN,DIMENSION : ANSWER,Polaroid Love,184601,FALSE,0.738,0.67,9,-3.766,0,0.0439,0.458,0,0.361,0.651,138.055,4,anime,
Ashe,Ashlyn,Moral of the Story,201016,TRUE,0.569,0.403,9,-8.618,1,0.0439,0.593,4.49E-06,0.102,0.269,119.819,4,electro,
SEKAI NO OWARI,Habit,Habit,253153,FALSE,0.749,0.85,9,-5.39,0,0.126,0.203,0,0.18,0.912,117.968,4,anime,
BLACKPINK,BORN PINK,Shut Down,175889,FALSE,0.813,0.657,9,-6.447,1,0.0372,0.00269,0,0.183,0.651,110.053,3,pop,
Hombres G,Hombres G (Edición 30 Aniversario),Devuélveme a mi chica,194866,FALSE,0.603,0.843,9,-7.597,0,0.0557,0.0031,0.0337,0.445,0.503,172.676,4,spanish,
XXXTENTACION,Look At Me!,Look At Me!,126345,TRUE,0.763,0.726,9,-6.405,1,0.282,0.259,0,0.0976,0.349,139.059,4,emo,
Lil Nas X,MONTERO,THATS WHAT I WANT,143901,TRUE,0.737,0.846,9,-4.51,0,0.22,0.00614,0,0.0486,0.546,87.981,4,hip-hop,
R.E.M.,Out Of Time (25th Anniversary Edition),Losing My Religion,268426,FALSE,0.666,0.855,9,-5.051,0,0.0295,0.179,1.20E-06,0.0987,0.803,125.639,4,indie,
Amy Winehouse,Back To Black (Deluxe Edition),Back To Black,241293,TRUE,0.403,0.422,9,-13.964,0,0.0373,0.134,2.05E-05,0.0861,0.378,122.728,4,british,
Elle King;Miranda Lambert,Drunk (And I Don't Wanna Go Home),Drunk (And I Don't Wanna Go Home),245625,FALSE,0.612,0.884,9,-4.4,1,0.0459,0.00516,0,0.0997,0.626,119.991,4,blues,
Doja Cat,Vegas (From the Original Motion Picture Soundtrack ELVIS),Vegas (From the Original Motion Picture Soundtrack ELVIS),182906,TRUE,0.801,0.601,9,-7.574,0,0.255,0.0777,3.23E-05,0.145,0.74,159.969,4,dance,
Leona Lewis,Spirit,Bleeding Love,262466,FALSE,0.638,0.656,9,-5.886,1,0.0357,0.188,0,0.146,0.225,104.036,4,british,
The Rolling Stones,Let It Bleed,Gimme Shelter,270773,FALSE,0.634,0.63,9,-8.277,0,0.031,0.447,0.039,0.17,0.489,118.628,4,british,
Travis Scott,ASTROWORLD,YOSEMITE,150043,TRUE,0.785,0.554,9,-6.571,1,0.0409,0.283,3.40E-06,0.116,0.144,128.047,4,house,
Danzig,Danzig,Mother,204866,TRUE,0.365,0.763,9,-9.45,0,0.0591,0.00726,0.000457,0.0865,0.342,148.366,4,metal,
MEDUZA;Alok;Goodboys,Piece Of Your Heart (Alok Remix),Piece Of Your Heart - Alok Remix,166451,FALSE,0.797,0.86,10,-4.38,0,0.0413,0.0312,0.0137,0.334,0.192,124.033,4,house,
Ellie Goulding,Delirium (Deluxe),"Love Me Like You Do - From ""Fifty Shades Of Grey""",252534,FALSE,0.262,0.606,10,-6.646,1,0.0484,0.247,0,0.125,0.275,189.857,4,pop,
Her's,Songs of Her's,What Once Was,255067,FALSE,0.526,0.877,10,-4.369,0,0.033,0.172,0.0108,0.223,0.436,145.568,3,indie-pop,
girl in red,October Passed Me By,October Passed Me By,165746,FALSE,0.445,0.367,10,-13.086,1,0.0452,0.761,0.075,0.0987,0.202,155.675,4,indie-pop,
Wallows;Clairo,Nothing Happens,Are You Bored Yet? (feat. Clairo),178000,FALSE,0.682,0.683,10,-6.444,0,0.0287,0.156,2.32E-05,0.273,0.64,120.023,4,rock,
ITZY,CHECKMATE,SNEAKERS,179453,FALSE,0.935,0.849,10,-3.047,1,0.0779,0.0192,0,0.0223,0.551,119.986,4,k-pop,
OneRepublic,Run,Run,169010,FALSE,0.682,0.72,10,-8.173,0,0.0381,0.326,0,0.148,0.673,117.003,4,rock,
BLACKPINK,BORN PINK,Typa Girl,179172,TRUE,0.918,0.585,10,-7.781,1,0.0889,0.0627,0,0.624,0.519,131.966,4,pop,
Falling In Reverse,Popular Monster,Popular Monster,220537,TRUE,0.461,0.897,10,-3.982,0,0.092,0.00821,0,0.0965,0.358,165.107,4,punk-rock,
Avicii,TRUE,Hey Brother,255093,FALSE,0.545,0.78,10,-4.867,0,0.0436,0.0309,4.64E-05,0.0828,0.458,125.014,4,edm,
grandson,Blood // Water,Blood // Water,216720,FALSE,0.51,0.882,10,-5.659,0,0.159,0.00158,0.00206,0.0764,0.653,154.029,4,alternative,
Elvis Presley,Blue Hawaii,Can't Help Falling in Love,182360,FALSE,0.396,0.293,10,-14.062,1,0.0275,0.941,0.000196,0.105,0.343,100.307,3,rock,
Tiësto;KAROL G,Don't Be Shy,Don't Be Shy,140500,TRUE,0.77,0.787,10,-3.748,0,0.0583,0.198,0,0.262,0.513,119.986,4,trance,
Guns N' Roses,Appetite For Destruction,Sweet Child O' Mine,356066,TRUE,0.446,0.952,10,-5.321,1,0.0523,0.0901,0.0857,0.112,0.624,125.303,4,hard-rock,
Pearl Jam,Ten,Even Flow,292580,FALSE,0.394,0.944,10,-6.506,0,0.0761,0.00178,4.54E-06,0.298,0.265,105.338,4,alt-rock,
The Chainsmokers;Halsey,Closer,Closer,244960,FALSE,0.748,0.524,10,-5.599,1,0.0338,0.414,0,0.111,0.661,95.01,4,house,
Gabry Ponte;LUM!X;Prezioso,Thunder,Thunder,160000,FALSE,0.67,0.896,10,-4.673,1,0.058,0.0342,3.21E-05,0.344,0.403,101.216,3,edm,
Burna Boy,Last Last,Last Last,172342,FALSE,0.795,0.565,10,-4.457,0,0.0948,0.131,0,0.0802,0.55,87.925,4,dancehall,
Arctic Monkeys,AM,Arabella,207356,FALSE,0.579,0.558,10,-6.986,1,0.0895,0.0202,1.26E-06,0.212,0.506,179.949,4,garage,
Bruno Mars,Doo-Wops & Hooligans,Talking to the Moon,217866,FALSE,0.498,0.59,10,-4.721,0,0.032,0.511,0,0.107,0.0784,145.867,4,dance,
Mother Mother,Inside (Deluxe),Hayloft II,215040,FALSE,0.326,0.866,10,-4.541,0,0.101,0.0044,7.37E-06,0.0912,0.172,178.181,4,indie,
American Authors,"Oh, What A Life",Best Day Of My Life,194240,FALSE,0.673,0.902,10,-2.392,1,0.0346,0.0591,0.000262,0.0558,0.538,100.012,4,rock,
Imagine Dragons,Night Visions,On Top Of The World,192280,FALSE,0.631,0.924,10,-5.589,1,0.146,0.0841,3.59E-06,0.084,0.755,100.045,4,rock,
The Smiths,The Queen Is Dead,There Is a Light That Never Goes Out - 2011 Remaster,244586,FALSE,0.523,0.769,10,-5.855,1,0.0269,0.04,0,0.136,0.876,136.162,4,punk,
Jason Mraz,We Sing. We Dance. We Steal Things.,I'm Yours,242946,FALSE,0.703,0.444,10,-9.331,1,0.0417,0.559,0,0.0973,0.712,150.96,4,rock,
Marshmello;Khalid,Silence,Silence,180822,FALSE,0.52,0.761,10,-3.093,1,0.0853,0.256,4.96E-06,0.17,0.286,141.971,4,progressive-house,
Duncan Laurence,Arcade,Arcade,183624,FALSE,0.45,0.329,10,-12.603,0,0.0441,0.818,0.00109,0.135,0.266,71.884,3,pop,
Lewis Capaldi,Divinely Uninspired To A Hellish Extent,Someone You Loved,182160,FALSE,0.501,0.405,10,-5.679,1,0.0319,0.751,0,0.105,0.446,109.891,4,pop,
My Chemical Romance,The Black Parade,Teenagers,161920,FALSE,0.463,0.857,10,-3.063,1,0.0632,0.0506,0,0.184,0.856,111.647,4,emo,
Aerosmith,Aerosmith,Dream On,266960,FALSE,0.307,0.433,10,-10.057,1,0.029,0.388,9.08E-05,0.332,0.224,160.9,4,hard-rock,
David Guetta;Becky Hill;Ella Henderson,Crazy What Love Can Do,Crazy What Love Can Do,169756,FALSE,0.601,0.713,10,-3.758,0,0.0449,0.0282,0,0.158,0.464,122.872,4,edm,
Shawn Mendes;Camila Cabello,Señorita,Señorita,190960,FALSE,0.759,0.54,10,-6.039,0,0.0287,0.037,0,0.0945,0.75,116.947,4,dance,
Wallows,Nothing Happens,Remember When,155146,FALSE,0.504,0.708,10,-5.896,0,0.0343,0.00112,0.000424,0.788,0.51,82.009,4,indie-pop,
My Chemical Romance,Three Cheers for Sweet Revenge,Helena,204733,FALSE,0.356,0.96,10,-3.487,1,0.104,0.0142,0,0.209,0.0857,125.921,4,punk,
Marshmello;Khalid,Numb,Numb,155588,FALSE,0.912,0.774,10,-4.673,0,0.0455,0.121,0.0127,0.101,0.632,119.966,4,edm,
Panic! At The Disco,Death of a Bachelor,House of Memories,208706,FALSE,0.506,0.817,10,-5.051,0,0.0335,0.00272,0,0.0486,0.506,109.952,4,rock,
MARINA,Electra Heart (Deluxe),Primadonna,221075,FALSE,0.66,0.689,10,-2.671,0,0.0337,0.0884,0,0.0922,0.427,127.98,4,alternative,
Linkin Park,Hybrid Theory (Bonus Edition),One Step Closer,157333,FALSE,0.492,0.969,10,-4.419,1,0.0491,0.0014,1.32E-06,0.0787,0.538,95.136,4,grunge,
Hailee Steinfeld;Alesso;Florida Georgia Line;WATT,"Let Me Go (with Alesso, Florida Georgia Line & watt)","Let Me Go (with Alesso, Florida Georgia Line & watt)",174800,FALSE,0.664,0.708,10,-4.154,1,0.0474,0.0337,0,0.0841,0.742,103.07,4,dance,
Billie Eilish;Khalid,lovely (with Khalid),lovely (with Khalid),200185,FALSE,0.351,0.296,10,-10.109,0,0.0333,0.934,0,0.095,0.12,115.284,4,pop,
Billie Eilish,"WHEN WE ALL FALL ASLEEP, WHERE DO WE GO?",bad guy,194087,FALSE,0.701,0.425,10,-10.965,1,0.375,0.328,0.13,0.1,0.562,135.128,4,electro,
Alec Benjamin,Narrated For You,If We Have Each Other,181522,FALSE,0.656,0.577,10,-5.566,0,0.0802,0.698,0,0.296,0.861,173.094,4,electro,
Bastille,Bad Blood,Pompeii,214147,FALSE,0.679,0.715,10,-6.383,1,0.0407,0.0755,0,0.271,0.571,127.435,4,rock,
K.Flay,Every Where Is Some Where,High Enough,231600,FALSE,0.606,0.62,10,-5.005,1,0.0298,0.0301,0.0916,0.167,0.543,88.984,4,rock,
Otis Redding,The Dock of the Bay (Mono),(Sittin' On) the Dock of the Bay,163755,FALSE,0.769,0.367,10,-11.226,1,0.0312,0.684,1.62E-05,0.081,0.535,103.621,4,blues,
The Offspring,Americana,The Kids Aren't Alright,180160,FALSE,0.523,0.943,10,-4.203,1,0.0337,0.00704,3.81E-05,0.0579,0.766,99.607,4,metal,
MGMT,Oracular Spectacular,Electric Feel,229640,FALSE,0.763,0.803,10,-3.713,1,0.0351,0.0709,0.285,0.348,0.561,103.04,3,alternative,
The Chainsmokers,So Far So Good,High,175163,TRUE,0.601,0.787,10,-6.178,1,0.031,0.0492,0,0.142,0.525,134.981,4,dance,
Måneskin,Teatro d'ira - Vol. I,I WANNA BE YOUR SLAVE,173346,TRUE,0.75,0.608,10,-4.008,1,0.0387,0.00165,0,0.178,0.958,132.507,4,indie,
Dolly Parton,9 To 5 And Odd Jobs,9 to 5,162466,FALSE,0.554,0.783,10,-5.852,1,0.0457,0.416,1.54E-06,0.631,0.813,105.39,4,country,
X Ambassadors,VHS,Renegades,195200,FALSE,0.526,0.862,10,-6.003,1,0.0905,0.0144,0.0597,0.229,0.528,90.052,4,alternative,
Red Hot Chili Peppers,Stadium Arcadium,Snow (Hey Oh),334666,FALSE,0.427,0.9,10,-3.674,1,0.0499,0.116,1.75E-05,0.119,0.599,104.655,4,rock,
Talking Heads,Talking Heads '77 (Deluxe Version),Psycho Killer - 2005 Remaster,261413,FALSE,0.721,0.521,10,-8.123,1,0.0613,0.0708,0.00545,0.127,0.942,123.118,4,punk-rock,
2Pac;Big Syke,All Eyez On Me,All Eyez On Me (ft. Big Syke),307773,TRUE,0.872,0.723,10,-5.968,1,0.247,0.0293,0,0.327,0.843,93.279,4,funk,
Ellie Goulding;Juice WRLD,Hate Me (with Juice WRLD),Hate Me (with Juice WRLD),186223,FALSE,0.657,0.768,10,-4.628,1,0.0507,0.108,0,0.144,0.759,75.025,4,indie-pop,
Bazzi,COSMIC,Fantasy,148229,TRUE,0.699,0.668,10,-4.272,0,0.0336,0.154,3.20E-06,0.362,0.314,144.105,4,dance,
Marshmello;Khalid,Silence,Silence,180822,FALSE,0.52,0.761,10,-3.093,1,0.0853,0.256,4.96E-06,0.17,0.286,141.971,4,electro,
Bad Bunny;Jhayco,DÁKITI,DÁKITI,205090,TRUE,0.731,0.573,10,-10.059,0,0.0544,0.401,5.22E-05,0.113,0.145,109.928,4,latino,
Daddy Yankee;Bad Bunny,LEGENDADDY,X ÚLTIMA VEZ,192477,TRUE,0.812,0.855,10,-3.725,1,0.0554,0.0789,0.000167,0.108,0.573,90.04,4,reggaeton,
Daddy Yankee;Snow,Con Calma,Con Calma,193226,FALSE,0.737,0.86,10,-2.652,0,0.0593,0.11,1.94E-06,0.0574,0.656,93.989,4,latin,
back number,水平線,水平線,285396,FALSE,0.419,0.75,10,-3.546,1,0.0316,0.011,0,0.159,0.436,145.867,4,j-rock,
Berlin,Top Gun - Motion Picture Soundtrack (Special Expanded Edition),"Take My Breath Away - Love Theme from ""Top Gun""",255733,FALSE,0.497,0.719,10,-9.397,1,0.0266,0.0613,0,0.411,0.547,95.769,4,synth-pop,
Alesso;Katy Perry,When I’m Gone (with Katy Perry),When I’m Gone (with Katy Perry),161266,FALSE,0.685,0.886,10,-4.179,1,0.034,0.028,0,0.481,0.615,125.034,4,electro,
Kygo;Selena Gomez,It Ain't Me (with Selena Gomez),It Ain't Me (with Selena Gomez),220780,FALSE,0.64,0.533,10,-6.596,1,0.0706,0.119,0,0.0864,0.515,99.968,4,edm,
Selena Gomez;Rauw Alejandro,Revelación - EP,Baila Conmigo (with Rauw Alejandro),186087,FALSE,0.823,0.544,10,-7.132,1,0.0715,0.0215,0.00315,0.0966,0.664,149.903,4,dance,
Bruno Mars,Doo-Wops & Hooligans,Just the Way You Are,220734,FALSE,0.635,0.841,10,-5.379,1,0.0422,0.0134,0,0.0622,0.424,109.021,4,dance,
Maluma,Junio,Junio,168601,FALSE,0.85,0.756,10,-3.439,0,0.0407,0.0999,0,0.0873,0.896,120.024,4,reggae,
Daddy Yankee,LEGENDADDY,RUMBATÓN,248768,FALSE,0.685,0.909,10,-4.034,0,0.0396,0.0471,0,0.35,0.922,95.004,4,latino,
John Legend,Love In The Future (Expanded Edition),All of Me,269560,FALSE,0.422,0.264,10,-7.064,1,0.0322,0.922,0,0.132,0.331,119.93,4,soul,
Arctic Monkeys,AM,Do I Wanna Know?,272394,FALSE,0.548,0.532,10,-7.596,1,0.0323,0.186,0.000263,0.217,0.405,85.03,4,rock,
Ice Cube,Lethal Injection,You Know How We Do It,232773,TRUE,0.747,0.52,10,-10.523,0,0.0357,0.0977,0.0537,0.142,0.601,92.869,4,funk,
Lauren Daigle,Look Up Child,You Say,274693,FALSE,0.494,0.632,10,-6.89,1,0.0342,0.682,0,0.0869,0.0797,147.873,4,alternative,
Felix Jaehn;Ray Dalton,Call It Love,Call It Love,154560,FALSE,0.616,0.841,10,-4.779,0,0.076,0.0559,0.00217,0.417,0.714,110.029,4,house,
blink-182,Enema Of The State,All The Small Things,167066,FALSE,0.434,0.897,10,-4.918,1,0.0488,0.0103,0,0.612,0.684,148.726,4,punk-rock,
Adele,Easy On Me,Easy On Me,224694,FALSE,0.604,0.366,10,-7.519,1,0.0282,0.578,0,0.133,0.13,141.981,4,soul,
Kate Bush,Hounds of Love (2018 Remaster),Running Up That Hill (A Deal With God) - 2018 Remaster,300840,FALSE,0.625,0.533,10,-11.903,0,0.0596,0.659,0.00266,0.0546,0.139,108.296,4,piano,
The Beatles,Abbey Road (Remastered),Come Together - Remastered 2009,259946,FALSE,0.533,0.376,10,-11.913,0,0.0393,0.0302,0.248,0.0926,0.187,165.007,4,british,
Arctic Monkeys,AM,Arabella,207356,FALSE,0.579,0.558,10,-6.986,1,0.0895,0.0202,1.26E-06,0.212,0.506,179.949,4,indie,
KAROL G,PROVENZA,PROVENZA,210200,FALSE,0.87,0.516,10,-8.006,1,0.0541,0.656,0.00823,0.11,0.53,111.005,4,reggaeton,
Kygo;Gryffin;Calum Scott,Woke Up in Love,Woke Up in Love,216873,FALSE,0.643,0.585,10,-5.994,1,0.0369,0.225,0,0.0927,0.188,106.015,4,edm,
Three Days Grace,One-X,Animal I Have Become,231400,FALSE,0.553,0.853,10,-3.668,1,0.0339,0.000684,0,0.126,0.506,122.023,4,metal,
Linkin Park,Meteora,Numb,185586,FALSE,0.496,0.863,10,-4.153,1,0.0381,0.0046,0,0.639,0.243,110.018,4,grunge,
Doja Cat;The Weeknd,Planet Her,You Right,186173,TRUE,0.828,0.621,10,-6.414,1,0.0565,0.0164,0.00233,0.0845,0.436,128.986,4,pop,
Queen,A Night At The Opera (2011 Remaster),Bohemian Rhapsody - Remastered 2011,354320,FALSE,0.414,0.404,10,-9.928,0,0.0499,0.271,0,0.3,0.224,71.105,4,rock,
Justin Bieber;Ludacris,My World 2.0,Baby,214240,FALSE,0.728,0.859,10,-5.237,0,0.137,0.0401,0,0.111,0.535,65.043,4,pop,
XXXTENTACION,Look At Me!,Look At Me!,126345,TRUE,0.763,0.726,10,-6.405,1,0.282,0.259,0,0.0976,0.349,139.059,4,hip-hop,
Train,"Save Me, San Francisco (Golden Gate Edition)","Hey, Soul Sister",216773,FALSE,0.673,0.886,10,-4.44,0,0.0431,0.185,0,0.0826,0.795,97.012,4,rock,
OneRepublic,Human (Deluxe),Run,168259,FALSE,0.682,0.72,10,-8.176,0,0.0382,0.321,0,0.205,0.649,116.988,4,rock,
Charlie Puth,CHARLIE,Loser,204376,FALSE,0.698,0.623,10,-7.845,0,0.037,0.623,0.0856,0.179,0.625,102.002,4,dance,
Regard,Ride It,Ride It,157605,FALSE,0.88,0.751,10,-4.258,0,0.0874,0.177,6.43E-05,0.106,0.884,117.948,4,electro,
Two Feet,Love Is a Bitch,Love Is a Bitch,181466,TRUE,0.532,0.178,10,-9.754,0,0.0541,0.614,0.14,0.0985,0.103,149.879,3,indie,
Kane Brown;Swae Lee;Khalid,Be Like That (feat. Swae Lee & Khalid),Be Like That - feat. Swae Lee & Khalid,191406,FALSE,0.727,0.626,10,-8.415,1,0.0726,0.0469,2.58E-05,0.126,0.322,86.97,4,country,
Rob Zombie,Hellbilly Deluxe,Dragula,222826,FALSE,0.591,0.963,10,-6.489,0,0.0531,8.74E-05,0.000107,0.0781,0.609,125.03,4,metal,
Halsey,hopeless fountain kingdom (Deluxe),Walls Could Talk,101789,TRUE,0.626,0.423,10,-6.035,1,0.0513,0.128,0,0.18,0.571,95.162,4,indie-pop,
Slipknot,Vol. 3: The Subliminal Verses,Duality,252613,FALSE,0.354,0.982,10,-3.026,0,0.168,0.000237,0.000294,0.204,0.194,143.772,4,metal,
OneRepublic,Native,Counting Stars,257839,FALSE,0.664,0.705,10,-4.972,0,0.0382,0.0654,0,0.115,0.477,122.017,4,piano,
J Balvin;Bad Bunny,OASIS,QUE PRETENDES,222346,FALSE,0.639,0.791,10,-4.443,0,0.253,0.0275,0,0.362,0.939,92.603,4,latino,
Sebastian Yatra,Dharma,Tacones Rojos,189333,FALSE,0.746,0.844,10,-3.499,0,0.0359,0.062,0,0.149,0.934,123.014,4,reggaeton,
Avicii,TRUE,Wake Me Up,247426,FALSE,0.532,0.783,10,-5.697,1,0.0523,0.0038,0.0012,0.161,0.643,124.08,4,edm,
Audioslave,Audioslave,Like a Stone,293960,FALSE,0.614,0.568,10,-5.477,0,0.0276,0.00797,0,0.0997,0.516,107.849,4,grunge,
Labrinth,Imagination & the Misfit Kid,Mount Everest,157497,TRUE,0.494,0.428,10,-7.239,0,0.205,0.236,0.0698,0.0816,0.44,87.724,4,indie-pop,
Metro Boomin;Gunna,NOT ALL HEROES WEAR CAPES (Deluxe),Space Cadet (feat. Gunna),203266,TRUE,0.901,0.464,10,-9.789,0,0.0645,0.368,1.71E-05,0.238,0.638,109.004,4,hip-hop,
Green Day,Dookie,Basket Case,181533,FALSE,0.442,0.943,10,-3.205,1,0.0602,0.00293,8.71E-06,0.091,0.781,85.064,4,punk,
Kodaline,In A Perfect World (Expanded Edition),All I Want,305746,FALSE,0.188,0.411,10,-9.733,1,0.0484,0.174,0.153,0.0843,0.159,187.376,3,rock,
BTS,Love Yourself 結 'Answer',Euphoria,228615,FALSE,0.637,0.799,10,-4.518,1,0.0338,0.394,0,0.0921,0.57,104.996,4,k-pop,
Cigarettes After Sex,Cigarettes After Sex,Sunsetz,215150,FALSE,0.405,0.479,10,-9.396,1,0.0301,0.0527,0.795,0.0974,0.131,75.37,4,ambient,
Glass Animals,Heat Waves (Expansion Pack),Heat Waves - Slowed,262248,FALSE,0.633,0.55,10,-9.965,1,0.0924,0.649,0.000363,0.147,0.333,147.099,4,indie,
Arctic Monkeys,AM,Arabella,207356,FALSE,0.579,0.558,10,-6.986,1,0.0895,0.0202,1.26E-06,0.212,0.506,179.949,4,rock,
Dhanush;Anirudh Ravichander,"Megham Karukatha (From ""Thiruchitrambalam"")","Megham Karukatha (From ""Thiruchitrambalam"")",290400,FALSE,0.429,0.614,10,-6.573,0,0.0709,0.513,0.000316,0.0922,0.743,149.966,3,k-pop,
Cigarettes After Sex,Cry,Cry,256799,FALSE,0.406,0.399,10,-10.449,1,0.0278,0.756,0.678,0.112,0.163,142.83,4,indie,
All Time Low,"So Wrong, It's Right","Dear Maria, Count Me In",182826,FALSE,0.459,0.895,10,-3.126,1,0.0805,0.00725,0,0.206,0.572,181.04,4,punk,
Danny Ocean,Me Rehúso,Me Rehúso,205714,FALSE,0.744,0.804,10,-6.327,1,0.0677,0.0231,0,0.0494,0.426,104.823,4,reggaeton,
Rick James,Street Songs (Deluxe Edition),Super Freak,205466,FALSE,0.838,0.794,10,-8.245,0,0.0531,0.22,0,0.0575,0.962,132.446,4,disco,
Bad Bunny,Un Verano Sin Ti,Enséñame a Bailar,176000,FALSE,0.81,0.789,10,-5.08,1,0.0846,0.191,1.08E-05,0.467,0.77,105.009,4,reggaeton,
Regard;Troye Sivan;Tate McRae,You,You,233386,TRUE,0.691,0.695,10,-5.6,1,0.0367,0.0592,0,0.0647,0.514,106.064,4,electro,
Marshmello;Jonas Brothers,Leave Before You Love Me,Leave Before You Love Me (with Jonas Brothers),154983,FALSE,0.721,0.738,10,-4.77,1,0.0403,0.00226,4.41E-06,0.118,0.637,119.976,4,electro,
Anuv Jain,Baarishein,Baarishein,207309,FALSE,0.475,0.124,10,-9.463,1,0.0444,0.926,0,0.0972,0.19,94.42,4,singer-songwriter,
Izzamuzzic;Julien Marchal,Shootout (Sped Up),Shootout (Sped Up),242142,FALSE,0.684,0.605,10,-8.678,0,0.0634,0.216,0.941,0.103,0.768,104.647,4,electronic,
The Killers,Day & Age (Bonus Tracks),Human,245373,FALSE,0.557,0.8,10,-8.477,1,0.0601,0.00132,0.0012,0.0906,0.582,135.47,4,alt-rock,
Madrigal,Seni Dert Etmeler,Seni Dert Etmeler,188500,FALSE,0.552,0.608,10,-11.211,0,0.0274,0.148,2.05E-05,0.332,0.835,88.002,4,turkish,
Danny Ocean,Me Rehúso,Me Rehúso,205714,FALSE,0.744,0.804,10,-6.327,1,0.0677,0.0231,0,0.0494,0.426,104.823,4,latino,
Falling In Reverse,Popular Monster,Popular Monster,220537,TRUE,0.461,0.897,10,-3.982,0,0.092,0.00821,0,0.0965,0.358,165.107,4,metal,
BTS,Love Yourself 承 'Her',Pied Piper,245620,FALSE,0.583,0.712,10,-4.942,0,0.0326,0.2,0,0.268,0.778,94.051,4,k-pop,
ATB;Topic;A7S,Your Love (9PM),Your Love (9PM),150052,FALSE,0.669,0.784,10,-5.603,1,0.112,0.194,6.28E-06,0.115,0.517,125.993,4,german,
Mrs. GREEN APPLE,ダンスホール,ダンスホール,203149,FALSE,0.736,0.695,10,-3.87,1,0.0468,0.0209,0,0.0517,0.784,109.976,4,anime,
Daddy Yankee,LEGENDADDY,RUMBATÓN,248768,FALSE,0.685,0.909,10,-4.034,0,0.0396,0.0471,0,0.35,0.922,95.004,4,reggaeton,
Two Feet,A 20 Something Fuck,I Feel Like I'm Drowning,185520,FALSE,0.717,0.577,10,-5.436,1,0.0491,0.708,0.00428,0.0899,0.235,104.927,3,indie,
The Kid LAROI;Justin Bieber,F*CK LOVE 3: OVER YOU,STAY (with Justin Bieber),141805,TRUE,0.591,0.764,10,-5.484,1,0.0483,0.0383,0,0.103,0.478,169.928,4,hip-hop,
Aditya A,Chaand Baaliyan,Chaand Baaliyan,103264,FALSE,0.729,0.396,10,-8.98,1,0.0359,0.796,0,0.104,0.886,97.281,4,indie,
Tracy Chapman,Tracy Chapman,Fast Car,296800,FALSE,0.711,0.292,10,-15.523,0,0.037,0.313,0,0.131,0.194,103.951,4,folk,
X Ambassadors,VHS,Unsteady,193546,FALSE,0.389,0.665,10,-6.169,1,0.0644,0.178,0.000732,0.116,0.199,117.055,4,alternative,
Chris Brown,Under The Influence,Under The Influence (Body Language),148750,TRUE,0.62,0.62,10,-6.322,0,0.0375,0.0388,0.000213,0.129,0.459,144.835,4,dance,
System Of A Down,Hypnotize,Lonely Day,167906,FALSE,0.47,0.796,10,-3.277,0,0.0336,0.362,1.10E-06,0.133,0.215,113.108,3,alternative,
Radiohead,OK Computer,Karma Police,264066,FALSE,0.36,0.501,10,-9.129,1,0.0258,0.0638,9.32E-05,0.172,0.324,74.807,4,alternative,
JBee,4:00 AM,4:00 AM,193714,TRUE,0.863,0.482,10,-9.132,1,0.439,0.621,0,0.148,0.618,140.021,4,chill,
Coolio;L.V.,Gangsta's Paradise,Gangsta's Paradise,240693,FALSE,0.647,0.514,10,-10.05,1,0.0593,0.0655,0,0.398,0.386,79.975,4,hip-hop,
Zedd;Maren Morris;Grey,The Middle,The Middle,184732,FALSE,0.753,0.657,10,-3.061,1,0.0449,0.171,0,0.112,0.437,107.01,4,dance,
Nirvana,MTV Unplugged In New York,The Man Who Sold The World,261093,FALSE,0.483,0.753,10,-8.937,0,0.0832,0.425,0.000142,0.257,0.42,115.102,4,alt-rock,
Eminem,The Marshall Mathers LP2 (Deluxe),Rap God,363521,TRUE,0.708,0.843,10,-2.66,1,0.314,0.397,0,0.799,0.625,148.14,4,hip-hop,
BTS,Wings,Blood Sweat & Tears,217051,FALSE,0.584,0.885,10,-3.571,0,0.104,0.0244,0,0.357,0.605,92.9,4,k-pop,
Breaking Benjamin,Phobia (Clean Version),The Diary of Jane - Single Version,200546,FALSE,0.392,0.964,10,-4.441,0,0.0644,7.13E-05,0.0387,0.106,0.269,167.024,4,metal,
Shawn Mendes,Illuminate (Deluxe),There's Nothing Holdin' Me Back,199440,FALSE,0.866,0.813,10,-4.063,0,0.0554,0.38,0,0.0779,0.969,121.998,4,pop,
Joel Corry;MNEK,Head & Heart (feat. MNEK),Head & Heart (feat. MNEK),166028,FALSE,0.734,0.874,10,-3.158,1,0.0662,0.168,1.14E-05,0.0489,0.905,122.953,4,edm,
Axwell /\ Ingrosso,More Than You Know,More Than You Know,203000,FALSE,0.646,0.741,10,-4.973,0,0.034,0.0275,0,0.312,0.571,123.077,4,electro,
Eminem,Just Lose It,"Lose Yourself - From ""8 Mile"" Soundtrack",322226,TRUE,0.686,0.735,10,-4.616,1,0.264,0.00921,0.00066,0.342,0.0596,171.355,4,hip-hop,
Ozuna;Doja Cat;Sia,Enoc,Del Mar,214506,TRUE,0.759,0.636,10,-5.585,1,0.0369,0.0224,0.000143,0.166,0.536,109.976,4,reggae,
J Balvin;Maria Becerra,JOSE,Qué Más Pues?,217360,FALSE,0.903,0.817,10,-3.972,1,0.095,0.0272,0.000311,0.242,0.732,102.014,4,latino,
Mitski,Bury Me At Makeout Creek,Francis Forever,149680,FALSE,0.535,0.448,10,-9.167,1,0.0279,0.00262,1.94E-05,0.115,0.32,101.986,4,indie-pop,
Stray Kids,MAXIDENT,"3RACHA (Bang Chan, Changbin, HAN)",208573,FALSE,0.721,0.856,10,-3.117,0,0.301,0.229,0,0.0853,0.627,142.068,4,k-pop,
XXXTENTACION,Revenge,YuNg BrAtZ,101851,TRUE,0.755,0.695,10,-5.963,1,0.26,0.0179,0,0.107,0.493,128.063,4,emo,
Avicii,Stories,Waiting For Love,230613,FALSE,0.579,0.736,10,-3.863,0,0.0527,0.31,0,0.198,0.613,127.999,4,dance,
Journey,Escape (Bonus Track Version),Don't Stop Believin',250986,FALSE,0.5,0.748,10,-9.072,1,0.0363,0.127,0,0.447,0.514,118.852,4,rock,
MAX;Ali Gatie,Butterflies,Butterflies,191250,FALSE,0.7,0.613,10,-4.041,1,0.0408,0.385,0,0.0887,0.42,88.084,4,dance,
Lil Nas X,MONTERO,THATS WHAT I WANT,143901,TRUE,0.737,0.846,10,-4.51,0,0.22,0.00614,0,0.0486,0.546,87.981,4,pop,
J Balvin;Bad Bunny;Marciano Cantero,OASIS,UN PESO,277106,FALSE,0.627,0.675,10,-7.125,0,0.213,0.125,0,0.0784,0.961,79.31,4,reggaeton,
Alec Benjamin,Narrated For You,Let Me Down Slowly,169353,FALSE,0.652,0.557,10,-5.714,0,0.0318,0.74,0,0.124,0.483,150.073,4,electro,
Metallica,Master Of Puppets (Remastered),Master Of Puppets,515386,FALSE,0.543,0.836,10,-9.11,0,0.0353,0.000647,0.431,0.153,0.56,105.173,4,rock,
Chuck Berry,Berry Is On Top,Johnny B. Goode,161560,FALSE,0.534,0.803,10,-9.129,1,0.0743,0.741,6.07E-05,0.307,0.969,167.983,4,rockabilly,
Gabry Ponte;LUM!X;Prezioso,Thunder,Thunder,160000,FALSE,0.67,0.896,10,-4.673,1,0.058,0.0342,3.21E-05,0.344,0.403,101.216,3,dance,
The Smiths,The Queen Is Dead,There Is a Light That Never Goes Out - 2011 Remaster,244586,FALSE,0.523,0.769,10,-5.855,1,0.0269,0.04,0,0.136,0.876,136.162,4,punk-rock,
Bad Bunny,Un Verano Sin Ti,Moscow Mule,245939,TRUE,0.804,0.674,10,-5.453,0,0.0333,0.294,1.18E-06,0.115,0.292,99.968,4,reggae,
Stephen Sanchez,Until I Found You,Until I Found You,177720,FALSE,0.539,0.508,10,-6.05,1,0.0288,0.727,0,0.174,0.227,101.358,3,singer-songwriter,
Daddy Yankee;Bad Bunny,LEGENDADDY,X ÚLTIMA VEZ,192477,TRUE,0.812,0.855,10,-3.725,1,0.0554,0.0789,0.000167,0.108,0.573,90.04,4,reggae,
Backstreet Boys,Millennium,I Want It That Way,213306,FALSE,0.689,0.694,10,-5.83,0,0.027,0.257,0,0.148,0.482,99.039,4,dance,
Stray Kids,MAXIDENT,"TASTE (Lee Know, Hyunjin, Felix)",216120,FALSE,0.626,0.623,10,-5.718,0,0.0653,0.0559,0,0.199,0.123,140.209,4,k-pop,
Armaan Malik;Vishal Mishra,Kabir Singh,Pehla Pyaar,272532,FALSE,0.607,0.713,10,-5.105,1,0.03,0.56,4.98E-05,0.101,0.611,124.868,4,pop-film,
Maluma,Junio,Junio,168601,FALSE,0.85,0.756,10,-3.439,0,0.0407,0.0999,0,0.0873,0.896,120.024,4,reggaeton,
Becky G,Shower,Shower,206166,FALSE,0.699,0.529,10,-7.548,1,0.0487,0.0317,3.59E-05,0.285,0.121,119.987,4,reggae,
Foster The People,Torches,Pumped Up Kicks,239600,FALSE,0.733,0.71,10,-5.849,0,0.0292,0.145,0.115,0.0956,0.965,127.975,4,rock,
Farruko,Pepas,Pepas,287120,TRUE,0.762,0.766,10,-3.955,1,0.0343,0.00776,6.98E-05,0.128,0.442,130.001,4,reggaeton,
Zedd;Maren Morris;BEAUZ,Make You Say,Make You Say,206000,FALSE,0.687,0.61,10,-4.713,0,0.0499,0.351,0,0.175,0.649,128.15,4,house,
Mild High Club,Skiptracing,Homage,177493,FALSE,0.546,0.465,10,-8.167,1,0.0287,0.153,0.00259,0.321,0.415,73.369,4,garage,
Radiohead,The Bends,High and Dry,257480,FALSE,0.419,0.383,10,-11.782,1,0.0256,0.0724,0.0176,0.0896,0.35,87.568,4,alt-rock,
Becky G;KAROL G,MAMIII,MAMIII,226088,FALSE,0.843,0.7,10,-3.563,0,0.0803,0.0934,0,0.14,0.899,93.991,4,reggaeton,
Swedish House Mafia;John Martin,Don't You Worry Child,Don't You Worry Child - Radio Edit,212862,FALSE,0.612,0.84,10,-3.145,0,0.0509,0.112,0,0.116,0.438,129.042,4,house,
Taylor Swift,1989,Wildest Dreams,220440,FALSE,0.553,0.664,10,-7.417,1,0.0741,0.0709,0.0056,0.106,0.467,140.06,4,pop,
Sam Tinnesz;Yacht Money,Play with Fire (feat. Yacht Money),Play with Fire (feat. Yacht Money),180690,FALSE,0.573,0.539,10,-6.091,0,0.0322,0.0162,1.16E-05,0.105,0.39,75.012,4,alt-rock,
Red Hot Chili Peppers,Californication (Deluxe Edition),Californication,329733,FALSE,0.592,0.767,10,-2.788,0,0.027,0.0021,0.00165,0.127,0.328,96.483,4,metal,
Kate Bush,Hounds Of Love,Running Up That Hill (A Deal With God),298933,FALSE,0.629,0.547,10,-13.123,0,0.055,0.72,0.00314,0.0604,0.197,108.375,4,piano,
Aaron Smith;Krono;Luvli,Dancin (feat. Luvli) [Krono Remix],Dancin (feat. Luvli) - Krono Remix,198053,FALSE,0.72,0.741,10,-6.529,0,0.0287,0.101,1.41E-05,0.289,0.357,119.896,4,house,
Metallica,Garage Inc.,Whiskey In The Jar,304693,FALSE,0.511,0.97,10,-3.72,1,0.0414,5.60E-06,0.00136,0.18,0.566,132.986,4,hard-rock,
Michael Jackson,XSCAPE,Chicago,245506,FALSE,0.608,0.756,10,-2.675,0,0.176,0.0784,0,0.187,0.55,176.086,4,soul,
Roar,I Can't Handle Change,I Can't Handle Change,198213,FALSE,0.247,0.438,10,-8.478,1,0.0358,0.0447,0.000867,0.111,0.39,185.711,3,indie-pop,
Ninho,Jefe,Jefe,177705,TRUE,0.648,0.599,10,-8.611,0,0.0799,0.474,6.81E-06,0.121,0.213,120.985,4,french,
Travis Scott,Birds In The Trap Sing McKnight,goosebumps,243836,TRUE,0.841,0.728,10,-3.37,1,0.0484,0.0847,0,0.149,0.43,130.049,4,house,
Bob Seger,Stranger In Town,Old Time Rock & Roll,194146,FALSE,0.714,0.937,10,-2.947,1,0.0399,0.206,0,0.0731,0.964,124.13,4,singer-songwriter,
Lifehouse,Lifehouse,You And Me,195493,FALSE,0.459,0.427,10,-7.734,1,0.0267,0.114,0,0.168,0.354,139.902,3,alternative,
Nickelback,Silver Side Up,How You Remind Me,223840,FALSE,0.446,0.764,10,-5.042,1,0.033,0.00135,0,0.099,0.543,172.094,4,metal,
Keyshia Cole,The Way It Is,Love,255333,FALSE,0.688,0.519,10,-4.285,1,0.0283,0.064,0,0.1,0.318,116.714,4,soul,
Sam Smith,The Thrill Of It All (Special Edition),Too Good At Goodbyes,201000,FALSE,0.681,0.372,10,-8.237,1,0.0432,0.64,0,0.169,0.476,91.873,4,dance,
Labrinth,Imagination & the Misfit Kid,Mount Everest,157497,TRUE,0.494,0.428,10,-7.239,0,0.205,0.236,0.0698,0.0816,0.44,87.724,4,indie,
Shaggy;Rik Rok,Hot Shot,It Wasn't Me,227600,FALSE,0.853,0.606,10,-4.596,1,0.0713,0.0561,0,0.313,0.654,94.759,4,reggae,
Pritam;Mohit Chauhan,Jab We Met,Tum Se Hi,321225,FALSE,0.609,0.538,10,-7.842,1,0.0273,0.328,0,0.125,0.608,130.015,4,indian,
Matt Sassari,Give It To Me (Full Vocal Mix),Give It To Me - Full Vocal Mix,102860,FALSE,0.874,0.869,10,-5.996,0,0.0315,0.00116,0.00238,0.164,0.726,126.027,4,techno,
Sam Tinnesz;Yacht Money,Play with Fire (feat. Yacht Money),Play with Fire (feat. Yacht Money),180690,FALSE,0.573,0.539,10,-6.091,0,0.0322,0.0162,1.16E-05,0.105,0.39,75.012,4,rock,
Novo Amor,Bathing Beach,Anchor,257533,FALSE,0.457,0.407,10,-11.475,1,0.0308,0.805,0.884,0.126,0.126,117.053,4,indie,
Weezer,Weezer,Buddy Holly,159226,FALSE,0.556,0.92,10,-4.606,1,0.0367,0.00271,0.00021,0.117,0.771,121.138,4,power-pop,
Jonas Brothers,Happiness Begins,Sucker,181026,FALSE,0.842,0.734,10,-5.065,0,0.0588,0.0427,0,0.106,0.952,137.958,4,dance,
David Guetta;Afrojack;Bebe Rexha;Nicki Minaj,Listen,"Hey Mama (feat. Nicki Minaj, Bebe Rexha & Afrojack)",192560,FALSE,0.596,0.73,10,-4.091,1,0.151,0.24,0,0.325,0.525,85.979,4,pop,
Mother Mother,O My Heart,Hayloft,181680,FALSE,0.527,0.922,10,-2.666,0,0.0728,0.00475,0.000162,0.422,0.49,95.975,4,indie,
Hoobastank,The Reason (15th Anniversary Deluxe),The Reason,232800,FALSE,0.472,0.671,10,-4.649,1,0.029,0.0129,0,0.159,0.0681,82.952,4,rock,
Chris Stapleton,Traveller,Tennessee Whiskey,293293,FALSE,0.392,0.37,10,-10.888,1,0.0298,0.205,0.0096,0.0821,0.512,48.718,4,country,
Elton John,Madman Across The Water,Tiny Dancer,377093,FALSE,0.414,0.428,10,-11.097,1,0.0278,0.382,0.000243,0.148,0.282,145.075,4,piano,
AP Dhillon;Gurinder Gill;Intense,Excuses,Excuses,176232,FALSE,0.837,0.717,10,-7.749,0,0.0822,0.0842,0,0.149,0.494,94.984,4,hip-hop,
Travis Scott,Birds In The Trap Sing McKnight,goosebumps,243836,TRUE,0.841,0.728,10,-3.37,1,0.0484,0.0847,0,0.149,0.43,130.049,4,hip-hop,
Vundabar,Gawk,Alien Blues,155933,FALSE,0.467,0.757,10,-5.093,1,0.033,0.0807,0.908,0.0876,0.433,82.282,4,indie,
Sidhu Moose Wala,The Last Ride,The Last Ride,262247,FALSE,0.792,0.647,10,-5.447,0,0.334,0.0299,0,0.119,0.638,89.029,4,hip-hop,
Zion & Lennox,Motivando a la Yal,Yo Voy (feat. Daddy Yankee),232019,FALSE,0.808,0.697,10,-5.899,1,0.241,0.041,0,0.0546,0.554,95.06,4,reggaeton,
Labrinth,Euphoria (Original Score from the HBO Series),Formula,91869,FALSE,0.574,0.664,10,-6.068,1,0.0409,0.0448,0.0553,0.146,0.226,144.654,4,indie-pop,
Lykke Li,sex money feelings die (slowed version),sex money feelings die - slowed version,168810,TRUE,0.797,0.44,10,-6.587,0,0.0594,0.471,1.57E-06,0.0849,0.436,111.014,4,indie,
Mark Morrison,Return of the Mack,Return of the Mack,213093,FALSE,0.715,0.833,10,-5.379,1,0.108,0.00631,0,0.164,0.612,95.487,4,british,
One Direction,FOUR (Deluxe),Night Changes,226600,FALSE,0.672,0.52,10,-7.747,1,0.0353,0.859,0,0.115,0.37,120.001,4,pop,
Megan Moroney,Tennessee Orange,Tennessee Orange,223119,FALSE,0.38,0.488,10,-6.637,1,0.029,0.126,7.23E-06,0.115,0.268,156.031,3,country,
Adele,Skyfall,Skyfall,286480,FALSE,0.346,0.552,10,-6.864,0,0.0282,0.417,0,0.114,0.0789,75.881,4,soul,
Don Henley,Building The Perfect Beast,The Boys Of Summer,288733,FALSE,0.516,0.549,10,-13.741,1,0.0373,0.501,0.00572,0.184,0.907,176.941,4,country,
XXXTENTACION,?,Moonlight,135090,TRUE,0.921,0.537,11,-5.723,0,0.0804,0.556,0.00404,0.102,0.711,128.009,4,hip-hop,
The Rah Band,Going Up,Messages from the Stars,254080,FALSE,0.649,0.821,11,-2.957,1,0.0329,0.0562,0.00271,0.318,0.698,113.489,4,funk,
Halsey,So Good,So Good,176058,FALSE,0.576,0.627,11,-4.649,0,0.0449,0.0385,0,0.181,0.311,164.998,4,indie-pop,
Eminem,The Eminem Show,Without Me,290320,TRUE,0.908,0.669,11,-2.827,1,0.0738,0.00286,0,0.237,0.662,112.238,4,hip-hop,
AP Dhillon;Gurinder Gill;Intense,Excuses,Excuses,176232,FALSE,0.837,0.717,11,-7.749,0,0.0822,0.0842,0,0.149,0.494,94.984,4,pop,
Aretha Franklin,Aretha Now,I Say a Little Prayer,216773,FALSE,0.592,0.355,11,-14.051,1,0.0352,0.478,0,0.0585,0.499,133.032,4,jazz,
TWICE,Summer Nights,What is Love,208240,FALSE,0.574,0.909,11,-1.573,1,0.0658,0.0987,0,0.264,0.569,169.966,4,k-pop,
BLACKPINK,BORN PINK,Pink Venom,186964,FALSE,0.794,0.719,11,-7.227,1,0.0761,0.0119,0,0.276,0.69,90.016,4,pop,
Toploader,Onka's Big Moka,Dancing in the Moonlight,232693,FALSE,0.632,0.856,11,-3.463,1,0.0348,0.0624,0,0.347,0.867,119.397,4,british,
Red Hot Chili Peppers,By the Way (Deluxe Edition),By the Way,216933,FALSE,0.451,0.97,11,-4.938,1,0.107,0.0264,0.00355,0.102,0.198,122.444,4,alt-rock,
Calvin Harris,18 Months,Feel So Close - Radio Edit,206413,FALSE,0.707,0.924,11,-2.842,1,0.031,0.000972,0.00703,0.204,0.919,127.937,4,electro,
Fresh,Chop (Nouvelle École),Chop (Nouvelle École),195560,TRUE,0.745,0.801,11,-6.545,0,0.724,0.439,1.13E-06,0.519,0.486,143.011,4,french,
Ellie Goulding,Fifty Shades Freed (Original Motion Picture Soundtrack),Love Me Like You Do,253520,FALSE,0.489,0.597,11,-6.633,0,0.0292,0.27,0,0.105,0.324,95.012,4,electro,
Lauren Spencer Smith,Narcissist,Narcissist,172878,TRUE,0.58,0.485,11,-5.438,1,0.0312,0.696,0,0.0959,0.158,113.797,4,singer-songwriter,
Anuel AA;Romeo Santos,Ella Quiere Beber (Remix),Ella Quiere Beber - Remix,219357,FALSE,0.75,0.665,11,-3.083,1,0.124,0.265,0,0.0515,0.697,95.239,4,reggaeton,
Ashe,Moral of the Story,Moral of the Story,201083,TRUE,0.572,0.406,11,-8.624,1,0.0427,0.587,4.48E-06,0.102,0.265,119.812,4,electro,
Imagine Dragons,Origins (Deluxe),Bad Liar,260773,FALSE,0.383,0.637,11,-6.993,1,0.0703,0.0722,0,0.368,0.0827,177.913,4,rock,
The Neighbourhood,Hard To Imagine The Neighbourhood Ever Changing,Reflections,244013,FALSE,0.648,0.594,11,-7.027,0,0.0293,0.114,0.0462,0.116,0.544,113.983,4,alternative,
XXXTENTACION;Trippie Redd,17,Fuck Love (feat. Trippie Redd),146520,TRUE,0.797,0.533,11,-9.74,0,0.0412,0.0172,0.000152,0.103,0.329,131.036,4,hip-hop,
Regard;Years & Years,Hallucination,Hallucination,174794,TRUE,0.687,0.788,11,-5.142,0,0.0352,0.0121,0,0.358,0.669,123.02,4,edm,
Cage The Elephant,Melophobia,Come a Little Closer,229346,FALSE,0.44,0.778,11,-1.786,0,0.0327,0.0265,1.04E-06,0.151,0.304,148.038,4,blues,
Billy Joel,An Innocent Man,Uptown Girl,197706,FALSE,0.701,0.944,11,-2.986,1,0.0455,0.0755,0,0.601,0.792,128.993,4,songwriter,
Arctic Monkeys,AM,Knee Socks,257563,FALSE,0.665,0.542,11,-8.323,0,0.033,0.123,0.00291,0.342,0.587,97.975,4,indie,
OneRepublic,Native,Counting Stars,257266,FALSE,0.664,0.705,11,-4.972,0,0.0382,0.0654,0,0.118,0.477,122.016,4,rock,
Soft Cell,Non-Stop Erotic Cabaret,Tainted Love,153800,FALSE,0.5,0.501,11,-8.284,0,0.0376,0.462,0,0.26,0.623,144.438,4,synth-pop,
Arctic Monkeys,Body Paint,Body Paint,290584,FALSE,0.56,0.313,11,-11.653,0,0.0627,0.567,0,0.0767,0.254,144.745,4,garage,
Charlie Puth;Selena Gomez,Nine Track Mind,We Don't Talk Anymore (feat. Selena Gomez),217706,FALSE,0.728,0.563,11,-8.053,0,0.134,0.621,0,0.179,0.352,100.017,4,pop,
Chris Lorenzo;High Jinx,California Dreamin' (feat. High Jinx),California Dreamin' (feat. High Jinx),196899,FALSE,0.685,0.911,11,-4.977,1,0.144,0.00552,0.0247,0.285,0.351,128.02,4,groove,
Robin Schulz;Francesco Yates,Sugar,Sugar (feat. Francesco Yates),219043,FALSE,0.636,0.815,11,-5.098,0,0.0581,0.0185,0,0.163,0.636,123.063,4,edm,
Neil Diamond,Sweet Caroline,Sweet Caroline,203573,FALSE,0.529,0.127,11,-16.066,1,0.0274,0.611,0.000109,0.237,0.578,63.05,4,folk,
Alec Benjamin,Narrated For You,Water Fountain,218893,FALSE,0.723,0.504,11,-5.572,1,0.0392,0.388,7.40E-05,0.087,0.551,133.975,4,electro,
Norah Jones,Come Away With Me (Super Deluxe Edition),Come Away With Me,198226,FALSE,0.436,0.141,11,-13.271,1,0.0308,0.902,2.81E-06,0.126,0.146,76.64,3,jazz,
Crystal Castles,(III),Transgender,184760,FALSE,0.522,0.914,11,-8.285,1,0.0379,0.000164,0.847,0.24,0.0364,137.939,3,r-n-b,
Rels B,SHORTY QUE TE VAYA BN <3,SHORTY QUE TE VAYA BN <3,219681,FALSE,0.68,0.527,11,-6.748,1,0.11,0.232,0.000402,0.115,0.192,88.958,4,spanish,
Lil Nas X,7 EP,Old Town Road,113000,FALSE,0.907,0.53,11,-6.112,1,0.127,0.0578,2.23E-06,0.101,0.507,135.998,4,hip-hop,
Led Zeppelin,Led Zeppelin III (Remaster),Immigrant Song - Remaster,146250,FALSE,0.564,0.932,11,-10.068,1,0.0554,0.013,0.169,0.349,0.619,112.937,4,rock,
Camilo,De Adentro Pa Afuera,Aeropuerto,177626,FALSE,0.69,0.58,11,-4.395,1,0.199,0.0328,0,0.328,0.708,197.635,4,reggaeton,
Justin Bieber,Purpose (Deluxe),Love Yourself,233720,FALSE,0.609,0.378,11,-9.828,1,0.438,0.835,0,0.28,0.515,100.418,4,pop,
Rage Against The Machine,Rage Against The Machine - XX (20th Anniversary Special Edition),Killing In The Name,313573,TRUE,0.466,0.833,11,-4.215,1,0.304,0.0266,0,0.0327,0.661,88.785,4,alt-rock,
The Verve,Urban Hymns (Remastered 2016),Bitter Sweet Symphony,357266,FALSE,0.356,0.917,11,-6.006,1,0.0479,0.0335,0,0.406,0.518,171.176,4,r-n-b,
Glass Animals,Dreamland (+ Bonus Levels),Heat Waves,238805,FALSE,0.761,0.525,11,-6.9,1,0.0944,0.44,6.70E-06,0.0921,0.531,80.87,4,indie-pop,
Stray Kids,GO LIVE,God’s Menu,167922,FALSE,0.689,0.771,11,-3.618,1,0.0548,0.00776,0,0.521,0.482,157.052,4,k-pop,
Frank Ocean,Blonde,Pink + White,184516,FALSE,0.545,0.545,11,-7.362,1,0.107,0.667,5.48E-05,0.417,0.549,159.94,3,soul,
Clean Bandit;Zara Larsson,Symphony (feat. Zara Larsson),Symphony (feat. Zara Larsson),212459,FALSE,0.707,0.629,11,-4.581,0,0.0563,0.259,1.60E-05,0.138,0.457,122.863,4,dance,
Marshmello;Halsey,Be Kind (with Halsey),Be Kind (with Halsey),172761,FALSE,0.63,0.633,11,-7.088,1,0.0457,0.00776,0,0.0541,0.452,93.995,4,house,
Adele,30,Oh My God,225148,FALSE,0.534,0.725,11,-3.906,1,0.046,0.091,0,0.0264,0.55,88.098,4,soul,
Bad Bunny;ROSALÍA,EL ÚLTIMO TOUR DEL MUNDO,LA NOCHE DE ANOCHE,203200,FALSE,0.856,0.618,11,-4.892,1,0.286,0.0303,0,0.0866,0.391,81.993,4,latino,
Phantogram,Voices,Black Out Days,227160,FALSE,0.542,0.795,11,-3.63,0,0.0368,0.00506,0.019,0.0851,0.431,92.234,4,indie,
Farruko,La 167,Pepas,287120,TRUE,0.762,0.766,11,-3.955,1,0.0343,0.00776,6.98E-05,0.128,0.442,130.001,4,reggaeton,
Arctic Monkeys,AM,Snap Out Of It,193030,FALSE,0.728,0.638,11,-6.455,0,0.0336,0.249,0,0.116,0.872,130.014,4,garage,
Zedd;Alessia Cara,Stay,Stay,210090,FALSE,0.69,0.622,11,-5.025,0,0.0622,0.253,0,0.116,0.544,102.04,4,german,
PSY;SUGA,PSY 9th,That That (prod. & feat. SUGA of BTS),174646,FALSE,0.905,0.962,11,-3.197,1,0.0856,0.0299,0,0.0272,0.906,129.969,4,hip-hop,
Troye Sivan,Angel Baby,Angel Baby,220779,FALSE,0.559,0.559,11,-6.425,1,0.0358,0.0145,0,0.138,0.338,72.498,4,dance,
OneRepublic,Human (Deluxe),Someday,187888,FALSE,0.576,0.679,11,-7.237,1,0.034,0.0311,0,0.323,0.213,121.005,4,rock,
Ariana Grande,Sweetener,no tears left to cry,205920,FALSE,0.699,0.713,11,-5.507,0,0.0594,0.04,3.11E-06,0.294,0.354,121.993,4,dance,
Nirvana,Nevermind (Remastered),Something In The Way,232146,FALSE,0.427,0.201,11,-13.044,1,0.0317,0.745,0.263,0.109,0.0668,105.218,4,alt-rock,
J Balvin;Dua Lipa;Bad Bunny;Tainy,UN DIA (ONE DAY) (Feat. Tainy),UN DIA (ONE DAY) (Feat. Tainy),232253,FALSE,0.571,0.693,11,-8.234,0,0.0545,0.00536,0,0.173,0.393,168.169,4,latino,
Witt Lowry;Ava Max,Into Your Arms (feat. Ava Max),Into Your Arms (feat. Ava Max),186022,TRUE,0.504,0.788,11,-4.113,0,0.215,0.0134,0,0.363,0.228,170.039,4,pop,
Arctic Monkeys,Body Paint,Body Paint,290584,FALSE,0.56,0.313,11,-11.653,0,0.0627,0.567,0,0.0767,0.254,144.745,4,indie,
Calvin Harris;Dua Lipa,One Kiss (with Dua Lipa),One Kiss (with Dua Lipa),214846,FALSE,0.791,0.862,11,-3.24,0,0.11,0.037,2.19E-05,0.0814,0.592,123.994,4,dance,
Bad Bunny,Un Verano Sin Ti,Yo No Soy Celoso,230704,TRUE,0.872,0.588,11,-6.276,1,0.0492,0.275,0,0.17,0.93,142.004,4,reggaeton,
Linkin Park,LIVING THINGS,BURN IT DOWN,230253,FALSE,0.585,0.972,11,-4.45,0,0.0534,0.0143,0,0.0707,0.585,110.006,4,metal,
Frank Ocean,Novacane,Novacane,302346,TRUE,0.762,0.508,11,-9.112,1,0.0919,0.0584,0.00126,0.16,0.37,93.51,4,soul,
SEVENTEEN,SEVENTEEN 4th Album Repackage 'SECTOR 17',_WORLD,178453,FALSE,0.709,0.809,11,-3.198,0,0.0541,0.312,0,0.0899,0.788,111.01,4,k-pop,
DJ Snake;Justin Bieber,Encore,Let Me Love You,205946,FALSE,0.649,0.716,11,-5.371,1,0.0349,0.0863,2.63E-05,0.135,0.163,99.988,4,electro,
Bad Bunny;Rauw Alejandro,Un Verano Sin Ti,Party,227628,FALSE,0.829,0.799,11,-5.389,1,0.0897,0.0151,0.000543,0.242,0.471,97.013,4,latino,
Lifehouse,Lifehouse,You And Me,195493,FALSE,0.459,0.427,11,-7.734,1,0.0267,0.114,0,0.168,0.354,139.902,3,grunge,
Marshmello;CHVRCHES,Here With Me,Here With Me,156346,FALSE,0.791,0.565,11,-3.933,0,0.0439,0.0623,0,0.156,0.181,99.961,4,edm,
Mitski,Bury Me At Makeout Creek,First Love / Late Spring,278640,FALSE,0.445,0.543,11,-8.196,1,0.0272,0.000825,0.0137,0.202,0.102,99.963,4,indie-pop,
MEDUZA;Becky Hill;Goodboys,Lose Control,Lose Control,168387,FALSE,0.598,0.526,11,-8.659,0,0.0415,0.129,0,0.14,0.529,123.935,4,electro,
Swedish House Mafia;The Weeknd,Paradise Again,Moth To A Flame (with The Weeknd),234000,FALSE,0.553,0.659,11,-7.295,1,0.0391,0.0027,0,0.105,0.105,120.146,4,house,
Aaron Smith;Krono;Luvli,Dancin (feat. Luvli) [Krono Remix],Dancin (feat. Luvli) - Krono Remix,198053,FALSE,0.72,0.741,11,-6.529,0,0.0287,0.101,1.41E-05,0.289,0.357,119.896,4,chicago-house,
Bad Bunny;Drake,MIA (feat. Drake),MIA (feat. Drake),210367,FALSE,0.817,0.539,11,-6.349,0,0.0621,0.0141,0.000496,0.099,0.158,97.062,4,reggae,
Calvin Harris,My Way,My Way,219159,FALSE,0.818,0.913,11,-3.06,0,0.0426,0.093,3.69E-05,0.161,0.536,119.986,4,progressive-house,
Alan Walker,Different World,Faded,212106,FALSE,0.468,0.627,11,-5.085,1,0.0476,0.0281,7.97E-06,0.11,0.159,179.642,4,electro,
The Who,Who's Next (Deluxe Edition),Baba O'Riley,300400,FALSE,0.489,0.724,11,-8.367,1,0.0352,0.313,0.185,0.287,0.15,117.292,4,blues,
Red Hot Chili Peppers,Californication (Deluxe Edition),Scar Tissue,215906,FALSE,0.595,0.717,11,-4.803,1,0.0295,0.0779,0.00274,0.108,0.547,88.969,4,funk,
Marshmello;Khalid,Silence,Silence,180822,FALSE,0.52,0.761,11,-3.093,1,0.0853,0.256,4.96E-06,0.17,0.286,141.971,4,dance,
"Earth, Wind & Fire","The Best Of Earth, Wind & Fire Vol. 1",September,215093,FALSE,0.697,0.832,11,-7.264,1,0.0298,0.168,0.00131,0.269,0.979,125.926,4,disco,
girl in red,October Passed Me By,October Passed Me By,165746,FALSE,0.445,0.367,11,-13.086,1,0.0452,0.761,0.075,0.0987,0.202,155.675,4,indie,
Frank Ocean,channel ORANGE,Thinkin Bout You,200746,FALSE,0.721,0.339,11,-11.195,1,0.0532,0.409,0.00153,0.0973,0.2,129.83,4,soul,
Cigarettes After Sex,Cigarettes After Sex,K.,320030,FALSE,0.454,0.4,11,-10.261,1,0.0265,0.139,0.846,0.137,0.327,93.719,4,ambient,
Zach Bryan,Something in the Orange,Something in the Orange,228013,FALSE,0.369,0.192,11,-12.151,0,0.04,0.555,8.35E-06,0.0954,0.148,175.212,3,country,
Myke Towers,Luces De Neón,Luces De Neón,219789,TRUE,0.747,0.619,11,-6.009,1,0.0588,0.0865,2.03E-05,0.103,0.567,94.98,4,reggaeton,
Surf Curse,Freaks,Freaks,147062,FALSE,0.345,0.941,11,-9.918,1,0.0466,3.84E-05,0.633,0.0511,0.407,179.626,4,indie,
Neon Trees,Picture Show,Everybody Talks,177280,FALSE,0.471,0.924,11,-3.906,1,0.0586,0.00301,0,0.313,0.725,154.961,4,indie-pop,
Rauw Alejandro,VICE VERSA,Cúrame,164705,TRUE,0.765,0.625,11,-3.599,0,0.0548,0.584,0.00111,0.112,0.262,102.101,4,latino,
Stevie Wonder,At The Close Of A Century,I Just Called To Say I Love You,262240,FALSE,0.748,0.551,11,-9.054,1,0.0239,0.243,1.57E-06,0.0943,0.65,113.535,4,soul,
Ricky Rich;Dardan;DJ Gimi-O,Habibi (Albanian Remix),Habibi - Albanian Remix,129589,FALSE,0.639,0.728,11,-7.065,0,0.0301,0.0223,0.00384,0.68,0.0996,103.966,4,pop,
LiSA,LEO-NiNE,紅蓮華,237586,FALSE,0.541,0.977,11,-2.828,0,0.157,0.00321,5.13E-05,0.0796,0.263,134.938,4,rock,
Måneskin,Chosen,Beggin',211560,FALSE,0.714,0.8,11,-4.808,0,0.0504,0.127,0,0.359,0.589,134.002,4,indie-pop,
Wham!,Make It Big,Wake Me Up Before You Go-Go,231333,FALSE,0.62,0.573,11,-11.893,1,0.0423,0.271,0,0.0607,0.897,81.548,4,synth-pop,
Aitana;Nicki Nicole,Formentera,Formentera,207333,FALSE,0.781,0.645,11,-4.136,0,0.0399,0.0903,1.58E-06,0.226,0.803,128.007,4,spanish,
AnnenMayKantereit;Giant Rooks,Tom's Diner,Tom's Diner,269333,FALSE,0.68,0.428,11,-8.107,0,0.135,0.376,0.000344,0.355,0.334,98.222,4,songwriter,
AP Dhillon;Gurinder Gill,HIDDEN GEMS,TERE TE,114418,FALSE,0.692,0.488,11,-10.96,0,0.135,0.0508,0,0.154,0.299,171.9,4,hip-hop,
OneRepublic,Native,Counting Stars,257266,FALSE,0.664,0.705,11,-4.972,0,0.0382,0.0654,0,0.118,0.477,122.016,4,piano,
Alan Walker;Imanbek,Sweet Dreams,Sweet Dreams,138819,FALSE,0.766,0.817,11,-4.253,1,0.035,0.0239,2.49E-06,0.159,0.43,125.033,4,electro,
Hoobastank,The Reason (15th Anniversary Deluxe),The Reason,232800,FALSE,0.472,0.671,11,-4.649,1,0.029,0.0129,0,0.159,0.0681,82.952,4,grunge,
AnnenMayKantereit;Giant Rooks,Tom's Diner,Tom's Diner,269333,FALSE,0.68,0.428,11,-8.107,0,0.135,0.376,0.000344,0.355,0.334,98.222,4,indie,
Akon;Eminem,Konvicted,Smack That,212360,TRUE,0.939,0.742,11,-5.171,0,0.0467,0.321,0,0.107,0.924,118.978,4,dance,
Bad Bunny;Jhayco,Un Verano Sin Ti,Tarot,237894,TRUE,0.795,0.684,11,-3.971,0,0.0419,0.0225,0,0.658,0.419,114.011,4,latin,
BTS,Proof,Run BTS,204939,FALSE,0.724,0.818,11,-3.747,1,0.168,0.0201,0,0.0358,0.696,77.004,4,k-pop,
Lykke Li,sex money feelings die (slowed version),sex money feelings die - slowed version,168810,TRUE,0.797,0.44,11,-6.587,0,0.0594,0.471,1.57E-06,0.0849,0.436,111.014,4,electro,
Sleepy Hallow,Still Sleep?,2055,123986,TRUE,0.829,0.512,11,-5.865,0,0.187,0.492,0,0.12,0.638,80.511,4,r-n-b,
The White Stripes,Elephant,Seven Nation Army,232106,FALSE,0.743,0.446,11,-7.807,0,0.0683,0.0039,0.118,0.337,0.278,123.596,4,blues,
Green Day,American Idiot,American Idiot,176346,TRUE,0.38,0.988,11,-2.042,1,0.0639,2.64E-05,7.86E-05,0.368,0.769,186.113,4,punk,
Daddy Yankee,Barrio Fino (Bonus Track Version),Gasolina,192600,FALSE,0.852,0.797,11,-6.543,1,0.0614,0.322,2.69E-06,0.0845,0.741,96.008,4,reggae,
The Smiths,Hatful of Hollow,Heaven Knows I'm Miserable Now - 2011 Remaster,215760,FALSE,0.609,0.759,11,-4.862,1,0.0276,0.028,0,0.183,0.774,114.045,4,punk,
Van Halen,1984 (Remastered),Jump - 2015 Remaster,241599,FALSE,0.572,0.835,11,-6.219,1,0.0317,0.171,0.000377,0.0702,0.795,129.981,4,hard-rock,
G-Eazy;Bebe Rexha,When It's Dark Out,"Me, Myself & I",251466,TRUE,0.756,0.674,11,-6.518,0,0.0959,0.0184,0,0.158,0.389,111.995,4,indie-pop,
TOMORROW X TOGETHER,minisode 2: Thursday's Child,Good Boy Gone Bad,191038,FALSE,0.475,0.695,11,-5.919,1,0.102,0.0159,0,0.125,0.552,100.009,4,k-pop,
A.R. Rahman;Madhushree,Vendhu Thanindhathu Kaadu (Original Motion Picture Soundtrack),Mallipoo,245365,FALSE,0.715,0.654,11,-7.266,1,0.336,0.196,0.000117,0.0667,0.762,175.589,3,pop,
Cigarettes After Sex,Cigarettes After Sex,Sweet,292110,FALSE,0.45,0.511,11,-9.073,1,0.0276,0.353,0.766,0.139,0.115,96.563,4,indie,
Luke Bryan,Crash My Party,Play It Again,226866,FALSE,0.506,0.886,11,-3.225,1,0.0655,0.0916,0,0.0734,0.595,143.935,4,country,
Måneskin,Teatro d'ira - Vol. I,ZITTI E BUONI,194786,TRUE,0.625,0.939,11,-3.115,0,0.0669,0.00138,0,0.424,0.644,102.999,4,indie-pop,
James Hype;Miggy Dela Rosa,Ferrari,Ferrari,186661,FALSE,0.847,0.69,11,-7.877,0,0.0493,0.0127,6.00E-05,0.0526,0.692,125.004,4,dance,
Lost Frequencies;James Arthur,Questions,Questions,177156,FALSE,0.599,0.713,11,-7.008,1,0.0542,0.405,2.53E-05,0.266,0.518,123.962,4,edm,
Cheat Codes;Russell Dickerson,I Remember,I Remember,168117,FALSE,0.57,0.737,11,-4.27,0,0.0685,0.0314,0,0.248,0.621,100.052,4,electro,
J Balvin;Bad Bunny,OASIS,QUE PRETENDES,222346,FALSE,0.639,0.791,11,-4.443,0,0.253,0.0275,0,0.362,0.939,92.603,4,reggaeton,
Imagine Dragons,Smoke + Mirrors (Deluxe),Warriors,171040,FALSE,0.365,0.851,11,-6.238,0,0.0645,0.0964,0.003,0.237,0.309,78.086,4,rock,
Sub Urban,Cradles,Cradles,209829,FALSE,0.537,0.586,11,-1.864,1,0.314,0.265,7.04E-05,0.175,0.624,79.056,4,indie,
Foo Fighters,The Colour And The Shape,Everlong,250546,FALSE,0.413,0.881,11,-5.541,0,0.0367,5.99E-05,0.000308,0.0805,0.364,158.066,4,alternative,
Niall Horan,Flicker (Deluxe),This Town,232852,FALSE,0.677,0.401,11,-8.467,1,0.0308,0.712,0,0.116,0.195,111.825,4,dance,
Red Hot Chili Peppers,Stadium Arcadium,Dani California,282160,FALSE,0.556,0.913,11,-2.36,1,0.0437,0.0193,8.59E-06,0.346,0.73,96.184,4,funk,
George Ezra,Green Green Grass,Green Green Grass,167613,FALSE,0.685,0.738,11,-4.413,1,0.0595,0.0695,0,0.128,0.8,112.972,4,singer-songwriter,
Gorillaz;Tame Impala;Bootie Brown,New Gold (feat. Tame Impala and Bootie Brown),New Gold (feat. Tame Impala and Bootie Brown),215149,TRUE,0.695,0.923,11,-3.93,0,0.0522,0.0425,0.0469,0.116,0.551,108.014,3,alternative,
Bee Gees,Staying Alive (Original Motion Picture Soundtrack),Stayin' Alive,92866,FALSE,0.707,0.535,11,-19.793,0,0.0436,0.113,0.00615,0.0884,0.641,103.644,4,disco,
Ruth B.;slater,Dandelions (slowed + reverb),Dandelions - slowed + reverb,268717,FALSE,0.573,0.715,11,-3.293,0,0.0256,0.0444,0,0.0898,0.258,101.699,3,pop,
Elvis Presley,Elvis (Fool),Burning Love,170293,FALSE,0.66,0.748,11,-11.206,1,0.0284,0.0993,0.00585,0.283,0.972,143.549,4,rock-n-roll,
Regard,Ride It,Ride It,157605,FALSE,0.88,0.751,11,-4.258,0,0.0874,0.177,6.43E-05,0.106,0.884,117.948,4,edm,
BTS,Proof,For Youth,264480,FALSE,0.633,0.511,11,-5.665,1,0.0368,0.434,0,0.248,0.29,116.855,3,k-pop,
Red Hot Chili Peppers,Californication (Deluxe Edition),Otherside,255373,FALSE,0.458,0.795,11,-3.265,1,0.0574,0.00316,0.000202,0.0756,0.513,123.229,4,funk,
Eminem;Rihanna,Recovery,Love The Way You Lie,263373,TRUE,0.749,0.925,11,-5.034,1,0.227,0.241,0,0.52,0.641,86.989,4,hip-hop,
Tiësto;KAROL G,Don't Be Shy,Don't Be Shy,140500,TRUE,0.77,0.787,11,-3.748,0,0.0583,0.198,0,0.262,0.513,119.986,4,house,
America;George Martin,America,A Horse with No Name,252239,FALSE,0.654,0.506,11,-17.18,0,0.0535,0.686,0.0155,0.155,0.831,123.179,4,country,
Bad Bunny,Yonaguni,Yonaguni,206710,TRUE,0.644,0.648,11,-4.601,1,0.118,0.276,0,0.135,0.44,179.951,4,latino,
The Smiths,The Smiths,This Charming Man - 2011 Remaster,162920,FALSE,0.611,0.846,11,-5.9,1,0.0436,0.00509,0,0.0784,0.751,103.912,4,punk,
Rammstein,Rammstein,Deutschland,322339,FALSE,0.521,0.895,11,-5.242,1,0.0442,5.54E-05,0.349,0.0985,0.237,120.117,4,metal,
"Earth, Wind & Fire","The Best Of Earth, Wind & Fire Vol. 1",September,215093,FALSE,0.697,0.832,11,-7.264,1,0.0298,0.168,0.00131,0.269,0.979,125.926,4,soul,
J Balvin;Skrillex,In Da Getto,In Da Getto,131065,FALSE,0.915,0.72,11,-3.126,1,0.0459,0.025,1.42E-05,0.0942,0.631,126.986,4,latino,
Zedd;Alessia Cara,Stay,Stay,210090,FALSE,0.69,0.622,11,-5.025,0,0.0622,0.253,0,0.116,0.544,102.04,4,house,
Amy Winehouse,Back To Black (Deluxe Edition),"Valerie - Live At BBC Radio 1 Live Lounge, London / 2007",233733,FALSE,0.772,0.371,11,-5.743,0,0.0348,0.744,0,0.167,0.684,96.574,4,british,
Peter Bjorn and John,Writer's Block,Young Folks,276693,FALSE,0.699,0.812,11,-6.005,1,0.0377,0.0164,0.000763,0.105,0.662,138.185,4,alt-rock,
Alicia Keys,Girl on Fire (Remixes) - EP,Girl on Fire,224920,FALSE,0.482,0.706,11,-5.762,1,0.0607,0.135,0.00106,0.105,0.144,92.513,4,soul,
Rise Against,Appeal To Reason,Savior,242280,FALSE,0.554,0.932,11,-3.424,0,0.0485,0.00154,0.000142,0.425,0.478,112.49,4,hardcore,
Bad Bunny,Un Verano Sin Ti,Efecto,213061,FALSE,0.801,0.475,11,-8.797,0,0.0516,0.141,1.73E-05,0.0639,0.234,98.047,4,latin,
Labrinth;Zendaya,All For Us (from the HBO Original Series Euphoria),All For Us - from the HBO Original Series Euphoria,192986,FALSE,0.348,0.652,11,-7.145,1,0.0931,0.0165,0.000264,0.33,0.172,70.956,4,indie,
AURORA,All My Demons Greeting Me As A Friend (Deluxe),Runaway,248826,FALSE,0.422,0.302,11,-9.214,1,0.0372,0.629,7.83E-05,0.104,0.123,114.089,4,pop,
Luciano,Beautiful Girl,Beautiful Girl,179186,FALSE,0.839,0.412,11,-8.816,0,0.0935,0.287,0.000796,0.101,0.607,139.901,4,german,
Felix Jaehn;Zoe Wees,Do It Better (feat. Zoe Wees),Do It Better (feat. Zoe Wees),170045,FALSE,0.677,0.804,11,-5.337,0,0.0677,0.0818,1.92E-05,0.158,0.41,122.111,4,edm,
Piso 21;Manuel Turizo,Los Cachos,Los Cachos,212304,FALSE,0.774,0.73,11,-3.865,1,0.134,0.108,0,0.194,0.421,91.966,4,latino,
Sean Kingston;Justin Bieber,Eenie Meenie,Eenie Meenie,201946,FALSE,0.72,0.607,11,-4.168,1,0.0322,0.0543,0,0.113,0.828,121.223,4,hip-hop,
The Chainsmokers;ILLENIUM;Lennon Stella,World War Joy,Takeaway,209880,FALSE,0.528,0.511,11,-8.144,1,0.0324,0.126,0,0.101,0.351,100.1,4,electro,
The Offspring,Smash,Self Esteem,257826,FALSE,0.488,0.862,11,-7.595,1,0.0476,0.0204,0,0.359,0.706,104.56,4,punk,
The Neighbourhood,Chip Chrome & The Mono-Tones,Pretty Boy,234093,FALSE,0.578,0.386,11,-11.464,1,0.0278,0.208,0.0453,0.307,0.569,154.902,4,alternative,
Cage The Elephant,Cage The Elephant (Expanded Edition),Ain't No Rest for the Wicked,175493,FALSE,0.636,0.849,11,-7.075,1,0.106,0.0438,0,0.372,0.917,156.036,4,blues,
The Kid LAROI;Justin Bieber,F*CK LOVE 3: OVER YOU,STAY (with Justin Bieber),141805,TRUE,0.591,0.764,11,-5.484,1,0.0483,0.0383,0,0.103,0.478,169.928,4,pop,
Zara Larsson,So Good,Lush Life,201122,FALSE,0.694,0.712,11,-3.923,0,0.046,0.132,0,0.211,0.799,98.023,4,swedish,
iamjakehill,By the Sword,By the Sword,125812,TRUE,0.685,0.76,11,-7.813,1,0.0512,0.0199,0.151,0.0866,0.781,160.035,4,sad,
Eagles,Eagles (2013 Remaster),Take It Easy - 2013 Remaster,211577,FALSE,0.575,0.67,11,-10.39,1,0.0318,0.343,4.95E-06,0.129,0.74,139.191,4,country,
Bee Gees,How Can You Mend A Broken Heart,"More Than A Woman - From ""Saturday Night Fever"" Soundtrack",196213,FALSE,0.601,0.703,11,-6.24,1,0.0379,0.175,8.40E-05,0.571,0.673,106.164,4,disco,
Becky G;KAROL G,ESQUEMAS,MAMIII,226093,FALSE,0.836,0.703,11,-3.554,0,0.0657,0.0845,0,0.138,0.902,94.048,4,reggaeton,
Lykke Li,so sad so sexy,sex money feelings die,139840,TRUE,0.789,0.534,11,-6.347,0,0.0709,0.323,3.42E-06,0.0645,0.631,134.055,4,indie,
Jason Mraz;Colbie Caillat,We Sing. We Dance. We Steal Things.,Lucky,189613,FALSE,0.625,0.414,11,-8.7,1,0.0369,0.294,0,0.151,0.669,130.088,4,acoustic,
Marshmello;Bastille,Happier,Happier,214289,FALSE,0.687,0.792,11,-2.749,1,0.0452,0.191,0,0.167,0.671,100.015,4,electro,
Hozier,Hozier,Take Me To Church,241688,FALSE,0.566,0.664,11,-5.303,0,0.0464,0.634,0,0.116,0.437,128.945,4,songwriter,
Daddy Yankee,Prestige,Limbo,224693,FALSE,0.806,0.875,11,-3.817,1,0.088,0.0838,0.00192,0.065,0.917,125.063,4,latino,
System Of A Down,Mezmerize,B.Y.O.B.,255466,TRUE,0.538,0.981,11,-2.688,0,0.14,0.00662,0,0.219,0.711,101.414,4,metal,
Arctic Monkeys,Favourite Worst Nightmare,505,253586,FALSE,0.526,0.866,11,-5.822,1,0.0568,0.00287,7.78E-05,0.0945,0.248,140.266,4,rock,
Bad Bunny;Tainy,Un Verano Sin Ti,Callaita,250533,FALSE,0.608,0.626,11,-4.773,1,0.301,0.597,2.16E-06,0.25,0.246,176.086,4,latino,
347aidan,Dancing in My Room,Dancing in My Room,180138,TRUE,0.98,0.413,11,-11.052,0,0.101,0.671,7.95E-05,0.17,0.764,119.993,4,sad,
Sech;Daddy Yankee;J Balvin;ROSALÍA;Farruko,Relación (Remix),Relación - Remix,247308,FALSE,0.793,0.771,11,-3.417,1,0.0959,0.0337,1.51E-06,0.284,0.835,171.943,4,latino,
XXXTENTACION,?,Hope,110886,TRUE,0.592,0.457,11,-6.081,0,0.0603,0.661,0.000331,0.146,0.225,146.04,4,hip-hop,
Kate Bush,Hounds Of Love,Running Up That Hill (A Deal With God),298933,FALSE,0.629,0.547,11,-13.123,0,0.055,0.72,0.00314,0.0604,0.197,108.375,4,singer-songwriter,
J Balvin;Maria Becerra,JOSE,Qué Más Pues?,217360,FALSE,0.903,0.817,11,-3.972,1,0.095,0.0272,0.000311,0.242,0.732,102.014,4,reggae,
benny blanco;Halsey;Khalid,Eastside (with Halsey & Khalid),Eastside (with Halsey & Khalid),173799,FALSE,0.56,0.68,11,-7.648,0,0.321,0.555,0,0.116,0.319,89.391,4,electro,
XXXTENTACION,?,changes,121886,FALSE,0.669,0.308,11,-10.068,1,0.029,0.883,0,0.0984,0.52,64.934,4,emo,
XXXTENTACION,Revenge,I Don't Wanna Do This Anymore,87560,TRUE,0.433,0.778,11,-7.681,1,0.041,0.843,0,0.139,0.764,114.208,4,emo,
Liana Flores,recently,rises the moon,161929,FALSE,0.483,0.129,11,-20.149,0,0.0349,0.947,0.145,0.106,0.203,137.35,3,indie,
Adele,25,Love In The Dark,285935,FALSE,0.331,0.341,11,-6.057,0,0.0309,0.528,0,0.109,0.152,109.821,4,soul,
Hozier,Hozier,Take Me To Church,241688,FALSE,0.566,0.664,11,-5.303,0,0.0464,0.634,0,0.116,0.437,128.945,4,singer-songwriter,
The Fray,How To Save A Life,How to Save a Life,262533,FALSE,0.64,0.743,11,-4.08,1,0.0379,0.269,0,0.101,0.361,122.035,4,piano,
Red Hot Chili Peppers,Stadium Arcadium,Snow (Hey Oh),334666,FALSE,0.427,0.9,11,-3.674,1,0.0499,0.116,1.75E-05,0.119,0.599,104.655,4,funk,
Mark Morrison,Return of the Mack,Return of the Mack,213093,FALSE,0.715,0.833,11,-5.379,1,0.108,0.00631,0,0.164,0.612,95.487,4,soul,
Pink Floyd,The Wall,"Another Brick in the Wall, Pt. 2",238746,FALSE,0.693,0.394,11,-15.882,1,0.0428,0.0782,0.000694,0.247,0.721,104.114,4,psych-rock,
BLACKPINK,BORN PINK,Ready For Love,184677,FALSE,0.564,0.682,11,-6.688,1,0.113,0.0146,0,0.123,0.551,107.597,4,k-pop,
Daddy Yankee,Barrio Fino (Bonus Track Version),Gasolina,192600,FALSE,0.852,0.797,11,-6.543,1,0.0614,0.322,2.69E-06,0.0845,0.741,96.008,4,latin,
KAROL G,BICHOTA,BICHOTA,178946,TRUE,0.863,0.666,11,-4.158,0,0.152,0.212,0.000493,0.103,0.838,163.908,4,reggaeton,
Hot Shade;Mike Perry;Chris James,Dive,Dive,164490,FALSE,0.654,0.787,11,-4.999,1,0.0502,0.00515,0,0.144,0.409,123.979,4,edm,
Izzamuzzic;Julien Marchal,Shootout,Shootout,295308,FALSE,0.663,0.578,11,-9.079,1,0.0687,0.312,0.906,0.109,0.553,86.986,4,electro,
Halsey,hopeless fountain kingdom (Deluxe),Bad At Love,181279,FALSE,0.675,0.751,11,-3.539,1,0.0296,0.0604,0,0.0893,0.612,118.384,4,indie,
Foo Fighters,The Colour And The Shape,Everlong,250546,FALSE,0.413,0.881,11,-5.541,0,0.0367,5.99E-05,0.000308,0.0805,0.364,158.066,4,metal,
Arctic Monkeys,AM,R U Mine?,201726,FALSE,0.288,0.758,11,-5.692,0,0.0371,0.00616,0,0.303,0.619,97.094,4,rock,
PUBLIC,Make You Mine,Make You Mine,232906,FALSE,0.606,0.799,11,-4.452,1,0.0261,0.0128,0,0.15,0.638,103.014,4,indie,
Eagles,Hotel California (2013 Remaster),Hotel California - 2013 Remaster,391376,FALSE,0.579,0.508,11,-9.484,1,0.027,0.00574,0.000494,0.0575,0.609,147.125,4,singer-songwriter,
Santhosh Narayanan;Anirudh Ravichander,"Thenmozhi (From ""Thiruchitrambalam"")","Thenmozhi (From ""Thiruchitrambalam"")",173225,FALSE,0.764,0.532,11,-5.979,0,0.0491,0.598,0,0.26,0.859,123.95,4,pop,
VTORNIK;Phonk,Money Rain (Phonk Remix),Money Rain - Phonk Remix,150941,TRUE,0.936,0.791,11,-3.605,1,0.235,0.355,0.00628,0.168,0.746,102.02,4,hip-hop,
Blackstreet;Dr. Dre;Queen Pen,Another Level,No Diggity,304600,FALSE,0.867,0.646,11,-4.674,0,0.288,0.303,0,0.279,0.67,88.634,4,r-n-b,
KAROL G;Mariah Angeliq,KG0516,EL MAKINON,209160,FALSE,0.635,0.706,11,-3.224,0,0.125,0.256,0,0.108,0.443,88.863,4,reggaeton,
Billy Joel,An Innocent Man,Uptown Girl,197706,FALSE,0.701,0.944,11,-2.986,1,0.0455,0.0755,0,0.601,0.792,128.993,4,singer-songwriter,
Radiohead,OK Computer,No Surprises,229120,FALSE,0.255,0.393,11,-10.654,1,0.0278,0.0577,0.00361,0.113,0.118,76.426,4,alternative,
Nickelback,Silver Side Up,How You Remind Me,223840,FALSE,0.446,0.764,11,-5.042,1,0.033,0.00135,0,0.099,0.543,172.094,4,alt-rock,
Pixies,Death to the Pixies,Where Is My Mind?,229226,FALSE,0.513,0.442,11,-13.529,1,0.0343,0.00731,0.000838,0.0878,0.243,81.201,4,alt-rock,
Metallica,Metallica,Enter Sandman,331266,FALSE,0.577,0.828,11,-8.691,0,0.0298,0.00213,0.0114,0.0581,0.604,123.257,4,metal,
MEDUZA;Dermot Kennedy,Paradise,Paradise (feat. Dermot Kennedy),167903,FALSE,0.632,0.595,11,-7.644,0,0.0401,0.0689,0,0.209,0.435,124.114,4,house,
Ofenbach;Lagique,Wasted Love (feat. Lagique),Wasted Love (feat. Lagique),139563,FALSE,0.734,0.855,11,-4.578,0,0.135,0.0821,4.73E-06,0.0901,0.54,121.955,4,house,
KAROL G,SEJODIOTO,SEJODIOTO,181106,TRUE,0.822,0.736,11,-3.969,1,0.15,0.157,0.000781,0.0748,0.679,175.93,4,reggaeton,
Tiësto;Ava Max,The Motto,The Motto,164818,FALSE,0.754,0.763,11,-4.627,0,0.0435,0.0301,2.23E-05,0.0901,0.464,117.953,4,trance,
Alok;Zeeba;Bruno Martini,Hear Me Now (feat. Zeeba),Hear Me Now,194840,FALSE,0.778,0.463,11,-7.603,1,0.0389,0.546,0.00289,0.0731,0.496,121.999,4,house,
Buffalo Springfield,Buffalo Springfield,For What It's Worth,153693,FALSE,0.653,0.519,11,-10.164,1,0.0497,0.406,0.0209,0.101,0.822,98.883,4,folk,
Pixies,Surfer Rosa,Where Is My Mind? - Remastered,234973,FALSE,0.519,0.441,11,-14.178,1,0.0353,0.0204,0.000453,0.076,0.25,81.334,4,alternative,
Daft Punk;Pharrell Williams;Nile Rodgers,Get Lucky (feat. Pharrell Williams & Nile Rodgers) [Radio Edit],Get Lucky (feat. Pharrell Williams & Nile Rodgers) - Radio Edit,248413,FALSE,0.794,0.811,11,-8.966,0,0.038,0.0426,1.07E-06,0.101,0.862,116.047,4,house,
ENHYPEN,BORDER : CARNIVAL,Drunk-Dazed,193260,FALSE,0.599,0.869,11,-5.174,0,0.0618,0.000707,0,0.0911,0.453,132.889,4,k-pop,
BTS,BE,Dynamite,199053,FALSE,0.746,0.765,11,-4.41,0,0.0993,0.0112,0,0.0936,0.737,114.044,4,k-pop,
Olivia Rodrigo,SOUR,drivers license,242013,TRUE,0.561,0.431,11,-8.81,1,0.0578,0.768,1.42E-05,0.106,0.137,143.875,4,pop,
BTS,BE,Life Goes On,207481,FALSE,0.566,0.716,11,-5.733,1,0.0424,0.00691,0,0.37,0.45,81.068,4,k-pop,
3 Doors Down,The Better Life,Kryptonite,233933,FALSE,0.545,0.865,11,-5.708,0,0.0286,0.00664,1.10E-05,0.168,0.543,99.009,4,alt-rock,
Ellie Goulding;Speed Radio,Lights (Sped Up Version),Lights - Sped Up Version,190053,FALSE,0.653,0.836,11,-5.626,0,0.0457,0.0452,0.299,0.1,0.804,133.182,4,indie,
Clairo,Bubble Gum,Bubble Gum,175960,FALSE,0.509,0.0167,11,-24.639,1,0.115,0.979,2.72E-05,0.387,0.229,207.97,3,indie,
Shouse,Love Tonight,Love Tonight - Edit,241970,FALSE,0.727,0.681,11,-7.114,0,0.0265,0.00214,0.000307,0.0861,0.448,123.028,4,house,
A.R. Rahman;Madhushree,Vendhu Thanindhathu Kaadu (Original Motion Picture Soundtrack),Mallipoo,245365,FALSE,0.715,0.654,11,-7.266,1,0.336,0.196,0.000117,0.0667,0.762,175.589,3,pop-film,
Calvin Harris;Sam Smith;Jessie Reyez,Promises (with Sam Smith),Promises (with Sam Smith),213309,FALSE,0.781,0.768,11,-5.991,1,0.0394,0.0119,4.91E-06,0.325,0.486,123.07,4,progressive-house,
KALEO,A/B,Way down We Go,213706,FALSE,0.489,0.505,11,-8.022,0,0.117,0.579,0.000333,0.104,0.337,163.255,4,alternative,
Harry Styles,As It Was,As It Was,167303,FALSE,0.52,0.731,11,-5.338,0,0.0557,0.342,0.00101,0.311,0.662,173.93,4,pop,
The Beatles,Help! (Remastered),Yesterday - Remastered 2009,125666,FALSE,0.332,0.179,11,-11.83,1,0.0326,0.879,0,0.0886,0.315,96.529,4,rock,
Bad Bunny;Chencho Corleone,Un Verano Sin Ti,Me Porto Bonito,178567,TRUE,0.911,0.712,11,-5.105,0,0.0817,0.0901,2.68E-05,0.0933,0.425,92.005,4,reggae,
G-Eazy;Halsey,The Beautiful & Damned,Him & I (with Halsey),268866,TRUE,0.589,0.731,11,-6.343,1,0.0868,0.0534,0,0.308,0.191,87.908,4,hip-hop,
Dua Lipa,Future Nostalgia,Don't Start Now,183290,FALSE,0.793,0.793,11,-4.521,0,0.083,0.0123,0,0.0951,0.679,123.95,4,dance,
Bon Jovi,Slippery When Wet,Wanted Dead Or Alive,308666,FALSE,0.252,0.802,11,-3.976,1,0.0391,0.13,0.0146,0.309,0.253,150.056,4,metal,
Ellie Goulding,Fifty Shades Freed (Original Motion Picture Soundtrack),Love Me Like You Do,253520,FALSE,0.489,0.597,11,-6.633,0,0.0292,0.27,0,0.105,0.324,95.012,4,dance,
Maluma,PAPI JUANCHO,Hawái,199112,FALSE,0.783,0.727,11,-3.454,0,0.389,0.185,2.46E-05,0.0626,0.558,180.067,4,latino,
Led Zeppelin,Led Zeppelin III (Remaster),Immigrant Song - Remaster,146250,FALSE,0.564,0.932,11,-10.068,1,0.0554,0.013,0.169,0.349,0.619,112.937,4,hard-rock,
Glass Animals,Dreamland,Heat Waves,238805,FALSE,0.761,0.525,11,-6.9,1,0.0944,0.44,6.70E-06,0.0921,0.531,80.87,4,indie,
John Denver,"The John Denver Collection, Vol 1: Take Me Home Country Roads","Take Me Home, Country Roads",197813,FALSE,0.38,0.43,11,-12.564,1,0.0288,0.546,1.71E-05,0.188,0.547,82.204,4,singer-songwriter,
Swedish House Mafia;The Weeknd,Paradise Again,Moth To A Flame (with The Weeknd),234000,FALSE,0.553,0.659,11,-7.295,1,0.0391,0.0027,0,0.105,0.105,120.146,4,edm,
Fetty Wap,Fetty Wap (Deluxe),Trap Queen,222093,TRUE,0.746,0.873,11,-3.803,1,0.128,0.0244,0,0.354,0.817,148.075,4,j-dance,
Rauw Alejandro,VICE VERSA,Todo De Ti,199604,TRUE,0.78,0.719,11,-3.613,0,0.0506,0.302,0.000196,0.0931,0.336,127.962,4,latino,
BTS,BE,Life Goes On,207481,FALSE,0.566,0.716,11,-5.733,1,0.0424,0.00691,0,0.37,0.45,81.068,4,pop,
Luis Fonsi;Daddy Yankee,VIDA,Despacito,229360,FALSE,0.655,0.797,11,-4.787,1,0.153,0.198,0,0.067,0.839,177.928,4,pop,
Charlie Puth,Voicenotes,Attention,208786,FALSE,0.775,0.613,11,-4.586,0,0.0542,0.109,2.33E-05,0.134,0.797,100.066,4,dance,
The Righteous Brothers,Just Once In My Life,Unchained Melody,218013,FALSE,0.339,0.208,11,-16.725,1,0.0308,0.396,0.000519,0.18,0.288,98.54,3,r-n-b,
Bad Bunny,YHLQMDLG,Si Veo a Tu Mamá,170971,FALSE,0.9,0.603,11,-5.313,1,0.0646,0.402,4.81E-06,0.134,0.824,129.928,4,latino,
AC/DC,The Razors Edge,Thunderstruck,292880,FALSE,0.502,0.89,11,-5.175,1,0.0364,0.000147,0.0117,0.217,0.259,133.52,4,rock,
Loud Luxury;Brando,Body,Body,163216,FALSE,0.752,0.764,11,-4.399,1,0.038,0.0476,9.44E-05,0.0543,0.582,121.958,4,edm,
Billie Eilish,Happier Than Ever (Edit),Happier Than Ever - Edit,151444,TRUE,0.334,0.599,11,-5.742,1,0.0365,0.0468,0.000392,0.205,0.127,161.74,3,electro,
Adele,25,When We Were Young,290900,FALSE,0.376,0.595,11,-5.936,1,0.0496,0.303,0,0.095,0.265,144.361,4,british,
Anuv Jain,Baarishein,Baarishein,207309,FALSE,0.475,0.124,11,-9.463,1,0.0444,0.926,0,0.0972,0.19,94.42,4,indie,
Linkin Park,Hybrid Theory (Bonus Edition),In the End,216880,FALSE,0.556,0.864,11,-5.87,0,0.0584,0.00958,0,0.209,0.4,105.143,4,alternative,
Jasleen Royal;B Praak;Romy;Anvita Dutt,"Ranjha (From ""Shershaah"")","Ranjha (From ""Shershaah"")",228855,FALSE,0.603,0.573,11,-5.843,1,0.0502,0.478,0,0.0971,0.236,82.941,4,pop,
Linkin Park,Hybrid Theory (Bonus Edition),Papercut,184866,FALSE,0.524,0.939,11,-3.994,1,0.113,0.00022,0,0.623,0.661,150.184,4,grunge,
Fall Out Boy,Infinity On High,Thnks fr th Mmrs,203506,FALSE,0.459,0.891,11,-5.057,0,0.0623,0.00511,0,0.106,0.588,154.837,4,emo,
The Cardigans,First Band On The Moon (Remastered),Lovefool,193953,FALSE,0.704,0.636,11,-6.029,1,0.0252,0.0344,0,0.35,0.89,111.845,4,swedish,
Rauw Alejandro;Baby Rasta,PUNTO 40,PUNTO 40,190654,TRUE,0.873,0.826,11,-0.722,1,0.0876,0.00127,0.0361,0.311,0.201,106.972,4,latino,
Selena Gomez;Marshmello,Wolves,Wolves,197993,FALSE,0.724,0.804,11,-4.614,0,0.0448,0.124,0,0.204,0.306,124.987,4,dance,
Chuck Berry,Berry Is On Top,Johnny B. Goode,161560,FALSE,0.534,0.803,11,-9.129,1,0.0743,0.741,6.07E-05,0.307,0.969,167.983,4,blues,
J Balvin;Maria Becerra,Qué Más Pues?,Qué Más Pues?,217773,FALSE,0.891,0.819,11,-3.964,1,0.106,0.0261,0.000354,0.173,0.768,101.968,4,reggaeton,
Arctic Monkeys,AM,Snap Out Of It,193030,FALSE,0.728,0.638,11,-6.455,0,0.0336,0.249,0,0.116,0.872,130.014,4,indie,
Rammstein,Rammstein,Deutschland,322339,FALSE,0.521,0.895,11,-5.242,1,0.0442,5.54E-05,0.349,0.0985,0.237,120.117,4,alt-rock,
Pamungkas,Flying Solo,To the Bone,344571,FALSE,0.668,0.727,11,-6.55,0,0.027,0.514,1.90E-05,0.1,0.939,139.991,4,songwriter,
Julia Michaels;Niall Horan,Inner Monologue Part 1,What A Time (feat. Niall Horan),173306,FALSE,0.516,0.467,11,-6.184,1,0.0302,0.662,0,0.0853,0.386,132.861,4,electro,
Anuel AA;KAROL G,Secreto,Secreto,258800,FALSE,0.807,0.803,11,-4.156,1,0.126,0.602,0.00853,0.136,0.706,91.987,4,reggaeton,
Creedence Clearwater Revival,Pendulum (Expanded Edition),Have You Ever Seen The Rain,160133,FALSE,0.741,0.697,11,-7.028,1,0.0277,0.0664,2.28E-05,0.133,0.774,116.109,4,rock,
Marshmello;CHVRCHES,Here With Me,Here With Me,156346,FALSE,0.791,0.565,11,-3.933,0,0.0439,0.0623,0,0.156,0.181,99.961,4,house,
NEIKED;Mae Muller;Polo G,Better Days (NEIKED x Mae Muller x Polo G),Better Days (NEIKED x Mae Muller x Polo G),160656,FALSE,0.717,0.671,11,-5.077,0,0.0337,0.0018,2.54E-06,0.0921,0.699,110.054,4,dance,
Benson Boone,In The Stars,In The Stars,216410,FALSE,0.362,0.54,11,-6.031,1,0.0528,0.338,0,0.139,0.3,78.007,3,pop,
Akhil;Dhvani Bhanushali;Abhijit Vaghani;Bob,"Duniyaa (From ""Luka Chuppi"")","Duniyaa (From ""Luka Chuppi"")",222500,FALSE,0.435,0.658,11,-5.949,0,0.0368,0.699,0,0.125,0.524,77.17,4,hip-hop,
The Chainsmokers;Bebe Rexha,World War Joy,Call You Mine,217640,FALSE,0.585,0.696,11,-5.6,0,0.0307,0.204,0,0.344,0.522,104.01,4,electro,
Jay Wheeler;DJ Nelson;Myke Towers,Platónicos Mix (DJ Mix),La Curiosidad (feat. Myke Towers) - Mixed,93652,FALSE,0.809,0.752,11,-3.638,0,0.206,0.114,0.000187,0.303,0.858,92.14,4,latino,
Feid,Normal,Normal,171986,TRUE,0.712,0.557,11,-4.861,0,0.115,0.0397,0,0.27,0.594,170.079,4,reggaeton,
Nirvana,Nevermind (Remastered),Come As You Are,218920,FALSE,0.5,0.824,11,-5.846,0,0.0388,0.00016,0.00161,0.0916,0.539,120.125,4,rock,
Kygo;DNCE,Dancing Feet (feat. DNCE),Dancing Feet (feat. DNCE),215203,FALSE,0.75,0.797,11,-4.826,1,0.118,0.293,0,0.392,0.523,105.949,4,edm,
Led Zeppelin,Led Zeppelin IV (Deluxe Edition),Stairway to Heaven - Remaster,482830,FALSE,0.338,0.34,11,-12.049,0,0.0339,0.58,0.0032,0.116,0.197,82.433,4,rock,
Linkin Park,LIVING THINGS,BURN IT DOWN,230253,FALSE,0.585,0.972,11,-4.45,0,0.0534,0.0143,0,0.0707,0.585,110.006,4,grunge,
R.E.M.,Automatic For The People,Everybody Hurts,320266,FALSE,0.467,0.324,11,-10.451,1,0.0255,0.615,0.0248,0.118,0.166,94.301,3,alt-rock,
Olivia Rodrigo,SOUR,traitor,229226,FALSE,0.38,0.339,11,-7.885,1,0.0338,0.691,0,0.12,0.0849,100.607,4,pop,
Sam Smith,In The Lonely Hour,I'm Not The Only One,239316,FALSE,0.677,0.485,11,-5.795,1,0.0361,0.529,2.04E-05,0.0766,0.493,82.001,4,dance,
Shawn Mendes,Handwritten,Stitches,206880,FALSE,0.746,0.754,11,-6.684,1,0.0676,0.0152,0,0.0486,0.746,149.882,4,dance,
Silk City;Dua Lipa;Diplo;Mark Ronson,Electricity (with Dua Lipa),Electricity (with Dua Lipa),238173,FALSE,0.588,0.67,11,-6.439,1,0.0473,0.0104,3.33E-06,0.338,0.505,118.159,4,edm,
The Chainsmokers;Bebe Rexha,World War Joy,Call You Mine,217640,FALSE,0.585,0.696,11,-5.6,0,0.0307,0.204,0,0.344,0.522,104.01,4,dance,
Tom Rosenthal,Z-Sides,Lights Are On,193749,FALSE,0.44,0.04,11,-16.887,1,0.0322,0.981,0.465,0.111,0.249,135.965,4,british,
Myke Towers,Luces De Neón,Luces De Neón,219789,TRUE,0.747,0.619,11,-6.009,1,0.0588,0.0865,2.03E-05,0.103,0.567,94.98,4,latino,
The Police,Synchronicity (Remastered 2003),Every Breath You Take,253920,FALSE,0.82,0.452,11,-9.796,1,0.0348,0.543,0.00294,0.0714,0.74,117.401,4,rock,
Red Hot Chili Peppers,Californication (Deluxe Edition),Otherside,255373,FALSE,0.458,0.795,11,-3.265,1,0.0574,0.00316,0.000202,0.0756,0.513,123.229,4,alternative,